{
    "10в": {
        "Автобусный парк №2 - Социалистическая": {
            "Автобусный парк №2": {
                "id": "34519",
                "schedule": {
                    "пн": [
                        "13:47",
                        "18:10"
                    ],
                    "вт": [
                        "13:47",
                        "18:10"
                    ],
                    "ср": [
                        "13:47",
                        "18:10"
                    ],
                    "чт": [
                        "13:47",
                        "18:10"
                    ],
                    "пт": [
                        "13:47",
                        "18:10"
                    ],
                    "сб": [],
                    "вс": []
                }
            },
            "Сыродельный комбинат": {
                "id": "34413",
                "schedule": {
                    "пн": [
                        "13:49",
                        "18:12"
                    ],
                    "вт": [
                        "13:49",
                        "18:12"
                    ],
                    "ср": [
                        "13:49",
                        "18:12"
                    ],
                    "чт": [
                        "13:49",
                        "18:12"
                    ],
                    "пт": [
                        "13:49",
                        "18:12"
                    ],
                    "сб": [],
                    "вс": []
                }
            },
            "Майский посад": {
                "id": "34541",
                "schedule": {
                    "пн": [
                        "13:50",
                        "18:13"
                    ],
                    "вт": [
                        "13:50",
                        "18:13"
                    ],
                    "ср": [
                        "13:50",
                        "18:13"
                    ],
                    "чт": [
                        "13:50",
                        "18:13"
                    ],
                    "пт": [
                        "13:50",
                        "18:13"
                    ],
                    "сб": [],
                    "вс": []
                }
            },
            "Городок": {
                "id": "5376",
                "schedule": {
                    "пн": [
                        "13:52",
                        "18:15"
                    ],
                    "вт": [
                        "13:52",
                        "18:15"
                    ],
                    "ср": [
                        "13:52",
                        "18:15"
                    ],
                    "чт": [
                        "13:52",
                        "18:15"
                    ],
                    "пт": [
                        "13:52",
                        "18:15"
                    ],
                    "сб": [],
                    "вс": []
                }
            },
            "Школа № 2": {
                "id": "5429",
                "schedule": {
                    "пн": [
                        "13:53",
                        "18:16"
                    ],
                    "вт": [
                        "13:53",
                        "18:16"
                    ],
                    "ср": [
                        "13:53",
                        "18:16"
                    ],
                    "чт": [
                        "13:53",
                        "18:16"
                    ],
                    "пт": [
                        "13:53",
                        "18:16"
                    ],
                    "сб": [],
                    "вс": []
                }
            },
            "Медицинский колледж": {
                "id": "5537",
                "schedule": {
                    "пн": [
                        "13:55",
                        "18:18"
                    ],
                    "вт": [
                        "13:55",
                        "18:18"
                    ],
                    "ср": [
                        "13:55",
                        "18:18"
                    ],
                    "чт": [
                        "13:55",
                        "18:18"
                    ],
                    "пт": [
                        "13:55",
                        "18:18"
                    ],
                    "сб": [],
                    "вс": []
                }
            },
            "Рынок": {
                "id": "5584",
                "schedule": {
                    "пн": [
                        "13:58",
                        "18:21"
                    ],
                    "вт": [
                        "13:58",
                        "18:21"
                    ],
                    "ср": [
                        "13:58",
                        "18:21"
                    ],
                    "чт": [
                        "13:58",
                        "18:21"
                    ],
                    "пт": [
                        "13:58",
                        "18:21"
                    ],
                    "сб": [],
                    "вс": []
                }
            },
            "Аптека № 80": {
                "id": "5553",
                "schedule": {
                    "пн": [
                        "14:00",
                        "18:23"
                    ],
                    "вт": [
                        "14:00",
                        "18:23"
                    ],
                    "ср": [
                        "14:00",
                        "18:23"
                    ],
                    "чт": [
                        "14:00",
                        "18:23"
                    ],
                    "пт": [
                        "14:00",
                        "18:23"
                    ],
                    "сб": [],
                    "вс": []
                }
            },
            "Дом культуры": {
                "id": "5451",
                "schedule": {
                    "пн": [
                        "14:02",
                        "18:25"
                    ],
                    "вт": [
                        "14:02",
                        "18:25"
                    ],
                    "ср": [
                        "14:02",
                        "18:25"
                    ],
                    "чт": [
                        "14:02",
                        "18:25"
                    ],
                    "пт": [
                        "14:02",
                        "18:25"
                    ],
                    "сб": [],
                    "вс": []
                }
            },
            "Молодёжный центр": {
                "id": "5608",
                "schedule": {
                    "пн": [
                        "14:04",
                        "18:27"
                    ],
                    "вт": [
                        "14:04",
                        "18:27"
                    ],
                    "ср": [
                        "14:04",
                        "18:27"
                    ],
                    "чт": [
                        "14:04",
                        "18:27"
                    ],
                    "пт": [
                        "14:04",
                        "18:27"
                    ],
                    "сб": [],
                    "вс": []
                }
            },
            "Советская": {
                "id": "5432",
                "schedule": {
                    "пн": [
                        "14:06",
                        "18:29"
                    ],
                    "вт": [
                        "14:06",
                        "18:29"
                    ],
                    "ср": [
                        "14:06",
                        "18:29"
                    ],
                    "чт": [
                        "14:06",
                        "18:29"
                    ],
                    "пт": [
                        "14:06",
                        "18:29"
                    ],
                    "сб": [],
                    "вс": []
                }
            },
            "Пушкина": {
                "id": "5529",
                "schedule": {
                    "пн": [
                        "14:08",
                        "18:31"
                    ],
                    "вт": [
                        "14:08",
                        "18:31"
                    ],
                    "ср": [
                        "14:08",
                        "18:31"
                    ],
                    "чт": [
                        "14:08",
                        "18:31"
                    ],
                    "пт": [
                        "14:08",
                        "18:31"
                    ],
                    "сб": [],
                    "вс": []
                }
            },
            "Суворова": {
                "id": "5505",
                "schedule": {
                    "пн": [
                        "14:09",
                        "18:32"
                    ],
                    "вт": [
                        "14:09",
                        "18:32"
                    ],
                    "ср": [
                        "14:09",
                        "18:32"
                    ],
                    "чт": [
                        "14:09",
                        "18:32"
                    ],
                    "пт": [
                        "14:09",
                        "18:32"
                    ],
                    "сб": [],
                    "вс": []
                }
            },
            "Школа № 9": {
                "id": "5525",
                "schedule": {
                    "пн": [
                        "14:11",
                        "18:34"
                    ],
                    "вт": [
                        "14:11",
                        "18:34"
                    ],
                    "ср": [
                        "14:11",
                        "18:34"
                    ],
                    "чт": [
                        "14:11",
                        "18:34"
                    ],
                    "пт": [
                        "14:11",
                        "18:34"
                    ],
                    "сб": [],
                    "вс": []
                }
            },
            "14-й городок": {
                "id": "5378",
                "schedule": {
                    "пн": [
                        "14:13",
                        "18:36"
                    ],
                    "вт": [
                        "14:13",
                        "18:36"
                    ],
                    "ср": [
                        "14:13",
                        "18:36"
                    ],
                    "чт": [
                        "14:13",
                        "18:36"
                    ],
                    "пт": [
                        "14:13",
                        "18:36"
                    ],
                    "сб": [],
                    "вс": []
                }
            },
            "ДОСААФ": {
                "id": "5527",
                "schedule": {
                    "пн": [
                        "14:16",
                        "18:39"
                    ],
                    "вт": [
                        "14:16",
                        "18:39"
                    ],
                    "ср": [
                        "14:16",
                        "18:39"
                    ],
                    "чт": [
                        "14:16",
                        "18:39"
                    ],
                    "пт": [
                        "14:16",
                        "18:39"
                    ],
                    "сб": [],
                    "вс": []
                }
            },
            "Социалистическая": {
                "id": "5631",
                "schedule": {
                    "пн": [
                        "14:18",
                        "18:41"
                    ],
                    "вт": [
                        "14:18",
                        "18:41"
                    ],
                    "ср": [
                        "14:18",
                        "18:41"
                    ],
                    "чт": [
                        "14:18",
                        "18:41"
                    ],
                    "пт": [
                        "14:18",
                        "18:41"
                    ],
                    "сб": [],
                    "вс": []
                }
            }
        },
        "Социалистическая - Автобусный парк №2": {
            "Социалистическая": {
                "id": "5631",
                "schedule": {
                    "пн": [
                        "08:12"
                    ],
                    "вт": [
                        "08:12"
                    ],
                    "ср": [
                        "08:12"
                    ],
                    "чт": [
                        "08:12"
                    ],
                    "пт": [
                        "08:12"
                    ],
                    "сб": [],
                    "вс": []
                }
            },
            "ДОСААФ": {
                "id": "5418",
                "schedule": {
                    "пн": [
                        "08:14"
                    ],
                    "вт": [
                        "08:14"
                    ],
                    "ср": [
                        "08:14"
                    ],
                    "чт": [
                        "08:14"
                    ],
                    "пт": [
                        "08:14"
                    ],
                    "сб": [],
                    "вс": []
                }
            },
            "Школа № 9": {
                "id": "53612",
                "schedule": {
                    "пн": [
                        "08:19"
                    ],
                    "вт": [
                        "08:19"
                    ],
                    "ср": [
                        "08:19"
                    ],
                    "чт": [
                        "08:19"
                    ],
                    "пт": [
                        "08:19"
                    ],
                    "сб": [],
                    "вс": []
                }
            },
            "14-й городок": {
                "id": "5378",
                "schedule": {
                    "пн": [
                        "08:17"
                    ],
                    "вт": [
                        "08:17"
                    ],
                    "ср": [
                        "08:17"
                    ],
                    "чт": [
                        "08:17"
                    ],
                    "пт": [
                        "08:17"
                    ],
                    "сб": [],
                    "вс": []
                }
            },
            "Суворова": {
                "id": "5577",
                "schedule": {
                    "пн": [
                        "08:21"
                    ],
                    "вт": [
                        "08:21"
                    ],
                    "ср": [
                        "08:21"
                    ],
                    "чт": [
                        "08:21"
                    ],
                    "пт": [
                        "08:21"
                    ],
                    "сб": [],
                    "вс": []
                }
            },
            "Пушкина": {
                "id": "5585",
                "schedule": {
                    "пн": [
                        "08:22"
                    ],
                    "вт": [
                        "08:22"
                    ],
                    "ср": [
                        "08:22"
                    ],
                    "чт": [
                        "08:22"
                    ],
                    "пт": [
                        "08:22"
                    ],
                    "сб": [],
                    "вс": []
                }
            },
            "Советская": {
                "id": "5547",
                "schedule": {
                    "пн": [
                        "08:24"
                    ],
                    "вт": [
                        "08:24"
                    ],
                    "ср": [
                        "08:24"
                    ],
                    "чт": [
                        "08:24"
                    ],
                    "пт": [
                        "08:24"
                    ],
                    "сб": [],
                    "вс": []
                }
            },
            "Молодёжный центр": {
                "id": "5503",
                "schedule": {
                    "пн": [
                        "08:26"
                    ],
                    "вт": [
                        "08:26"
                    ],
                    "ср": [
                        "08:26"
                    ],
                    "чт": [
                        "08:26"
                    ],
                    "пт": [
                        "08:26"
                    ],
                    "сб": [],
                    "вс": []
                }
            },
            "Дом культуры": {
                "id": "5384",
                "schedule": {
                    "пн": [
                        "08:28"
                    ],
                    "вт": [
                        "08:28"
                    ],
                    "ср": [
                        "08:28"
                    ],
                    "чт": [
                        "08:28"
                    ],
                    "пт": [
                        "08:28"
                    ],
                    "сб": [],
                    "вс": []
                }
            },
            "Копыльская": {
                "id": "5513",
                "schedule": {
                    "пн": [
                        "08:30"
                    ],
                    "вт": [
                        "08:30"
                    ],
                    "ср": [
                        "08:30"
                    ],
                    "чт": [
                        "08:30"
                    ],
                    "пт": [
                        "08:30"
                    ],
                    "сб": [],
                    "вс": []
                }
            },
            "Рынок": {
                "id": "5596",
                "schedule": {
                    "пн": [
                        "08:32"
                    ],
                    "вт": [
                        "08:32"
                    ],
                    "ср": [
                        "08:32"
                    ],
                    "чт": [
                        "08:32"
                    ],
                    "пт": [
                        "08:32"
                    ],
                    "сб": [],
                    "вс": []
                }
            },
            "Медицинский колледж": {
                "id": "5626",
                "schedule": {
                    "пн": [
                        "08:35"
                    ],
                    "вт": [
                        "08:35"
                    ],
                    "ср": [
                        "08:35"
                    ],
                    "чт": [
                        "08:35"
                    ],
                    "пт": [
                        "08:35"
                    ],
                    "сб": [],
                    "вс": []
                }
            },
            "Школа № 2": {
                "id": "5562",
                "schedule": {
                    "пн": [
                        "08:37"
                    ],
                    "вт": [
                        "08:37"
                    ],
                    "ср": [
                        "08:37"
                    ],
                    "чт": [
                        "08:37"
                    ],
                    "пт": [
                        "08:37"
                    ],
                    "сб": [],
                    "вс": []
                }
            },
            "Городок": {
                "id": "34466",
                "schedule": {
                    "пн": [
                        "08:38"
                    ],
                    "вт": [
                        "08:38"
                    ],
                    "ср": [
                        "08:38"
                    ],
                    "чт": [
                        "08:38"
                    ],
                    "пт": [
                        "08:38"
                    ],
                    "сб": [],
                    "вс": []
                }
            },
            "Майский посад": {
                "id": "34478",
                "schedule": {
                    "пн": [
                        "08:39"
                    ],
                    "вт": [
                        "08:39"
                    ],
                    "ср": [
                        "08:39"
                    ],
                    "чт": [
                        "08:39"
                    ],
                    "пт": [
                        "08:39"
                    ],
                    "сб": [],
                    "вс": []
                }
            },
            "Сыродельный комбинат": {
                "id": "34503",
                "schedule": {
                    "пн": [
                        "08:41"
                    ],
                    "вт": [
                        "08:41"
                    ],
                    "ср": [
                        "08:41"
                    ],
                    "чт": [
                        "08:41"
                    ],
                    "пт": [
                        "08:41"
                    ],
                    "сб": [],
                    "вс": []
                }
            },
            "Автобусный парк №2": {
                "id": "34519",
                "schedule": {
                    "пн": [
                        "08:43"
                    ],
                    "вт": [
                        "08:43"
                    ],
                    "ср": [
                        "08:43"
                    ],
                    "чт": [
                        "08:43"
                    ],
                    "пт": [
                        "08:43"
                    ],
                    "сб": [],
                    "вс": []
                }
            }
        }
    }
}