{
    "10н": {
        "Автобусный парк №2 - Социалистическая": {
            "Автобусный парк №2": {
                "id": "34519",
                "schedule": {
                    "пн": [
                        "03:35",
                        "04:14",
                        "04:42",
                        "05:14",
                        "05:48"
                    ],
                    "вт": [
                        "03:35",
                        "04:14",
                        "04:42",
                        "05:14",
                        "05:48"
                    ],
                    "ср": [
                        "03:35",
                        "04:14",
                        "04:42",
                        "05:14",
                        "05:48"
                    ],
                    "чт": [
                        "03:35",
                        "04:14",
                        "04:42",
                        "05:14",
                        "05:48"
                    ],
                    "пт": [
                        "03:35",
                        "04:14",
                        "04:42",
                        "05:14",
                        "05:48"
                    ],
                    "сб": [
                        "03:35",
                        "04:14",
                        "04:42",
                        "05:14",
                        "05:48"
                    ],
                    "вс": [
                        "03:35",
                        "04:14",
                        "04:42",
                        "05:14",
                        "05:48"
                    ]
                }
            },
            "Сыродельный комбинат": {
                "id": "34413",
                "schedule": {
                    "пн": [
                        "03:36",
                        "04:15",
                        "04:43",
                        "05:15",
                        "05:49"
                    ],
                    "вт": [
                        "03:36",
                        "04:15",
                        "04:43",
                        "05:15",
                        "05:49"
                    ],
                    "ср": [
                        "03:36",
                        "04:15",
                        "04:43",
                        "05:15",
                        "05:49"
                    ],
                    "чт": [
                        "03:36",
                        "04:15",
                        "04:43",
                        "05:15",
                        "05:49"
                    ],
                    "пт": [
                        "03:36",
                        "04:15",
                        "04:43",
                        "05:15",
                        "05:49"
                    ],
                    "сб": [
                        "03:36",
                        "04:15",
                        "04:43",
                        "05:15",
                        "05:49"
                    ],
                    "вс": [
                        "03:36",
                        "04:15",
                        "04:43",
                        "05:15",
                        "05:49"
                    ]
                }
            },
            "Майский посад": {
                "id": "34541",
                "schedule": {
                    "пн": [
                        "03:37",
                        "04:16",
                        "04:44",
                        "05:16",
                        "05:50"
                    ],
                    "вт": [
                        "03:37",
                        "04:16",
                        "04:44",
                        "05:16",
                        "05:50"
                    ],
                    "ср": [
                        "03:37",
                        "04:16",
                        "04:44",
                        "05:16",
                        "05:50"
                    ],
                    "чт": [
                        "03:37",
                        "04:16",
                        "04:44",
                        "05:16",
                        "05:50"
                    ],
                    "пт": [
                        "03:37",
                        "04:16",
                        "04:44",
                        "05:16",
                        "05:50"
                    ],
                    "сб": [
                        "03:37",
                        "04:16",
                        "04:44",
                        "05:16",
                        "05:50"
                    ],
                    "вс": [
                        "03:37",
                        "04:16",
                        "04:44",
                        "05:16",
                        "05:50"
                    ]
                }
            },
            "Городок": {
                "id": "5376",
                "schedule": {
                    "пн": [
                        "03:38",
                        "04:17",
                        "04:45",
                        "05:17",
                        "05:51"
                    ],
                    "вт": [
                        "03:38",
                        "04:17",
                        "04:45",
                        "05:17",
                        "05:51"
                    ],
                    "ср": [
                        "03:38",
                        "04:17",
                        "04:45",
                        "05:17",
                        "05:51"
                    ],
                    "чт": [
                        "03:38",
                        "04:17",
                        "04:45",
                        "05:17",
                        "05:51"
                    ],
                    "пт": [
                        "03:38",
                        "04:17",
                        "04:45",
                        "05:17",
                        "05:51"
                    ],
                    "сб": [
                        "03:38",
                        "04:17",
                        "04:45",
                        "05:17",
                        "05:51"
                    ],
                    "вс": [
                        "03:38",
                        "04:17",
                        "04:45",
                        "05:17",
                        "05:51"
                    ]
                }
            },
            "Школа № 2": {
                "id": "5429",
                "schedule": {
                    "пн": [
                        "03:39",
                        "04:18",
                        "04:46",
                        "05:18",
                        "05:52"
                    ],
                    "вт": [
                        "03:39",
                        "04:18",
                        "04:46",
                        "05:18",
                        "05:52"
                    ],
                    "ср": [
                        "03:39",
                        "04:18",
                        "04:46",
                        "05:18",
                        "05:52"
                    ],
                    "чт": [
                        "03:39",
                        "04:18",
                        "04:46",
                        "05:18",
                        "05:52"
                    ],
                    "пт": [
                        "03:39",
                        "04:18",
                        "04:46",
                        "05:18",
                        "05:52"
                    ],
                    "сб": [
                        "03:39",
                        "04:18",
                        "04:46",
                        "05:18",
                        "05:52"
                    ],
                    "вс": [
                        "03:39",
                        "04:18",
                        "04:46",
                        "05:18",
                        "05:52"
                    ]
                }
            },
            "Медицинский колледж": {
                "id": "5537",
                "schedule": {
                    "пн": [
                        "03:41",
                        "04:20",
                        "04:48",
                        "05:20",
                        "05:54"
                    ],
                    "вт": [
                        "03:41",
                        "04:20",
                        "04:48",
                        "05:20",
                        "05:54"
                    ],
                    "ср": [
                        "03:41",
                        "04:20",
                        "04:48",
                        "05:20",
                        "05:54"
                    ],
                    "чт": [
                        "03:41",
                        "04:20",
                        "04:48",
                        "05:20",
                        "05:54"
                    ],
                    "пт": [
                        "03:41",
                        "04:20",
                        "04:48",
                        "05:20",
                        "05:54"
                    ],
                    "сб": [
                        "03:41",
                        "04:20",
                        "04:48",
                        "05:20",
                        "05:54"
                    ],
                    "вс": [
                        "03:41",
                        "04:20",
                        "04:48",
                        "05:20",
                        "05:54"
                    ]
                }
            },
            "Рынок": {
                "id": "5584",
                "schedule": {
                    "пн": [
                        "03:43",
                        "04:22",
                        "04:50",
                        "05:22",
                        "05:56"
                    ],
                    "вт": [
                        "03:43",
                        "04:22",
                        "04:50",
                        "05:22",
                        "05:56"
                    ],
                    "ср": [
                        "03:43",
                        "04:22",
                        "04:50",
                        "05:22",
                        "05:56"
                    ],
                    "чт": [
                        "03:43",
                        "04:22",
                        "04:50",
                        "05:22",
                        "05:56"
                    ],
                    "пт": [
                        "03:43",
                        "04:22",
                        "04:50",
                        "05:22",
                        "05:56"
                    ],
                    "сб": [
                        "03:43",
                        "04:22",
                        "04:50",
                        "05:22",
                        "05:56"
                    ],
                    "вс": [
                        "03:43",
                        "04:22",
                        "04:50",
                        "05:22",
                        "05:56"
                    ]
                }
            },
            "Аптека № 80": {
                "id": "5553",
                "schedule": {
                    "пн": [
                        "03:45",
                        "04:24",
                        "04:52",
                        "05:24",
                        "05:58"
                    ],
                    "вт": [
                        "03:45",
                        "04:24",
                        "04:52",
                        "05:24",
                        "05:58"
                    ],
                    "ср": [
                        "03:45",
                        "04:24",
                        "04:52",
                        "05:24",
                        "05:58"
                    ],
                    "чт": [
                        "03:45",
                        "04:24",
                        "04:52",
                        "05:24",
                        "05:58"
                    ],
                    "пт": [
                        "03:45",
                        "04:24",
                        "04:52",
                        "05:24",
                        "05:58"
                    ],
                    "сб": [
                        "03:45",
                        "04:24",
                        "04:52",
                        "05:24",
                        "05:58"
                    ],
                    "вс": [
                        "03:45",
                        "04:24",
                        "04:52",
                        "05:24",
                        "05:58"
                    ]
                }
            },
            "Дом культуры": {
                "id": "5451",
                "schedule": {
                    "пн": [
                        "03:47",
                        "04:26",
                        "04:54",
                        "05:26",
                        "06:00"
                    ],
                    "вт": [
                        "03:47",
                        "04:26",
                        "04:54",
                        "05:26",
                        "06:00"
                    ],
                    "ср": [
                        "03:47",
                        "04:26",
                        "04:54",
                        "05:26",
                        "06:00"
                    ],
                    "чт": [
                        "03:47",
                        "04:26",
                        "04:54",
                        "05:26",
                        "06:00"
                    ],
                    "пт": [
                        "03:47",
                        "04:26",
                        "04:54",
                        "05:26",
                        "06:00"
                    ],
                    "сб": [
                        "03:47",
                        "04:26",
                        "04:54",
                        "05:26",
                        "06:00"
                    ],
                    "вс": [
                        "03:47",
                        "04:26",
                        "04:54",
                        "05:26",
                        "06:00"
                    ]
                }
            },
            "Молодёжный центр": {
                "id": "5629",
                "schedule": {
                    "пн": [
                        "03:49",
                        "04:28",
                        "04:56",
                        "05:28",
                        "06:02"
                    ],
                    "вт": [
                        "03:49",
                        "04:28",
                        "04:56",
                        "05:28",
                        "06:02"
                    ],
                    "ср": [
                        "03:49",
                        "04:28",
                        "04:56",
                        "05:28",
                        "06:02"
                    ],
                    "чт": [
                        "03:49",
                        "04:28",
                        "04:56",
                        "05:28",
                        "06:02"
                    ],
                    "пт": [
                        "03:49",
                        "04:28",
                        "04:56",
                        "05:28",
                        "06:02"
                    ],
                    "сб": [
                        "03:49",
                        "04:28",
                        "04:56",
                        "05:28",
                        "06:02"
                    ],
                    "вс": [
                        "03:49",
                        "04:28",
                        "04:56",
                        "05:28",
                        "06:02"
                    ]
                }
            },
            "Центр соцобслуживания": {
                "id": "5477",
                "schedule": {
                    "пн": [
                        "03:50",
                        "04:29",
                        "04:57",
                        "05:29",
                        "06:03"
                    ],
                    "вт": [
                        "03:50",
                        "04:29",
                        "04:57",
                        "05:29",
                        "06:03"
                    ],
                    "ср": [
                        "03:50",
                        "04:29",
                        "04:57",
                        "05:29",
                        "06:03"
                    ],
                    "чт": [
                        "03:50",
                        "04:29",
                        "04:57",
                        "05:29",
                        "06:03"
                    ],
                    "пт": [
                        "03:50",
                        "04:29",
                        "04:57",
                        "05:29",
                        "06:03"
                    ],
                    "сб": [
                        "03:50",
                        "04:29",
                        "04:57",
                        "05:29",
                        "06:03"
                    ],
                    "вс": [
                        "03:50",
                        "04:29",
                        "04:57",
                        "05:29",
                        "06:03"
                    ]
                }
            },
            "Садовый проезд": {
                "id": "5621",
                "schedule": {
                    "пн": [
                        "03:51",
                        "04:30",
                        "04:58",
                        "05:30",
                        "06:04"
                    ],
                    "вт": [
                        "03:51",
                        "04:30",
                        "04:58",
                        "05:30",
                        "06:04"
                    ],
                    "ср": [
                        "03:51",
                        "04:30",
                        "04:58",
                        "05:30",
                        "06:04"
                    ],
                    "чт": [
                        "03:51",
                        "04:30",
                        "04:58",
                        "05:30",
                        "06:04"
                    ],
                    "пт": [
                        "03:51",
                        "04:30",
                        "04:58",
                        "05:30",
                        "06:04"
                    ],
                    "сб": [
                        "03:51",
                        "04:30",
                        "04:58",
                        "05:30",
                        "06:04"
                    ],
                    "вс": [
                        "03:51",
                        "04:30",
                        "04:58",
                        "05:30",
                        "06:04"
                    ]
                }
            },
            "Собор Архангела Михаила": {
                "id": "5433",
                "schedule": {
                    "пн": [
                        "03:52",
                        "04:31",
                        "04:59",
                        "05:31",
                        "06:05"
                    ],
                    "вт": [
                        "03:52",
                        "04:31",
                        "04:59",
                        "05:31",
                        "06:05"
                    ],
                    "ср": [
                        "03:52",
                        "04:31",
                        "04:59",
                        "05:31",
                        "06:05"
                    ],
                    "чт": [
                        "03:52",
                        "04:31",
                        "04:59",
                        "05:31",
                        "06:05"
                    ],
                    "пт": [
                        "03:52",
                        "04:31",
                        "04:59",
                        "05:31",
                        "06:05"
                    ],
                    "сб": [
                        "03:52",
                        "04:31",
                        "04:59",
                        "05:31",
                        "06:05"
                    ],
                    "вс": [
                        "03:52",
                        "04:31",
                        "04:59",
                        "05:31",
                        "06:05"
                    ]
                }
            },
            "Школа № 8": {
                "id": "5623",
                "schedule": {
                    "пн": [
                        "03:53",
                        "04:32",
                        "05:00",
                        "05:32",
                        "06:06"
                    ],
                    "вт": [
                        "03:53",
                        "04:32",
                        "05:00",
                        "05:32",
                        "06:06"
                    ],
                    "ср": [
                        "03:53",
                        "04:32",
                        "05:00",
                        "05:32",
                        "06:06"
                    ],
                    "чт": [
                        "03:53",
                        "04:32",
                        "05:00",
                        "05:32",
                        "06:06"
                    ],
                    "пт": [
                        "03:53",
                        "04:32",
                        "05:00",
                        "05:32",
                        "06:06"
                    ],
                    "сб": [
                        "03:53",
                        "04:32",
                        "05:00",
                        "05:32",
                        "06:06"
                    ],
                    "вс": [
                        "03:53",
                        "04:32",
                        "05:00",
                        "05:32",
                        "06:06"
                    ]
                }
            },
            "Торговый центр": {
                "id": "5543",
                "schedule": {
                    "пн": [
                        "03:54",
                        "04:33",
                        "05:01",
                        "05:33",
                        "06:07"
                    ],
                    "вт": [
                        "03:54",
                        "04:33",
                        "05:01",
                        "05:33",
                        "06:07"
                    ],
                    "ср": [
                        "03:54",
                        "04:33",
                        "05:01",
                        "05:33",
                        "06:07"
                    ],
                    "чт": [
                        "03:54",
                        "04:33",
                        "05:01",
                        "05:33",
                        "06:07"
                    ],
                    "пт": [
                        "03:54",
                        "04:33",
                        "05:01",
                        "05:33",
                        "06:07"
                    ],
                    "сб": [
                        "03:54",
                        "04:33",
                        "05:01",
                        "05:33",
                        "06:07"
                    ],
                    "вс": [
                        "03:54",
                        "04:33",
                        "05:01",
                        "05:33",
                        "06:07"
                    ]
                }
            },
            "Социалистическая": {
                "id": "5631",
                "schedule": {
                    "пн": [
                        "03:55",
                        "04:34",
                        "05:02",
                        "05:34",
                        "06:08"
                    ],
                    "вт": [
                        "03:55",
                        "04:34",
                        "05:02",
                        "05:34",
                        "06:08"
                    ],
                    "ср": [
                        "03:55",
                        "04:34",
                        "05:02",
                        "05:34",
                        "06:08"
                    ],
                    "чт": [
                        "03:55",
                        "04:34",
                        "05:02",
                        "05:34",
                        "06:08"
                    ],
                    "пт": [
                        "03:55",
                        "04:34",
                        "05:02",
                        "05:34",
                        "06:08"
                    ],
                    "сб": [
                        "03:55",
                        "04:34",
                        "05:02",
                        "05:34",
                        "06:08"
                    ],
                    "вс": [
                        "03:55",
                        "04:34",
                        "05:02",
                        "05:34",
                        "06:08"
                    ]
                }
            }
        },
        "": {}
    }
}