{
    "12": {
        "СЭС - ССК": {
            "СЭС": {
                "id": "64513",
                "schedule": {
                    "пн": [
                        "06:45",
                        "08:04",
                        "16:12"
                    ],
                    "вт": [
                        "06:45",
                        "08:04",
                        "16:12"
                    ],
                    "ср": [
                        "06:45",
                        "08:04",
                        "16:12"
                    ],
                    "чт": [
                        "06:45",
                        "08:04",
                        "16:12"
                    ],
                    "пт": [
                        "06:45",
                        "08:04",
                        "16:12"
                    ],
                    "сб": [],
                    "вс": []
                }
            },
            "Поселковая": {
                "id": "64622",
                "schedule": {
                    "пн": [
                        "06:49",
                        "08:08",
                        "16:16"
                    ],
                    "вт": [
                        "06:49",
                        "08:08",
                        "16:16"
                    ],
                    "ср": [
                        "06:49",
                        "08:08",
                        "16:16"
                    ],
                    "чт": [
                        "06:49",
                        "08:08",
                        "16:16"
                    ],
                    "пт": [
                        "06:49",
                        "08:08",
                        "16:16"
                    ],
                    "сб": [],
                    "вс": []
                }
            },
            "Гаспадарчая": {
                "id": "64598",
                "schedule": {
                    "пн": [
                        "06:50",
                        "08:09",
                        "16:17"
                    ],
                    "вт": [
                        "06:50",
                        "08:09",
                        "16:17"
                    ],
                    "ср": [
                        "06:50",
                        "08:09",
                        "16:17"
                    ],
                    "чт": [
                        "06:50",
                        "08:09",
                        "16:17"
                    ],
                    "пт": [
                        "06:50",
                        "08:09",
                        "16:17"
                    ],
                    "сб": [],
                    "вс": []
                }
            },
            "Водоканал": {
                "id": "5555",
                "schedule": {
                    "пн": [
                        "06:51",
                        "08:10",
                        "16:18"
                    ],
                    "вт": [
                        "06:51",
                        "08:10",
                        "16:18"
                    ],
                    "ср": [
                        "06:51",
                        "08:10",
                        "16:18"
                    ],
                    "чт": [
                        "06:51",
                        "08:10",
                        "16:18"
                    ],
                    "пт": [
                        "06:51",
                        "08:10",
                        "16:18"
                    ],
                    "сб": [],
                    "вс": []
                }
            },
            "Крановый завод": {
                "id": "5460",
                "schedule": {
                    "пн": [
                        "06:52",
                        "08:11",
                        "16:19"
                    ],
                    "вт": [
                        "06:52",
                        "08:11",
                        "16:19"
                    ],
                    "ср": [
                        "06:52",
                        "08:11",
                        "16:19"
                    ],
                    "чт": [
                        "06:52",
                        "08:11",
                        "16:19"
                    ],
                    "пт": [
                        "06:52",
                        "08:11",
                        "16:19"
                    ],
                    "сб": [],
                    "вс": []
                }
            },
            "Автовокзал": {
                "id": "5601",
                "schedule": {
                    "пн": [
                        "06:54",
                        "08:13",
                        "16:21"
                    ],
                    "вт": [
                        "06:54",
                        "08:13",
                        "16:21"
                    ],
                    "ср": [
                        "06:54",
                        "08:13",
                        "16:21"
                    ],
                    "чт": [
                        "06:54",
                        "08:13",
                        "16:21"
                    ],
                    "пт": [
                        "06:54",
                        "08:13",
                        "16:21"
                    ],
                    "сб": [],
                    "вс": []
                }
            },
            "Магазин стройматериалов": {
                "id": "5441",
                "schedule": {
                    "пн": [
                        "06:56",
                        "08:15",
                        "16:23"
                    ],
                    "вт": [
                        "06:56",
                        "08:15",
                        "16:23"
                    ],
                    "ср": [
                        "06:56",
                        "08:15",
                        "16:23"
                    ],
                    "чт": [
                        "06:56",
                        "08:15",
                        "16:23"
                    ],
                    "пт": [
                        "06:56",
                        "08:15",
                        "16:23"
                    ],
                    "сб": [],
                    "вс": []
                }
            },
            "Рынок": {
                "id": "5584",
                "schedule": {
                    "пн": [
                        "06:58",
                        "08:17",
                        "16:25"
                    ],
                    "вт": [
                        "06:58",
                        "08:17",
                        "16:25"
                    ],
                    "ср": [
                        "06:58",
                        "08:17",
                        "16:25"
                    ],
                    "чт": [
                        "06:58",
                        "08:17",
                        "16:25"
                    ],
                    "пт": [
                        "06:58",
                        "08:17",
                        "16:25"
                    ],
                    "сб": [],
                    "вс": []
                }
            },
            "Аптека № 80": {
                "id": "5553",
                "schedule": {
                    "пн": [
                        "07:00",
                        "08:19",
                        "16:27"
                    ],
                    "вт": [
                        "07:00",
                        "08:19",
                        "16:27"
                    ],
                    "ср": [
                        "07:00",
                        "08:19",
                        "16:27"
                    ],
                    "чт": [
                        "07:00",
                        "08:19",
                        "16:27"
                    ],
                    "пт": [
                        "07:00",
                        "08:19",
                        "16:27"
                    ],
                    "сб": [],
                    "вс": []
                }
            },
            "Слуцкие Пояса": {
                "id": "13779",
                "schedule": {
                    "пн": [
                        "07:03",
                        "08:22",
                        "16:30"
                    ],
                    "вт": [
                        "07:03",
                        "08:22",
                        "16:30"
                    ],
                    "ср": [
                        "07:03",
                        "08:22",
                        "16:30"
                    ],
                    "чт": [
                        "07:03",
                        "08:22",
                        "16:30"
                    ],
                    "пт": [
                        "07:03",
                        "08:22",
                        "16:30"
                    ],
                    "сб": [],
                    "вс": []
                }
            },
            "Проектный институт": {
                "id": "13733",
                "schedule": {
                    "пн": [
                        "07:04",
                        "08:23",
                        "16:31"
                    ],
                    "вт": [
                        "07:04",
                        "08:23",
                        "16:31"
                    ],
                    "ср": [
                        "07:04",
                        "08:23",
                        "16:31"
                    ],
                    "чт": [
                        "07:04",
                        "08:23",
                        "16:31"
                    ],
                    "пт": [
                        "07:04",
                        "08:23",
                        "16:31"
                    ],
                    "сб": [],
                    "вс": []
                }
            },
            "Уреченская": {
                "id": "13753",
                "schedule": {
                    "пн": [
                        "07:05",
                        "08:24",
                        "16:32"
                    ],
                    "вт": [
                        "07:05",
                        "08:24",
                        "16:32"
                    ],
                    "ср": [
                        "07:05",
                        "08:24",
                        "16:32"
                    ],
                    "чт": [
                        "07:05",
                        "08:24",
                        "16:32"
                    ],
                    "пт": [
                        "07:05",
                        "08:24",
                        "16:32"
                    ],
                    "сб": [],
                    "вс": []
                }
            },
            "Экологический центр": {
                "id": "51629",
                "schedule": {
                    "пн": [
                        "07:07",
                        "08:26",
                        "16:34"
                    ],
                    "вт": [
                        "07:07",
                        "08:26",
                        "16:34"
                    ],
                    "ср": [
                        "07:07",
                        "08:26",
                        "16:34"
                    ],
                    "чт": [
                        "07:07",
                        "08:26",
                        "16:34"
                    ],
                    "пт": [
                        "07:07",
                        "08:26",
                        "16:34"
                    ],
                    "сб": [],
                    "вс": []
                }
            },
            "Дружная": {
                "id": "51495",
                "schedule": {
                    "пн": [
                        "07:08",
                        "08:27",
                        "16:35"
                    ],
                    "вт": [
                        "07:08",
                        "08:27",
                        "16:35"
                    ],
                    "ср": [
                        "07:08",
                        "08:27",
                        "16:35"
                    ],
                    "чт": [
                        "07:08",
                        "08:27",
                        "16:35"
                    ],
                    "пт": [
                        "07:08",
                        "08:27",
                        "16:35"
                    ],
                    "сб": [],
                    "вс": []
                }
            },
            "Любанская": {
                "id": "51506",
                "schedule": {
                    "пн": [
                        "07:10",
                        "08:29",
                        "16:37"
                    ],
                    "вт": [
                        "07:10",
                        "08:29",
                        "16:37"
                    ],
                    "ср": [
                        "07:10",
                        "08:29",
                        "16:37"
                    ],
                    "чт": [
                        "07:10",
                        "08:29",
                        "16:37"
                    ],
                    "пт": [
                        "07:10",
                        "08:29",
                        "16:37"
                    ],
                    "сб": [],
                    "вс": []
                }
            },
            "Микрорайон Новодворцы": {
                "id": "51577",
                "schedule": {
                    "пн": [
                        "07:11",
                        "08:30",
                        "16:38"
                    ],
                    "вт": [
                        "07:11",
                        "08:30",
                        "16:38"
                    ],
                    "ср": [
                        "07:11",
                        "08:30",
                        "16:38"
                    ],
                    "чт": [
                        "07:11",
                        "08:30",
                        "16:38"
                    ],
                    "пт": [
                        "07:11",
                        "08:30",
                        "16:38"
                    ],
                    "сб": [],
                    "вс": []
                }
            },
            "РСУ": {
                "id": "51539",
                "schedule": {
                    "пн": [
                        "07:12",
                        "08:31",
                        "16:39"
                    ],
                    "вт": [
                        "07:12",
                        "08:31",
                        "16:39"
                    ],
                    "ср": [
                        "07:12",
                        "08:31",
                        "16:39"
                    ],
                    "чт": [
                        "07:12",
                        "08:31",
                        "16:39"
                    ],
                    "пт": [
                        "07:12",
                        "08:31",
                        "16:39"
                    ],
                    "сб": [],
                    "вс": []
                }
            },
            "ССК": {
                "id": "51624",
                "schedule": {
                    "пн": [
                        "07:14",
                        "08:33",
                        "16:41"
                    ],
                    "вт": [
                        "07:14",
                        "08:33",
                        "16:41"
                    ],
                    "ср": [
                        "07:14",
                        "08:33",
                        "16:41"
                    ],
                    "чт": [
                        "07:14",
                        "08:33",
                        "16:41"
                    ],
                    "пт": [
                        "07:14",
                        "08:33",
                        "16:41"
                    ],
                    "сб": [],
                    "вс": []
                }
            }
        },
        "ССК - СЭС": {
            "ССК": {
                "id": "51624",
                "schedule": {
                    "пн": [
                        "07:18",
                        "08:33",
                        "16:41"
                    ],
                    "вт": [
                        "07:18",
                        "08:33",
                        "16:41"
                    ],
                    "ср": [
                        "07:18",
                        "08:33",
                        "16:41"
                    ],
                    "чт": [
                        "07:18",
                        "08:33",
                        "16:41"
                    ],
                    "пт": [
                        "07:18",
                        "08:33",
                        "16:41"
                    ],
                    "сб": [],
                    "вс": []
                }
            },
            "РСУ": {
                "id": "51572",
                "schedule": {
                    "пн": [
                        "07:20",
                        "08:35",
                        "16:43"
                    ],
                    "вт": [
                        "07:20",
                        "08:35",
                        "16:43"
                    ],
                    "ср": [
                        "07:20",
                        "08:35",
                        "16:43"
                    ],
                    "чт": [
                        "07:20",
                        "08:35",
                        "16:43"
                    ],
                    "пт": [
                        "07:20",
                        "08:35",
                        "16:43"
                    ],
                    "сб": [],
                    "вс": []
                }
            },
            "Микрорайон Новодворцы": {
                "id": "51658",
                "schedule": {
                    "пн": [
                        "07:21",
                        "08:36",
                        "16:44"
                    ],
                    "вт": [
                        "07:21",
                        "08:36",
                        "16:44"
                    ],
                    "ср": [
                        "07:21",
                        "08:36",
                        "16:44"
                    ],
                    "чт": [
                        "07:21",
                        "08:36",
                        "16:44"
                    ],
                    "пт": [
                        "07:21",
                        "08:36",
                        "16:44"
                    ],
                    "сб": [],
                    "вс": []
                }
            },
            "Любанская": {
                "id": "51682",
                "schedule": {
                    "пн": [
                        "07:22",
                        "08:37",
                        "16:45"
                    ],
                    "вт": [
                        "07:22",
                        "08:37",
                        "16:45"
                    ],
                    "ср": [
                        "07:22",
                        "08:37",
                        "16:45"
                    ],
                    "чт": [
                        "07:22",
                        "08:37",
                        "16:45"
                    ],
                    "пт": [
                        "07:22",
                        "08:37",
                        "16:45"
                    ],
                    "сб": [],
                    "вс": []
                }
            },
            "Дружная": {
                "id": "51632",
                "schedule": {
                    "пн": [
                        "07:24",
                        "08:39",
                        "16:47"
                    ],
                    "вт": [
                        "07:24",
                        "08:39",
                        "16:47"
                    ],
                    "ср": [
                        "07:24",
                        "08:39",
                        "16:47"
                    ],
                    "чт": [
                        "07:24",
                        "08:39",
                        "16:47"
                    ],
                    "пт": [
                        "07:24",
                        "08:39",
                        "16:47"
                    ],
                    "сб": [],
                    "вс": []
                }
            },
            "Экологический центр": {
                "id": "51515",
                "schedule": {
                    "пн": [
                        "07:25",
                        "08:40",
                        "16:48"
                    ],
                    "вт": [
                        "07:25",
                        "08:40",
                        "16:48"
                    ],
                    "ср": [
                        "07:25",
                        "08:40",
                        "16:48"
                    ],
                    "чт": [
                        "07:25",
                        "08:40",
                        "16:48"
                    ],
                    "пт": [
                        "07:25",
                        "08:40",
                        "16:48"
                    ],
                    "сб": [],
                    "вс": []
                }
            },
            "Уреченская": {
                "id": "22815",
                "schedule": {
                    "пн": [
                        "07:27",
                        "08:42",
                        "16:50"
                    ],
                    "вт": [
                        "07:27",
                        "08:42",
                        "16:50"
                    ],
                    "ср": [
                        "07:27",
                        "08:42",
                        "16:50"
                    ],
                    "чт": [
                        "07:27",
                        "08:42",
                        "16:50"
                    ],
                    "пт": [
                        "07:27",
                        "08:42",
                        "16:50"
                    ],
                    "сб": [],
                    "вс": []
                }
            },
            "Проектный институт": {
                "id": "13616",
                "schedule": {
                    "пн": [
                        "07:28",
                        "08:43",
                        "16:51"
                    ],
                    "вт": [
                        "07:28",
                        "08:43",
                        "16:51"
                    ],
                    "ср": [
                        "07:28",
                        "08:43",
                        "16:51"
                    ],
                    "чт": [
                        "07:28",
                        "08:43",
                        "16:51"
                    ],
                    "пт": [
                        "07:28",
                        "08:43",
                        "16:51"
                    ],
                    "сб": [],
                    "вс": []
                }
            },
            "Типография": {
                "id": "13738",
                "schedule": {
                    "пн": [
                        "07:29",
                        "08:44",
                        "16:52"
                    ],
                    "вт": [
                        "07:29",
                        "08:44",
                        "16:52"
                    ],
                    "ср": [
                        "07:29",
                        "08:44",
                        "16:52"
                    ],
                    "чт": [
                        "07:29",
                        "08:44",
                        "16:52"
                    ],
                    "пт": [
                        "07:29",
                        "08:44",
                        "16:52"
                    ],
                    "сб": [],
                    "вс": []
                }
            },
            "Копыльская": {
                "id": "5513",
                "schedule": {
                    "пн": [
                        "07:32",
                        "08:47",
                        "16:55"
                    ],
                    "вт": [
                        "07:32",
                        "08:47",
                        "16:55"
                    ],
                    "ср": [
                        "07:32",
                        "08:47",
                        "16:55"
                    ],
                    "чт": [
                        "07:32",
                        "08:47",
                        "16:55"
                    ],
                    "пт": [
                        "07:32",
                        "08:47",
                        "16:55"
                    ],
                    "сб": [],
                    "вс": []
                }
            },
            "Рынок": {
                "id": "5596",
                "schedule": {
                    "пн": [
                        "07:34",
                        "08:49",
                        "16:57"
                    ],
                    "вт": [
                        "07:34",
                        "08:49",
                        "16:57"
                    ],
                    "ср": [
                        "07:34",
                        "08:49",
                        "16:57"
                    ],
                    "чт": [
                        "07:34",
                        "08:49",
                        "16:57"
                    ],
                    "пт": [
                        "07:34",
                        "08:49",
                        "16:57"
                    ],
                    "сб": [],
                    "вс": []
                }
            },
            "Магазин стройматериалов": {
                "id": "5405",
                "schedule": {
                    "пн": [
                        "07:36",
                        "08:51",
                        "16:59"
                    ],
                    "вт": [
                        "07:36",
                        "08:51",
                        "16:59"
                    ],
                    "ср": [
                        "07:36",
                        "08:51",
                        "16:59"
                    ],
                    "чт": [
                        "07:36",
                        "08:51",
                        "16:59"
                    ],
                    "пт": [
                        "07:36",
                        "08:51",
                        "16:59"
                    ],
                    "сб": [],
                    "вс": []
                }
            },
            "Автовокзал": {
                "id": "5461",
                "schedule": {
                    "пн": [
                        "07:37",
                        "08:52",
                        "17:00"
                    ],
                    "вт": [
                        "07:37",
                        "08:52",
                        "17:00"
                    ],
                    "ср": [
                        "07:37",
                        "08:52",
                        "17:00"
                    ],
                    "чт": [
                        "07:37",
                        "08:52",
                        "17:00"
                    ],
                    "пт": [
                        "07:37",
                        "08:52",
                        "17:00"
                    ],
                    "сб": [],
                    "вс": []
                }
            },
            "Крановый завод": {
                "id": "5408",
                "schedule": {
                    "пн": [
                        "07:39",
                        "08:54",
                        "17:02"
                    ],
                    "вт": [
                        "07:39",
                        "08:54",
                        "17:02"
                    ],
                    "ср": [
                        "07:39",
                        "08:54",
                        "17:02"
                    ],
                    "чт": [
                        "07:39",
                        "08:54",
                        "17:02"
                    ],
                    "пт": [
                        "07:39",
                        "08:54",
                        "17:02"
                    ],
                    "сб": [],
                    "вс": []
                }
            },
            "Спасская": {
                "id": "64766",
                "schedule": {
                    "пн": [
                        "07:40",
                        "08:55",
                        "17:03"
                    ],
                    "вт": [
                        "07:40",
                        "08:55",
                        "17:03"
                    ],
                    "ср": [
                        "07:40",
                        "08:55",
                        "17:03"
                    ],
                    "чт": [
                        "07:40",
                        "08:55",
                        "17:03"
                    ],
                    "пт": [
                        "07:40",
                        "08:55",
                        "17:03"
                    ],
                    "сб": [],
                    "вс": []
                }
            },
            "Водоканал": {
                "id": "5443",
                "schedule": {
                    "пн": [
                        "07:41",
                        "08:56",
                        "17:04"
                    ],
                    "вт": [
                        "07:41",
                        "08:56",
                        "17:04"
                    ],
                    "ср": [
                        "07:41",
                        "08:56",
                        "17:04"
                    ],
                    "чт": [
                        "07:41",
                        "08:56",
                        "17:04"
                    ],
                    "пт": [
                        "07:41",
                        "08:56",
                        "17:04"
                    ],
                    "сб": [],
                    "вс": []
                }
            },
            "Гаспадарчая": {
                "id": "39528",
                "schedule": {
                    "пн": [
                        "07:42",
                        "08:57",
                        "17:05"
                    ],
                    "вт": [
                        "07:42",
                        "08:57",
                        "17:05"
                    ],
                    "ср": [
                        "07:42",
                        "08:57",
                        "17:05"
                    ],
                    "чт": [
                        "07:42",
                        "08:57",
                        "17:05"
                    ],
                    "пт": [
                        "07:42",
                        "08:57",
                        "17:05"
                    ],
                    "сб": [],
                    "вс": []
                }
            },
            "Поселковая": {
                "id": "39444",
                "schedule": {
                    "пн": [
                        "07:43",
                        "08:58",
                        "17:06"
                    ],
                    "вт": [
                        "07:43",
                        "08:58",
                        "17:06"
                    ],
                    "ср": [
                        "07:43",
                        "08:58",
                        "17:06"
                    ],
                    "чт": [
                        "07:43",
                        "08:58",
                        "17:06"
                    ],
                    "пт": [
                        "07:43",
                        "08:58",
                        "17:06"
                    ],
                    "сб": [],
                    "вс": []
                }
            },
            "СЭС": {
                "id": "64513",
                "schedule": {
                    "пн": [
                        "07:47",
                        "09:02",
                        "17:10"
                    ],
                    "вт": [
                        "07:47",
                        "09:02",
                        "17:10"
                    ],
                    "ср": [
                        "07:47",
                        "09:02",
                        "17:10"
                    ],
                    "чт": [
                        "07:47",
                        "09:02",
                        "17:10"
                    ],
                    "пт": [
                        "07:47",
                        "09:02",
                        "17:10"
                    ],
                    "сб": [],
                    "вс": []
                }
            }
        }
    }
}