{
    "12а": {
        "Поликлиника - Автовокзал *": {
            "Поликлиника": {
                "id": "22872",
                "schedule": {
                    "пн": [],
                    "вт": [
                        "09:30"
                    ],
                    "ср": [],
                    "чт": [
                        "09:30"
                    ],
                    "пт": [],
                    "сб": [],
                    "вс": []
                }
            },
            "Гастелло": {
                "id": "22936",
                "schedule": {
                    "пн": [],
                    "вт": [
                        "09:31"
                    ],
                    "ср": [],
                    "чт": [
                        "09:31"
                    ],
                    "пт": [],
                    "сб": [],
                    "вс": []
                }
            },
            "Проектный институт": {
                "id": "13616",
                "schedule": {
                    "пн": [],
                    "вт": [
                        "09:33"
                    ],
                    "ср": [],
                    "чт": [
                        "09:33"
                    ],
                    "пт": [],
                    "сб": [],
                    "вс": []
                }
            },
            "Типография": {
                "id": "13738",
                "schedule": {
                    "пн": [],
                    "вт": [
                        "09:34"
                    ],
                    "ср": [],
                    "чт": [
                        "09:34"
                    ],
                    "пт": [],
                    "сб": [],
                    "вс": []
                }
            },
            "Копыльская": {
                "id": "5513",
                "schedule": {
                    "пн": [],
                    "вт": [
                        "09:37"
                    ],
                    "ср": [],
                    "чт": [
                        "09:37"
                    ],
                    "пт": [],
                    "сб": [],
                    "вс": []
                }
            },
            "Рынок": {
                "id": "5596",
                "schedule": {
                    "пн": [],
                    "вт": [
                        "09:39"
                    ],
                    "ср": [],
                    "чт": [
                        "09:39"
                    ],
                    "пт": [],
                    "сб": [],
                    "вс": []
                }
            },
            "Магазин стройматериалов": {
                "id": "5405",
                "schedule": {
                    "пн": [],
                    "вт": [
                        "09:41"
                    ],
                    "ср": [],
                    "чт": [
                        "09:41"
                    ],
                    "пт": [],
                    "сб": [],
                    "вс": []
                }
            },
            "Автовокзал *": {
                "id": "64730",
                "schedule": {
                    "пн": [],
                    "вт": [
                        "09:42"
                    ],
                    "ср": [],
                    "чт": [
                        "09:42"
                    ],
                    "пт": [],
                    "сб": [],
                    "вс": []
                }
            }
        },
        "": {}
    }
}