{
    "12б": {
        "СЭС - Поликлиника": {
            "СЭС": {
                "id": "64513",
                "schedule": {
                    "пн": [],
                    "вт": [
                        "09:02"
                    ],
                    "ср": [],
                    "чт": [
                        "09:02"
                    ],
                    "пт": [],
                    "сб": [],
                    "вс": []
                }
            },
            "Поселковая": {
                "id": "64622",
                "schedule": {
                    "пн": [],
                    "вт": [
                        "09:06"
                    ],
                    "ср": [],
                    "чт": [
                        "09:06"
                    ],
                    "пт": [],
                    "сб": [],
                    "вс": []
                }
            },
            "Гаспадарчая": {
                "id": "64598",
                "schedule": {
                    "пн": [],
                    "вт": [
                        "09:07"
                    ],
                    "ср": [],
                    "чт": [
                        "09:07"
                    ],
                    "пт": [],
                    "сб": [],
                    "вс": []
                }
            },
            "Водоканал": {
                "id": "5555",
                "schedule": {
                    "пн": [],
                    "вт": [
                        "09:08"
                    ],
                    "ср": [],
                    "чт": [
                        "09:08"
                    ],
                    "пт": [],
                    "сб": [],
                    "вс": []
                }
            },
            "Крановый завод": {
                "id": "5460",
                "schedule": {
                    "пн": [],
                    "вт": [
                        "09:09"
                    ],
                    "ср": [],
                    "чт": [
                        "09:09"
                    ],
                    "пт": [],
                    "сб": [],
                    "вс": []
                }
            },
            "Автовокзал": {
                "id": "5601",
                "schedule": {
                    "пн": [],
                    "вт": [
                        "09:11"
                    ],
                    "ср": [],
                    "чт": [
                        "09:11"
                    ],
                    "пт": [],
                    "сб": [],
                    "вс": []
                }
            },
            "Магазин стройматериалов": {
                "id": "5441",
                "schedule": {
                    "пн": [],
                    "вт": [
                        "09:13"
                    ],
                    "ср": [],
                    "чт": [
                        "09:13"
                    ],
                    "пт": [],
                    "сб": [],
                    "вс": []
                }
            },
            "Рынок": {
                "id": "5584",
                "schedule": {
                    "пн": [],
                    "вт": [
                        "09:15"
                    ],
                    "ср": [],
                    "чт": [
                        "09:15"
                    ],
                    "пт": [],
                    "сб": [],
                    "вс": []
                }
            },
            "Аптека № 80": {
                "id": "5553",
                "schedule": {
                    "пн": [],
                    "вт": [
                        "09:17"
                    ],
                    "ср": [],
                    "чт": [
                        "09:17"
                    ],
                    "пт": [],
                    "сб": [],
                    "вс": []
                }
            },
            "Слуцкие Пояса": {
                "id": "13779",
                "schedule": {
                    "пн": [],
                    "вт": [
                        "09:20"
                    ],
                    "ср": [],
                    "чт": [
                        "09:20"
                    ],
                    "пт": [],
                    "сб": [],
                    "вс": []
                }
            },
            "Проектный институт": {
                "id": "13733",
                "schedule": {
                    "пн": [],
                    "вт": [
                        "09:21"
                    ],
                    "ср": [],
                    "чт": [
                        "09:21"
                    ],
                    "пт": [],
                    "сб": [],
                    "вс": []
                }
            },
            "Поликлиника": {
                "id": "22872",
                "schedule": {
                    "пн": [],
                    "вт": [
                        "09:23"
                    ],
                    "ср": [],
                    "чт": [
                        "09:23"
                    ],
                    "пт": [],
                    "сб": [],
                    "вс": []
                }
            }
        },
        "": {}
    }
}