{
    "12н": {
        "СЭС - Микрорайон Новодворцы": {
            "СЭС": {
                "id": "64513",
                "schedule": {
                    "пн": [
                        "17:12"
                    ],
                    "вт": [
                        "17:12"
                    ],
                    "ср": [
                        "17:12"
                    ],
                    "чт": [
                        "17:12"
                    ],
                    "пт": [
                        "17:12"
                    ],
                    "сб": [],
                    "вс": []
                }
            },
            "Поселковая": {
                "id": "64622",
                "schedule": {
                    "пн": [
                        "17:16"
                    ],
                    "вт": [
                        "17:16"
                    ],
                    "ср": [
                        "17:16"
                    ],
                    "чт": [
                        "17:16"
                    ],
                    "пт": [
                        "17:16"
                    ],
                    "сб": [],
                    "вс": []
                }
            },
            "Гаспадарчая": {
                "id": "64598",
                "schedule": {
                    "пн": [
                        "17:17"
                    ],
                    "вт": [
                        "17:17"
                    ],
                    "ср": [
                        "17:17"
                    ],
                    "чт": [
                        "17:17"
                    ],
                    "пт": [
                        "17:17"
                    ],
                    "сб": [],
                    "вс": []
                }
            },
            "Водоканал": {
                "id": "5555",
                "schedule": {
                    "пн": [
                        "17:18"
                    ],
                    "вт": [
                        "17:18"
                    ],
                    "ср": [
                        "17:18"
                    ],
                    "чт": [
                        "17:18"
                    ],
                    "пт": [
                        "17:18"
                    ],
                    "сб": [],
                    "вс": []
                }
            },
            "Крановый завод": {
                "id": "5460",
                "schedule": {
                    "пн": [
                        "17:19"
                    ],
                    "вт": [
                        "17:19"
                    ],
                    "ср": [
                        "17:19"
                    ],
                    "чт": [
                        "17:19"
                    ],
                    "пт": [
                        "17:19"
                    ],
                    "сб": [],
                    "вс": []
                }
            },
            "Автовокзал": {
                "id": "5601",
                "schedule": {
                    "пн": [
                        "17:21"
                    ],
                    "вт": [
                        "17:21"
                    ],
                    "ср": [
                        "17:21"
                    ],
                    "чт": [
                        "17:21"
                    ],
                    "пт": [
                        "17:21"
                    ],
                    "сб": [],
                    "вс": []
                }
            },
            "Магазин стройматериалов": {
                "id": "5441",
                "schedule": {
                    "пн": [
                        "17:23"
                    ],
                    "вт": [
                        "17:23"
                    ],
                    "ср": [
                        "17:23"
                    ],
                    "чт": [
                        "17:23"
                    ],
                    "пт": [
                        "17:23"
                    ],
                    "сб": [],
                    "вс": []
                }
            },
            "Рынок": {
                "id": "5584",
                "schedule": {
                    "пн": [
                        "17:25"
                    ],
                    "вт": [
                        "17:25"
                    ],
                    "ср": [
                        "17:25"
                    ],
                    "чт": [
                        "17:25"
                    ],
                    "пт": [
                        "17:25"
                    ],
                    "сб": [],
                    "вс": []
                }
            },
            "Аптека № 80": {
                "id": "5553",
                "schedule": {
                    "пн": [
                        "17:27"
                    ],
                    "вт": [
                        "17:27"
                    ],
                    "ср": [
                        "17:27"
                    ],
                    "чт": [
                        "17:27"
                    ],
                    "пт": [
                        "17:27"
                    ],
                    "сб": [],
                    "вс": []
                }
            },
            "Слуцкие Пояса": {
                "id": "13779",
                "schedule": {
                    "пн": [
                        "17:30"
                    ],
                    "вт": [
                        "17:30"
                    ],
                    "ср": [
                        "17:30"
                    ],
                    "чт": [
                        "17:30"
                    ],
                    "пт": [
                        "17:30"
                    ],
                    "сб": [],
                    "вс": []
                }
            },
            "Проектный институт": {
                "id": "13733",
                "schedule": {
                    "пн": [
                        "17:31"
                    ],
                    "вт": [
                        "17:31"
                    ],
                    "ср": [
                        "17:31"
                    ],
                    "чт": [
                        "17:31"
                    ],
                    "пт": [
                        "17:31"
                    ],
                    "сб": [],
                    "вс": []
                }
            },
            "Уреченская": {
                "id": "13753",
                "schedule": {
                    "пн": [
                        "17:32"
                    ],
                    "вт": [
                        "17:32"
                    ],
                    "ср": [
                        "17:32"
                    ],
                    "чт": [
                        "17:32"
                    ],
                    "пт": [
                        "17:32"
                    ],
                    "сб": [],
                    "вс": []
                }
            },
            "Экологический центр": {
                "id": "51629",
                "schedule": {
                    "пн": [
                        "17:34"
                    ],
                    "вт": [
                        "17:34"
                    ],
                    "ср": [
                        "17:34"
                    ],
                    "чт": [
                        "17:34"
                    ],
                    "пт": [
                        "17:34"
                    ],
                    "сб": [],
                    "вс": []
                }
            },
            "Дружная": {
                "id": "51495",
                "schedule": {
                    "пн": [
                        "17:35"
                    ],
                    "вт": [
                        "17:35"
                    ],
                    "ср": [
                        "17:35"
                    ],
                    "чт": [
                        "17:35"
                    ],
                    "пт": [
                        "17:35"
                    ],
                    "сб": [],
                    "вс": []
                }
            },
            "Любанская": {
                "id": "51506",
                "schedule": {
                    "пн": [
                        "17:37"
                    ],
                    "вт": [
                        "17:37"
                    ],
                    "ср": [
                        "17:37"
                    ],
                    "чт": [
                        "17:37"
                    ],
                    "пт": [
                        "17:37"
                    ],
                    "сб": [],
                    "вс": []
                }
            },
            "Микрорайон Новодворцы": {
                "id": "51577",
                "schedule": {
                    "пн": [
                        "17:38"
                    ],
                    "вт": [
                        "17:38"
                    ],
                    "ср": [
                        "17:38"
                    ],
                    "чт": [
                        "17:38"
                    ],
                    "пт": [
                        "17:38"
                    ],
                    "сб": [],
                    "вс": []
                }
            }
        },
        "": {}
    }
}