{
    "12о": {
        "СЭС - Автовокзал *": {
            "СЭС": {
                "id": "64513",
                "schedule": {
                    "пн": [
                        "09:02"
                    ],
                    "вт": [],
                    "ср": [
                        "09:02"
                    ],
                    "чт": [],
                    "пт": [
                        "09:02"
                    ],
                    "сб": [],
                    "вс": []
                }
            },
            "Поселковая": {
                "id": "64622",
                "schedule": {
                    "пн": [
                        "09:06"
                    ],
                    "вт": [],
                    "ср": [
                        "09:06"
                    ],
                    "чт": [],
                    "пт": [
                        "09:06"
                    ],
                    "сб": [],
                    "вс": []
                }
            },
            "Гаспадарчая": {
                "id": "64598",
                "schedule": {
                    "пн": [
                        "09:07"
                    ],
                    "вт": [],
                    "ср": [
                        "09:07"
                    ],
                    "чт": [],
                    "пт": [
                        "09:07"
                    ],
                    "сб": [],
                    "вс": []
                }
            },
            "Водоканал": {
                "id": "5555",
                "schedule": {
                    "пн": [
                        "09:08"
                    ],
                    "вт": [],
                    "ср": [
                        "09:08"
                    ],
                    "чт": [],
                    "пт": [
                        "09:08"
                    ],
                    "сб": [],
                    "вс": []
                }
            },
            "Крановый завод": {
                "id": "5460",
                "schedule": {
                    "пн": [
                        "09:09"
                    ],
                    "вт": [],
                    "ср": [
                        "09:09"
                    ],
                    "чт": [],
                    "пт": [
                        "09:09"
                    ],
                    "сб": [],
                    "вс": []
                }
            },
            "Автовокзал *": {
                "id": "64730",
                "schedule": {
                    "пн": [
                        "09:11"
                    ],
                    "вт": [],
                    "ср": [
                        "09:11"
                    ],
                    "чт": [],
                    "пт": [
                        "09:11"
                    ],
                    "сб": [],
                    "вс": []
                }
            }
        },
        "Автовокзал * - СЭС": {
            "Автовокзал *": {
                "id": "64730",
                "schedule": {
                    "пн": [
                        "16:01"
                    ],
                    "вт": [
                        "16:01"
                    ],
                    "ср": [
                        "16:01"
                    ],
                    "чт": [
                        "16:01"
                    ],
                    "пт": [
                        "16:01"
                    ],
                    "сб": [],
                    "вс": []
                }
            },
            "Автовокзал": {
                "id": "5461",
                "schedule": {
                    "пн": [
                        "16:01"
                    ],
                    "вт": [
                        "16:01"
                    ],
                    "ср": [
                        "16:01"
                    ],
                    "чт": [
                        "16:01"
                    ],
                    "пт": [
                        "16:01"
                    ],
                    "сб": [],
                    "вс": []
                }
            },
            "Крановый завод": {
                "id": "5408",
                "schedule": {
                    "пн": [
                        "16:02"
                    ],
                    "вт": [
                        "16:02"
                    ],
                    "ср": [
                        "16:02"
                    ],
                    "чт": [
                        "16:02"
                    ],
                    "пт": [
                        "16:02"
                    ],
                    "сб": [],
                    "вс": []
                }
            },
            "Спасская": {
                "id": "64766",
                "schedule": {
                    "пн": [
                        "16:03"
                    ],
                    "вт": [
                        "16:03"
                    ],
                    "ср": [
                        "16:03"
                    ],
                    "чт": [
                        "16:03"
                    ],
                    "пт": [
                        "16:03"
                    ],
                    "сб": [],
                    "вс": []
                }
            },
            "Водоканал": {
                "id": "5443",
                "schedule": {
                    "пн": [
                        "16:04"
                    ],
                    "вт": [
                        "16:04"
                    ],
                    "ср": [
                        "16:04"
                    ],
                    "чт": [
                        "16:04"
                    ],
                    "пт": [
                        "16:04"
                    ],
                    "сб": [],
                    "вс": []
                }
            },
            "Гаспадарчая": {
                "id": "39528",
                "schedule": {
                    "пн": [
                        "16:05"
                    ],
                    "вт": [
                        "16:05"
                    ],
                    "ср": [
                        "16:05"
                    ],
                    "чт": [
                        "16:05"
                    ],
                    "пт": [
                        "16:05"
                    ],
                    "сб": [],
                    "вс": []
                }
            },
            "Поселковая": {
                "id": "39444",
                "schedule": {
                    "пн": [
                        "16:06"
                    ],
                    "вт": [
                        "16:06"
                    ],
                    "ср": [
                        "16:06"
                    ],
                    "чт": [
                        "16:06"
                    ],
                    "пт": [
                        "16:06"
                    ],
                    "сб": [],
                    "вс": []
                }
            },
            "СЭС": {
                "id": "64513",
                "schedule": {
                    "пн": [
                        "16:08"
                    ],
                    "вт": [
                        "16:08"
                    ],
                    "ср": [
                        "16:08"
                    ],
                    "чт": [
                        "16:08"
                    ],
                    "пт": [
                        "16:08"
                    ],
                    "сб": [],
                    "вс": []
                }
            }
        }
    }
}