{
    "12р": {
        "": {},
        "Микрорайон Новодворцы - Автобусный парк №2": {
            "Микрорайон Новодворцы": {
                "id": "51658",
                "schedule": {
                    "пн": [
                        "17:42"
                    ],
                    "вт": [
                        "17:42"
                    ],
                    "ср": [
                        "17:42"
                    ],
                    "чт": [
                        "17:42"
                    ],
                    "пт": [
                        "17:42"
                    ],
                    "сб": [],
                    "вс": []
                }
            },
            "Любанская": {
                "id": "51682",
                "schedule": {
                    "пн": [
                        "17:43"
                    ],
                    "вт": [
                        "17:43"
                    ],
                    "ср": [
                        "17:43"
                    ],
                    "чт": [
                        "17:43"
                    ],
                    "пт": [
                        "17:43"
                    ],
                    "сб": [],
                    "вс": []
                }
            },
            "Дружная": {
                "id": "51632",
                "schedule": {
                    "пн": [
                        "17:45"
                    ],
                    "вт": [
                        "17:45"
                    ],
                    "ср": [
                        "17:45"
                    ],
                    "чт": [
                        "17:45"
                    ],
                    "пт": [
                        "17:45"
                    ],
                    "сб": [],
                    "вс": []
                }
            },
            "Экологический центр": {
                "id": "51515",
                "schedule": {
                    "пн": [
                        "17:46"
                    ],
                    "вт": [
                        "17:46"
                    ],
                    "ср": [
                        "17:46"
                    ],
                    "чт": [
                        "17:46"
                    ],
                    "пт": [
                        "17:46"
                    ],
                    "сб": [],
                    "вс": []
                }
            },
            "Уреченская": {
                "id": "22815",
                "schedule": {
                    "пн": [
                        "17:48"
                    ],
                    "вт": [
                        "17:48"
                    ],
                    "ср": [
                        "17:48"
                    ],
                    "чт": [
                        "17:48"
                    ],
                    "пт": [
                        "17:48"
                    ],
                    "сб": [],
                    "вс": []
                }
            },
            "Проектный институт": {
                "id": "13616",
                "schedule": {
                    "пн": [
                        "17:49"
                    ],
                    "вт": [
                        "17:49"
                    ],
                    "ср": [
                        "17:49"
                    ],
                    "чт": [
                        "17:49"
                    ],
                    "пт": [
                        "17:49"
                    ],
                    "сб": [],
                    "вс": []
                }
            },
            "Типография": {
                "id": "13738",
                "schedule": {
                    "пн": [
                        "17:50"
                    ],
                    "вт": [
                        "17:50"
                    ],
                    "ср": [
                        "17:50"
                    ],
                    "чт": [
                        "17:50"
                    ],
                    "пт": [
                        "17:50"
                    ],
                    "сб": [],
                    "вс": []
                }
            },
            "Копыльская": {
                "id": "5513",
                "schedule": {
                    "пн": [
                        "17:53"
                    ],
                    "вт": [
                        "17:53"
                    ],
                    "ср": [
                        "17:53"
                    ],
                    "чт": [
                        "17:53"
                    ],
                    "пт": [
                        "17:53"
                    ],
                    "сб": [],
                    "вс": []
                }
            },
            "Рынок": {
                "id": "5596",
                "schedule": {
                    "пн": [
                        "17:55"
                    ],
                    "вт": [
                        "17:55"
                    ],
                    "ср": [
                        "17:55"
                    ],
                    "чт": [
                        "17:55"
                    ],
                    "пт": [
                        "17:55"
                    ],
                    "сб": [],
                    "вс": []
                }
            },
            "Медицинский колледж": {
                "id": "5626",
                "schedule": {
                    "пн": [
                        "17:58"
                    ],
                    "вт": [
                        "17:58"
                    ],
                    "ср": [
                        "17:58"
                    ],
                    "чт": [
                        "17:58"
                    ],
                    "пт": [
                        "17:58"
                    ],
                    "сб": [],
                    "вс": []
                }
            },
            "Школа № 2": {
                "id": "5562",
                "schedule": {
                    "пн": [
                        "18:00"
                    ],
                    "вт": [
                        "18:00"
                    ],
                    "ср": [
                        "18:00"
                    ],
                    "чт": [
                        "18:00"
                    ],
                    "пт": [
                        "18:00"
                    ],
                    "сб": [],
                    "вс": []
                }
            },
            "Городок": {
                "id": "34466",
                "schedule": {
                    "пн": [
                        "18:01"
                    ],
                    "вт": [
                        "18:01"
                    ],
                    "ср": [
                        "18:01"
                    ],
                    "чт": [
                        "18:01"
                    ],
                    "пт": [
                        "18:01"
                    ],
                    "сб": [],
                    "вс": []
                }
            },
            "Майский посад": {
                "id": "34478",
                "schedule": {
                    "пн": [
                        "18:02"
                    ],
                    "вт": [
                        "18:02"
                    ],
                    "ср": [
                        "18:02"
                    ],
                    "чт": [
                        "18:02"
                    ],
                    "пт": [
                        "18:02"
                    ],
                    "сб": [],
                    "вс": []
                }
            },
            "Сыродельный комбинат": {
                "id": "34503",
                "schedule": {
                    "пн": [
                        "18:04"
                    ],
                    "вт": [
                        "18:04"
                    ],
                    "ср": [
                        "18:04"
                    ],
                    "чт": [
                        "18:04"
                    ],
                    "пт": [
                        "18:04"
                    ],
                    "сб": [],
                    "вс": []
                }
            },
            "Автобусный парк №2": {
                "id": "34519",
                "schedule": {
                    "пн": [
                        "18:06"
                    ],
                    "вт": [
                        "18:06"
                    ],
                    "ср": [
                        "18:06"
                    ],
                    "чт": [
                        "18:06"
                    ],
                    "пт": [
                        "18:06"
                    ],
                    "сб": [],
                    "вс": []
                }
            }
        }
    }
}