{
    "13": {
        "Индустриальный колледж - Поликлиника": {
            "Индустриальный колледж": {
                "id": "22830",
                "schedule": {
                    "пн": [
                        "06:52",
                        "07:32",
                        "08:15",
                        "09:05",
                        "09:45",
                        "11:05",
                        "11:45",
                        "12:30",
                        "13:12",
                        "13:55",
                        "14:35",
                        "15:20",
                        "16:00",
                        "16:40",
                        "17:30",
                        "18:10",
                        "19:00"
                    ],
                    "вт": [
                        "06:52",
                        "07:32",
                        "08:15",
                        "09:05",
                        "09:45",
                        "11:05",
                        "11:45",
                        "12:30",
                        "13:12",
                        "13:55",
                        "14:35",
                        "15:20",
                        "16:00",
                        "16:40",
                        "17:30",
                        "18:10",
                        "19:00"
                    ],
                    "ср": [
                        "06:52",
                        "07:32",
                        "08:15",
                        "09:05",
                        "09:45",
                        "11:05",
                        "11:45",
                        "12:30",
                        "13:12",
                        "13:55",
                        "14:35",
                        "15:20",
                        "16:00",
                        "16:40",
                        "17:30",
                        "18:10",
                        "19:00"
                    ],
                    "чт": [
                        "06:52",
                        "07:32",
                        "08:15",
                        "09:05",
                        "09:45",
                        "11:05",
                        "11:45",
                        "12:30",
                        "13:12",
                        "13:55",
                        "14:35",
                        "15:20",
                        "16:00",
                        "16:40",
                        "17:30",
                        "18:10",
                        "19:00"
                    ],
                    "пт": [
                        "06:52",
                        "07:32",
                        "08:15",
                        "09:05",
                        "09:45",
                        "11:05",
                        "11:45",
                        "12:30",
                        "13:12",
                        "13:55",
                        "14:35",
                        "15:20",
                        "16:00",
                        "16:40",
                        "17:30",
                        "18:10",
                        "19:00"
                    ],
                    "сб": [],
                    "вс": []
                }
            },
            "Кольцевая": {
                "id": "29717",
                "schedule": {
                    "пн": [
                        "06:53",
                        "07:33",
                        "08:16",
                        "09:06",
                        "09:46",
                        "11:06",
                        "11:46",
                        "12:31",
                        "13:13",
                        "13:56",
                        "14:36",
                        "15:21",
                        "16:01",
                        "16:41",
                        "17:31",
                        "18:11",
                        "19:01"
                    ],
                    "вт": [
                        "06:53",
                        "07:33",
                        "08:16",
                        "09:06",
                        "09:46",
                        "11:06",
                        "11:46",
                        "12:31",
                        "13:13",
                        "13:56",
                        "14:36",
                        "15:21",
                        "16:01",
                        "16:41",
                        "17:31",
                        "18:11",
                        "19:01"
                    ],
                    "ср": [
                        "06:53",
                        "07:33",
                        "08:16",
                        "09:06",
                        "09:46",
                        "11:06",
                        "11:46",
                        "12:31",
                        "13:13",
                        "13:56",
                        "14:36",
                        "15:21",
                        "16:01",
                        "16:41",
                        "17:31",
                        "18:11",
                        "19:01"
                    ],
                    "чт": [
                        "06:53",
                        "07:33",
                        "08:16",
                        "09:06",
                        "09:46",
                        "11:06",
                        "11:46",
                        "12:31",
                        "13:13",
                        "13:56",
                        "14:36",
                        "15:21",
                        "16:01",
                        "16:41",
                        "17:31",
                        "18:11",
                        "19:01"
                    ],
                    "пт": [
                        "06:53",
                        "07:33",
                        "08:16",
                        "09:06",
                        "09:46",
                        "11:06",
                        "11:46",
                        "12:31",
                        "13:13",
                        "13:56",
                        "14:36",
                        "15:21",
                        "16:01",
                        "16:41",
                        "17:31",
                        "18:11",
                        "19:01"
                    ],
                    "сб": [],
                    "вс": []
                }
            },
            "Минская": {
                "id": "29836",
                "schedule": {
                    "пн": [
                        "06:54",
                        "07:34",
                        "08:17",
                        "09:07",
                        "09:47",
                        "11:07",
                        "11:47",
                        "12:32",
                        "13:14",
                        "13:57",
                        "14:37",
                        "15:22",
                        "16:02",
                        "16:42",
                        "17:32",
                        "18:12",
                        "19:02"
                    ],
                    "вт": [
                        "06:54",
                        "07:34",
                        "08:17",
                        "09:07",
                        "09:47",
                        "11:07",
                        "11:47",
                        "12:32",
                        "13:14",
                        "13:57",
                        "14:37",
                        "15:22",
                        "16:02",
                        "16:42",
                        "17:32",
                        "18:12",
                        "19:02"
                    ],
                    "ср": [
                        "06:54",
                        "07:34",
                        "08:17",
                        "09:07",
                        "09:47",
                        "11:07",
                        "11:47",
                        "12:32",
                        "13:14",
                        "13:57",
                        "14:37",
                        "15:22",
                        "16:02",
                        "16:42",
                        "17:32",
                        "18:12",
                        "19:02"
                    ],
                    "чт": [
                        "06:54",
                        "07:34",
                        "08:17",
                        "09:07",
                        "09:47",
                        "11:07",
                        "11:47",
                        "12:32",
                        "13:14",
                        "13:57",
                        "14:37",
                        "15:22",
                        "16:02",
                        "16:42",
                        "17:32",
                        "18:12",
                        "19:02"
                    ],
                    "пт": [
                        "06:54",
                        "07:34",
                        "08:17",
                        "09:07",
                        "09:47",
                        "11:07",
                        "11:47",
                        "12:32",
                        "13:14",
                        "13:57",
                        "14:37",
                        "15:22",
                        "16:02",
                        "16:42",
                        "17:32",
                        "18:12",
                        "19:02"
                    ],
                    "сб": [],
                    "вс": []
                }
            },
            "Борисовца": {
                "id": "5398",
                "schedule": {
                    "пн": [
                        "06:56",
                        "07:36",
                        "08:19",
                        "09:09",
                        "09:49",
                        "11:09",
                        "11:49",
                        "12:34",
                        "13:16",
                        "13:59",
                        "14:39",
                        "15:24",
                        "16:04",
                        "16:44",
                        "17:34",
                        "18:14",
                        "19:04"
                    ],
                    "вт": [
                        "06:56",
                        "07:36",
                        "08:19",
                        "09:09",
                        "09:49",
                        "11:09",
                        "11:49",
                        "12:34",
                        "13:16",
                        "13:59",
                        "14:39",
                        "15:24",
                        "16:04",
                        "16:44",
                        "17:34",
                        "18:14",
                        "19:04"
                    ],
                    "ср": [
                        "06:56",
                        "07:36",
                        "08:19",
                        "09:09",
                        "09:49",
                        "11:09",
                        "11:49",
                        "12:34",
                        "13:16",
                        "13:59",
                        "14:39",
                        "15:24",
                        "16:04",
                        "16:44",
                        "17:34",
                        "18:14",
                        "19:04"
                    ],
                    "чт": [
                        "06:56",
                        "07:36",
                        "08:19",
                        "09:09",
                        "09:49",
                        "11:09",
                        "11:49",
                        "12:34",
                        "13:16",
                        "13:59",
                        "14:39",
                        "15:24",
                        "16:04",
                        "16:44",
                        "17:34",
                        "18:14",
                        "19:04"
                    ],
                    "пт": [
                        "06:56",
                        "07:36",
                        "08:19",
                        "09:09",
                        "09:49",
                        "11:09",
                        "11:49",
                        "12:34",
                        "13:16",
                        "13:59",
                        "14:39",
                        "15:24",
                        "16:04",
                        "16:44",
                        "17:34",
                        "18:14",
                        "19:04"
                    ],
                    "сб": [],
                    "вс": []
                }
            },
            "Зелёная": {
                "id": "5586",
                "schedule": {
                    "пн": [
                        "06:57",
                        "07:37",
                        "08:20",
                        "09:10",
                        "09:50",
                        "11:10",
                        "11:50",
                        "12:35",
                        "13:17",
                        "14:00",
                        "14:40",
                        "15:25",
                        "16:05",
                        "16:45",
                        "17:35",
                        "18:15",
                        "19:05"
                    ],
                    "вт": [
                        "06:57",
                        "07:37",
                        "08:20",
                        "09:10",
                        "09:50",
                        "11:10",
                        "11:50",
                        "12:35",
                        "13:17",
                        "14:00",
                        "14:40",
                        "15:25",
                        "16:05",
                        "16:45",
                        "17:35",
                        "18:15",
                        "19:05"
                    ],
                    "ср": [
                        "06:57",
                        "07:37",
                        "08:20",
                        "09:10",
                        "09:50",
                        "11:10",
                        "11:50",
                        "12:35",
                        "13:17",
                        "14:00",
                        "14:40",
                        "15:25",
                        "16:05",
                        "16:45",
                        "17:35",
                        "18:15",
                        "19:05"
                    ],
                    "чт": [
                        "06:57",
                        "07:37",
                        "08:20",
                        "09:10",
                        "09:50",
                        "11:10",
                        "11:50",
                        "12:35",
                        "13:17",
                        "14:00",
                        "14:40",
                        "15:25",
                        "16:05",
                        "16:45",
                        "17:35",
                        "18:15",
                        "19:05"
                    ],
                    "пт": [
                        "06:57",
                        "07:37",
                        "08:20",
                        "09:10",
                        "09:50",
                        "11:10",
                        "11:50",
                        "12:35",
                        "13:17",
                        "14:00",
                        "14:40",
                        "15:25",
                        "16:05",
                        "16:45",
                        "17:35",
                        "18:15",
                        "19:05"
                    ],
                    "сб": [],
                    "вс": []
                }
            },
            "1 Августа": {
                "id": "5532",
                "schedule": {
                    "пн": [
                        "06:58",
                        "07:38",
                        "08:21",
                        "09:11",
                        "09:51",
                        "11:11",
                        "11:51",
                        "12:36",
                        "13:18",
                        "14:01",
                        "14:41",
                        "15:26",
                        "16:06",
                        "16:46",
                        "17:36",
                        "18:16",
                        "19:06"
                    ],
                    "вт": [
                        "06:58",
                        "07:38",
                        "08:21",
                        "09:11",
                        "09:51",
                        "11:11",
                        "11:51",
                        "12:36",
                        "13:18",
                        "14:01",
                        "14:41",
                        "15:26",
                        "16:06",
                        "16:46",
                        "17:36",
                        "18:16",
                        "19:06"
                    ],
                    "ср": [
                        "06:58",
                        "07:38",
                        "08:21",
                        "09:11",
                        "09:51",
                        "11:11",
                        "11:51",
                        "12:36",
                        "13:18",
                        "14:01",
                        "14:41",
                        "15:26",
                        "16:06",
                        "16:46",
                        "17:36",
                        "18:16",
                        "19:06"
                    ],
                    "чт": [
                        "06:58",
                        "07:38",
                        "08:21",
                        "09:11",
                        "09:51",
                        "11:11",
                        "11:51",
                        "12:36",
                        "13:18",
                        "14:01",
                        "14:41",
                        "15:26",
                        "16:06",
                        "16:46",
                        "17:36",
                        "18:16",
                        "19:06"
                    ],
                    "пт": [
                        "06:58",
                        "07:38",
                        "08:21",
                        "09:11",
                        "09:51",
                        "11:11",
                        "11:51",
                        "12:36",
                        "13:18",
                        "14:01",
                        "14:41",
                        "15:26",
                        "16:06",
                        "16:46",
                        "17:36",
                        "18:16",
                        "19:06"
                    ],
                    "сб": [],
                    "вс": []
                }
            },
            "Молодёжный центр": {
                "id": "5503",
                "schedule": {
                    "пн": [
                        "07:00",
                        "07:40",
                        "08:23",
                        "09:13",
                        "09:53",
                        "11:13",
                        "11:53",
                        "12:38",
                        "13:20",
                        "14:03",
                        "14:43",
                        "15:28",
                        "16:08",
                        "16:48",
                        "17:38",
                        "18:18",
                        "19:08"
                    ],
                    "вт": [
                        "07:00",
                        "07:40",
                        "08:23",
                        "09:13",
                        "09:53",
                        "11:13",
                        "11:53",
                        "12:38",
                        "13:20",
                        "14:03",
                        "14:43",
                        "15:28",
                        "16:08",
                        "16:48",
                        "17:38",
                        "18:18",
                        "19:08"
                    ],
                    "ср": [
                        "07:00",
                        "07:40",
                        "08:23",
                        "09:13",
                        "09:53",
                        "11:13",
                        "11:53",
                        "12:38",
                        "13:20",
                        "14:03",
                        "14:43",
                        "15:28",
                        "16:08",
                        "16:48",
                        "17:38",
                        "18:18",
                        "19:08"
                    ],
                    "чт": [
                        "07:00",
                        "07:40",
                        "08:23",
                        "09:13",
                        "09:53",
                        "11:13",
                        "11:53",
                        "12:38",
                        "13:20",
                        "14:03",
                        "14:43",
                        "15:28",
                        "16:08",
                        "16:48",
                        "17:38",
                        "18:18",
                        "19:08"
                    ],
                    "пт": [
                        "07:00",
                        "07:40",
                        "08:23",
                        "09:13",
                        "09:53",
                        "11:13",
                        "11:53",
                        "12:38",
                        "13:20",
                        "14:03",
                        "14:43",
                        "15:28",
                        "16:08",
                        "16:48",
                        "17:38",
                        "18:18",
                        "19:08"
                    ],
                    "сб": [],
                    "вс": []
                }
            },
            "Дом культуры": {
                "id": "5384",
                "schedule": {
                    "пн": [
                        "07:02",
                        "07:42",
                        "08:25",
                        "09:15",
                        "09:55",
                        "11:15",
                        "11:55",
                        "12:40",
                        "13:22",
                        "14:05",
                        "14:45",
                        "15:30",
                        "16:10",
                        "16:50",
                        "17:40",
                        "18:20",
                        "19:10"
                    ],
                    "вт": [
                        "07:02",
                        "07:42",
                        "08:25",
                        "09:15",
                        "09:55",
                        "11:15",
                        "11:55",
                        "12:40",
                        "13:22",
                        "14:05",
                        "14:45",
                        "15:30",
                        "16:10",
                        "16:50",
                        "17:40",
                        "18:20",
                        "19:10"
                    ],
                    "ср": [
                        "07:02",
                        "07:42",
                        "08:25",
                        "09:15",
                        "09:55",
                        "11:15",
                        "11:55",
                        "12:40",
                        "13:22",
                        "14:05",
                        "14:45",
                        "15:30",
                        "16:10",
                        "16:50",
                        "17:40",
                        "18:20",
                        "19:10"
                    ],
                    "чт": [
                        "07:02",
                        "07:42",
                        "08:25",
                        "09:15",
                        "09:55",
                        "11:15",
                        "11:55",
                        "12:40",
                        "13:22",
                        "14:05",
                        "14:45",
                        "15:30",
                        "16:10",
                        "16:50",
                        "17:40",
                        "18:20",
                        "19:10"
                    ],
                    "пт": [
                        "07:02",
                        "07:42",
                        "08:25",
                        "09:15",
                        "09:55",
                        "11:15",
                        "11:55",
                        "12:40",
                        "13:22",
                        "14:05",
                        "14:45",
                        "15:30",
                        "16:10",
                        "16:50",
                        "17:40",
                        "18:20",
                        "19:10"
                    ],
                    "сб": [],
                    "вс": []
                }
            },
            "Слуцкие Пояса": {
                "id": "13779",
                "schedule": {
                    "пн": [
                        "07:06",
                        "07:46",
                        "08:29",
                        "09:19",
                        "09:59",
                        "11:19",
                        "11:59",
                        "12:44",
                        "13:26",
                        "14:09",
                        "14:49",
                        "15:34",
                        "16:14",
                        "16:54",
                        "17:44",
                        "18:24",
                        "19:14"
                    ],
                    "вт": [
                        "07:06",
                        "07:46",
                        "08:29",
                        "09:19",
                        "09:59",
                        "11:19",
                        "11:59",
                        "12:44",
                        "13:26",
                        "14:09",
                        "14:49",
                        "15:34",
                        "16:14",
                        "16:54",
                        "17:44",
                        "18:24",
                        "19:14"
                    ],
                    "ср": [
                        "07:06",
                        "07:46",
                        "08:29",
                        "09:19",
                        "09:59",
                        "11:19",
                        "11:59",
                        "12:44",
                        "13:26",
                        "14:09",
                        "14:49",
                        "15:34",
                        "16:14",
                        "16:54",
                        "17:44",
                        "18:24",
                        "19:14"
                    ],
                    "чт": [
                        "07:06",
                        "07:46",
                        "08:29",
                        "09:19",
                        "09:59",
                        "11:19",
                        "11:59",
                        "12:44",
                        "13:26",
                        "14:09",
                        "14:49",
                        "15:34",
                        "16:14",
                        "16:54",
                        "17:44",
                        "18:24",
                        "19:14"
                    ],
                    "пт": [
                        "07:06",
                        "07:46",
                        "08:29",
                        "09:19",
                        "09:59",
                        "11:19",
                        "11:59",
                        "12:44",
                        "13:26",
                        "14:09",
                        "14:49",
                        "15:34",
                        "16:14",
                        "16:54",
                        "17:44",
                        "18:24",
                        "19:14"
                    ],
                    "сб": [],
                    "вс": []
                }
            },
            "Проектный институт": {
                "id": "13733",
                "schedule": {
                    "пн": [
                        "07:07",
                        "07:47",
                        "08:30",
                        "09:20",
                        "10:00",
                        "11:20",
                        "12:00",
                        "12:45",
                        "13:27",
                        "14:10",
                        "14:50",
                        "15:35",
                        "16:15",
                        "16:55",
                        "17:45",
                        "18:25",
                        "19:15"
                    ],
                    "вт": [
                        "07:07",
                        "07:47",
                        "08:30",
                        "09:20",
                        "10:00",
                        "11:20",
                        "12:00",
                        "12:45",
                        "13:27",
                        "14:10",
                        "14:50",
                        "15:35",
                        "16:15",
                        "16:55",
                        "17:45",
                        "18:25",
                        "19:15"
                    ],
                    "ср": [
                        "07:07",
                        "07:47",
                        "08:30",
                        "09:20",
                        "10:00",
                        "11:20",
                        "12:00",
                        "12:45",
                        "13:27",
                        "14:10",
                        "14:50",
                        "15:35",
                        "16:15",
                        "16:55",
                        "17:45",
                        "18:25",
                        "19:15"
                    ],
                    "чт": [
                        "07:07",
                        "07:47",
                        "08:30",
                        "09:20",
                        "10:00",
                        "11:20",
                        "12:00",
                        "12:45",
                        "13:27",
                        "14:10",
                        "14:50",
                        "15:35",
                        "16:15",
                        "16:55",
                        "17:45",
                        "18:25",
                        "19:15"
                    ],
                    "пт": [
                        "07:07",
                        "07:47",
                        "08:30",
                        "09:20",
                        "10:00",
                        "11:20",
                        "12:00",
                        "12:45",
                        "13:27",
                        "14:10",
                        "14:50",
                        "15:35",
                        "16:15",
                        "16:55",
                        "17:45",
                        "18:25",
                        "19:15"
                    ],
                    "сб": [],
                    "вс": []
                }
            },
            "Поликлиника": {
                "id": "22872",
                "schedule": {
                    "пн": [
                        "07:09",
                        "07:49",
                        "08:32",
                        "09:22",
                        "10:02",
                        "11:22",
                        "12:02",
                        "12:47",
                        "13:29",
                        "14:12",
                        "14:52",
                        "15:37",
                        "16:17",
                        "16:57",
                        "17:47",
                        "18:27",
                        "19:17"
                    ],
                    "вт": [
                        "07:09",
                        "07:49",
                        "08:32",
                        "09:22",
                        "10:02",
                        "11:22",
                        "12:02",
                        "12:47",
                        "13:29",
                        "14:12",
                        "14:52",
                        "15:37",
                        "16:17",
                        "16:57",
                        "17:47",
                        "18:27",
                        "19:17"
                    ],
                    "ср": [
                        "07:09",
                        "07:49",
                        "08:32",
                        "09:22",
                        "10:02",
                        "11:22",
                        "12:02",
                        "12:47",
                        "13:29",
                        "14:12",
                        "14:52",
                        "15:37",
                        "16:17",
                        "16:57",
                        "17:47",
                        "18:27",
                        "19:17"
                    ],
                    "чт": [
                        "07:09",
                        "07:49",
                        "08:32",
                        "09:22",
                        "10:02",
                        "11:22",
                        "12:02",
                        "12:47",
                        "13:29",
                        "14:12",
                        "14:52",
                        "15:37",
                        "16:17",
                        "16:57",
                        "17:47",
                        "18:27",
                        "19:17"
                    ],
                    "пт": [
                        "07:09",
                        "07:49",
                        "08:32",
                        "09:22",
                        "10:02",
                        "11:22",
                        "12:02",
                        "12:47",
                        "13:29",
                        "14:12",
                        "14:52",
                        "15:37",
                        "16:17",
                        "16:57",
                        "17:47",
                        "18:27",
                        "19:17"
                    ],
                    "сб": [],
                    "вс": []
                }
            }
        },
        "Поликлиника - Индустриальный колледж": {
            "Поликлиника": {
                "id": "22872",
                "schedule": {
                    "пн": [
                        "06:33",
                        "07:10",
                        "07:55",
                        "08:33",
                        "09:25",
                        "10:40",
                        "11:25",
                        "12:05",
                        "12:55",
                        "13:30",
                        "14:15",
                        "14:55",
                        "15:40",
                        "16:20",
                        "17:05",
                        "17:50",
                        "18:35",
                        "19:50"
                    ],
                    "вт": [
                        "06:33",
                        "07:10",
                        "07:55",
                        "08:33",
                        "09:25",
                        "10:40",
                        "11:25",
                        "12:05",
                        "12:55",
                        "13:30",
                        "14:15",
                        "14:55",
                        "15:40",
                        "16:20",
                        "17:05",
                        "17:50",
                        "18:35",
                        "19:50"
                    ],
                    "ср": [
                        "06:33",
                        "07:10",
                        "07:55",
                        "08:33",
                        "09:25",
                        "10:40",
                        "11:25",
                        "12:05",
                        "12:55",
                        "13:30",
                        "14:15",
                        "14:55",
                        "15:40",
                        "16:20",
                        "17:05",
                        "17:50",
                        "18:35",
                        "19:50"
                    ],
                    "чт": [
                        "06:33",
                        "07:10",
                        "07:55",
                        "08:33",
                        "09:25",
                        "10:40",
                        "11:25",
                        "12:05",
                        "12:55",
                        "13:30",
                        "14:15",
                        "14:55",
                        "15:40",
                        "16:20",
                        "17:05",
                        "17:50",
                        "18:35",
                        "19:50"
                    ],
                    "пт": [
                        "06:33",
                        "07:10",
                        "07:55",
                        "08:33",
                        "09:25",
                        "10:40",
                        "11:25",
                        "12:05",
                        "12:55",
                        "13:30",
                        "14:15",
                        "14:55",
                        "15:40",
                        "16:20",
                        "17:05",
                        "17:50",
                        "18:35",
                        "19:50"
                    ],
                    "сб": [],
                    "вс": []
                }
            },
            "Гастелло": {
                "id": "22936",
                "schedule": {
                    "пн": [
                        "06:34",
                        "07:11",
                        "07:56",
                        "08:34",
                        "09:26",
                        "10:41",
                        "11:26",
                        "12:06",
                        "12:56",
                        "13:31",
                        "14:16",
                        "14:56",
                        "15:41",
                        "16:21",
                        "17:06",
                        "17:51",
                        "18:36",
                        "19:51"
                    ],
                    "вт": [
                        "06:34",
                        "07:11",
                        "07:56",
                        "08:34",
                        "09:26",
                        "10:41",
                        "11:26",
                        "12:06",
                        "12:56",
                        "13:31",
                        "14:16",
                        "14:56",
                        "15:41",
                        "16:21",
                        "17:06",
                        "17:51",
                        "18:36",
                        "19:51"
                    ],
                    "ср": [
                        "06:34",
                        "07:11",
                        "07:56",
                        "08:34",
                        "09:26",
                        "10:41",
                        "11:26",
                        "12:06",
                        "12:56",
                        "13:31",
                        "14:16",
                        "14:56",
                        "15:41",
                        "16:21",
                        "17:06",
                        "17:51",
                        "18:36",
                        "19:51"
                    ],
                    "чт": [
                        "06:34",
                        "07:11",
                        "07:56",
                        "08:34",
                        "09:26",
                        "10:41",
                        "11:26",
                        "12:06",
                        "12:56",
                        "13:31",
                        "14:16",
                        "14:56",
                        "15:41",
                        "16:21",
                        "17:06",
                        "17:51",
                        "18:36",
                        "19:51"
                    ],
                    "пт": [
                        "06:34",
                        "07:11",
                        "07:56",
                        "08:34",
                        "09:26",
                        "10:41",
                        "11:26",
                        "12:06",
                        "12:56",
                        "13:31",
                        "14:16",
                        "14:56",
                        "15:41",
                        "16:21",
                        "17:06",
                        "17:51",
                        "18:36",
                        "19:51"
                    ],
                    "сб": [],
                    "вс": []
                }
            },
            "Проектный институт": {
                "id": "13616",
                "schedule": {
                    "пн": [
                        "06:36",
                        "07:13",
                        "07:58",
                        "08:36",
                        "09:28",
                        "10:43",
                        "11:28",
                        "12:08",
                        "12:58",
                        "13:33",
                        "14:18",
                        "14:58",
                        "15:43",
                        "16:23",
                        "17:08",
                        "17:53",
                        "18:38",
                        "19:53"
                    ],
                    "вт": [
                        "06:36",
                        "07:13",
                        "07:58",
                        "08:36",
                        "09:28",
                        "10:43",
                        "11:28",
                        "12:08",
                        "12:58",
                        "13:33",
                        "14:18",
                        "14:58",
                        "15:43",
                        "16:23",
                        "17:08",
                        "17:53",
                        "18:38",
                        "19:53"
                    ],
                    "ср": [
                        "06:36",
                        "07:13",
                        "07:58",
                        "08:36",
                        "09:28",
                        "10:43",
                        "11:28",
                        "12:08",
                        "12:58",
                        "13:33",
                        "14:18",
                        "14:58",
                        "15:43",
                        "16:23",
                        "17:08",
                        "17:53",
                        "18:38",
                        "19:53"
                    ],
                    "чт": [
                        "06:36",
                        "07:13",
                        "07:58",
                        "08:36",
                        "09:28",
                        "10:43",
                        "11:28",
                        "12:08",
                        "12:58",
                        "13:33",
                        "14:18",
                        "14:58",
                        "15:43",
                        "16:23",
                        "17:08",
                        "17:53",
                        "18:38",
                        "19:53"
                    ],
                    "пт": [
                        "06:36",
                        "07:13",
                        "07:58",
                        "08:36",
                        "09:28",
                        "10:43",
                        "11:28",
                        "12:08",
                        "12:58",
                        "13:33",
                        "14:18",
                        "14:58",
                        "15:43",
                        "16:23",
                        "17:08",
                        "17:53",
                        "18:38",
                        "19:53"
                    ],
                    "сб": [],
                    "вс": []
                }
            },
            "Типография": {
                "id": "13738",
                "schedule": {
                    "пн": [
                        "06:37",
                        "07:14",
                        "07:59",
                        "08:37",
                        "09:29",
                        "10:44",
                        "11:29",
                        "12:09",
                        "12:59",
                        "13:34",
                        "14:19",
                        "14:59",
                        "15:44",
                        "16:24",
                        "17:09",
                        "17:54",
                        "18:39",
                        "19:54"
                    ],
                    "вт": [
                        "06:37",
                        "07:14",
                        "07:59",
                        "08:37",
                        "09:29",
                        "10:44",
                        "11:29",
                        "12:09",
                        "12:59",
                        "13:34",
                        "14:19",
                        "14:59",
                        "15:44",
                        "16:24",
                        "17:09",
                        "17:54",
                        "18:39",
                        "19:54"
                    ],
                    "ср": [
                        "06:37",
                        "07:14",
                        "07:59",
                        "08:37",
                        "09:29",
                        "10:44",
                        "11:29",
                        "12:09",
                        "12:59",
                        "13:34",
                        "14:19",
                        "14:59",
                        "15:44",
                        "16:24",
                        "17:09",
                        "17:54",
                        "18:39",
                        "19:54"
                    ],
                    "чт": [
                        "06:37",
                        "07:14",
                        "07:59",
                        "08:37",
                        "09:29",
                        "10:44",
                        "11:29",
                        "12:09",
                        "12:59",
                        "13:34",
                        "14:19",
                        "14:59",
                        "15:44",
                        "16:24",
                        "17:09",
                        "17:54",
                        "18:39",
                        "19:54"
                    ],
                    "пт": [
                        "06:37",
                        "07:14",
                        "07:59",
                        "08:37",
                        "09:29",
                        "10:44",
                        "11:29",
                        "12:09",
                        "12:59",
                        "13:34",
                        "14:19",
                        "14:59",
                        "15:44",
                        "16:24",
                        "17:09",
                        "17:54",
                        "18:39",
                        "19:54"
                    ],
                    "сб": [],
                    "вс": []
                }
            },
            "Дом культуры": {
                "id": "5451",
                "schedule": {
                    "пн": [
                        "06:40",
                        "07:17",
                        "08:02",
                        "08:40",
                        "09:32",
                        "10:47",
                        "11:32",
                        "12:12",
                        "13:02",
                        "13:37",
                        "14:22",
                        "15:02",
                        "15:47",
                        "16:27",
                        "17:12",
                        "17:57",
                        "18:42",
                        "19:57"
                    ],
                    "вт": [
                        "06:40",
                        "07:17",
                        "08:02",
                        "08:40",
                        "09:32",
                        "10:47",
                        "11:32",
                        "12:12",
                        "13:02",
                        "13:37",
                        "14:22",
                        "15:02",
                        "15:47",
                        "16:27",
                        "17:12",
                        "17:57",
                        "18:42",
                        "19:57"
                    ],
                    "ср": [
                        "06:40",
                        "07:17",
                        "08:02",
                        "08:40",
                        "09:32",
                        "10:47",
                        "11:32",
                        "12:12",
                        "13:02",
                        "13:37",
                        "14:22",
                        "15:02",
                        "15:47",
                        "16:27",
                        "17:12",
                        "17:57",
                        "18:42",
                        "19:57"
                    ],
                    "чт": [
                        "06:40",
                        "07:17",
                        "08:02",
                        "08:40",
                        "09:32",
                        "10:47",
                        "11:32",
                        "12:12",
                        "13:02",
                        "13:37",
                        "14:22",
                        "15:02",
                        "15:47",
                        "16:27",
                        "17:12",
                        "17:57",
                        "18:42",
                        "19:57"
                    ],
                    "пт": [
                        "06:40",
                        "07:17",
                        "08:02",
                        "08:40",
                        "09:32",
                        "10:47",
                        "11:32",
                        "12:12",
                        "13:02",
                        "13:37",
                        "14:22",
                        "15:02",
                        "15:47",
                        "16:27",
                        "17:12",
                        "17:57",
                        "18:42",
                        "19:57"
                    ],
                    "сб": [],
                    "вс": []
                }
            },
            "1 Августа": {
                "id": "5413",
                "schedule": {
                    "пн": [
                        "06:43",
                        "07:20",
                        "08:05",
                        "08:43",
                        "09:35",
                        "10:50",
                        "11:35",
                        "12:15",
                        "13:05",
                        "13:40",
                        "14:25",
                        "15:05",
                        "15:50",
                        "16:30",
                        "17:15",
                        "18:00",
                        "18:45",
                        "20:00"
                    ],
                    "вт": [
                        "06:43",
                        "07:20",
                        "08:05",
                        "08:43",
                        "09:35",
                        "10:50",
                        "11:35",
                        "12:15",
                        "13:05",
                        "13:40",
                        "14:25",
                        "15:05",
                        "15:50",
                        "16:30",
                        "17:15",
                        "18:00",
                        "18:45",
                        "20:00"
                    ],
                    "ср": [
                        "06:43",
                        "07:20",
                        "08:05",
                        "08:43",
                        "09:35",
                        "10:50",
                        "11:35",
                        "12:15",
                        "13:05",
                        "13:40",
                        "14:25",
                        "15:05",
                        "15:50",
                        "16:30",
                        "17:15",
                        "18:00",
                        "18:45",
                        "20:00"
                    ],
                    "чт": [
                        "06:43",
                        "07:20",
                        "08:05",
                        "08:43",
                        "09:35",
                        "10:50",
                        "11:35",
                        "12:15",
                        "13:05",
                        "13:40",
                        "14:25",
                        "15:05",
                        "15:50",
                        "16:30",
                        "17:15",
                        "18:00",
                        "18:45",
                        "20:00"
                    ],
                    "пт": [
                        "06:43",
                        "07:20",
                        "08:05",
                        "08:43",
                        "09:35",
                        "10:50",
                        "11:35",
                        "12:15",
                        "13:05",
                        "13:40",
                        "14:25",
                        "15:05",
                        "15:50",
                        "16:30",
                        "17:15",
                        "18:00",
                        "18:45",
                        "20:00"
                    ],
                    "сб": [],
                    "вс": []
                }
            },
            "Зелёная": {
                "id": "5533",
                "schedule": {
                    "пн": [
                        "06:45",
                        "07:22",
                        "08:07",
                        "08:45",
                        "09:37",
                        "10:52",
                        "11:37",
                        "12:17",
                        "13:07",
                        "13:42",
                        "14:27",
                        "15:07",
                        "15:52",
                        "16:32",
                        "17:17",
                        "18:02",
                        "18:47",
                        "20:02"
                    ],
                    "вт": [
                        "06:45",
                        "07:22",
                        "08:07",
                        "08:45",
                        "09:37",
                        "10:52",
                        "11:37",
                        "12:17",
                        "13:07",
                        "13:42",
                        "14:27",
                        "15:07",
                        "15:52",
                        "16:32",
                        "17:17",
                        "18:02",
                        "18:47",
                        "20:02"
                    ],
                    "ср": [
                        "06:45",
                        "07:22",
                        "08:07",
                        "08:45",
                        "09:37",
                        "10:52",
                        "11:37",
                        "12:17",
                        "13:07",
                        "13:42",
                        "14:27",
                        "15:07",
                        "15:52",
                        "16:32",
                        "17:17",
                        "18:02",
                        "18:47",
                        "20:02"
                    ],
                    "чт": [
                        "06:45",
                        "07:22",
                        "08:07",
                        "08:45",
                        "09:37",
                        "10:52",
                        "11:37",
                        "12:17",
                        "13:07",
                        "13:42",
                        "14:27",
                        "15:07",
                        "15:52",
                        "16:32",
                        "17:17",
                        "18:02",
                        "18:47",
                        "20:02"
                    ],
                    "пт": [
                        "06:45",
                        "07:22",
                        "08:07",
                        "08:45",
                        "09:37",
                        "10:52",
                        "11:37",
                        "12:17",
                        "13:07",
                        "13:42",
                        "14:27",
                        "15:07",
                        "15:52",
                        "16:32",
                        "17:17",
                        "18:02",
                        "18:47",
                        "20:02"
                    ],
                    "сб": [],
                    "вс": []
                }
            },
            "Минская": {
                "id": "29880",
                "schedule": {
                    "пн": [
                        "06:47",
                        "07:24",
                        "08:09",
                        "08:47",
                        "09:39",
                        "10:54",
                        "11:39",
                        "12:19",
                        "13:09",
                        "13:44",
                        "14:29",
                        "15:09",
                        "15:54",
                        "16:34",
                        "17:19",
                        "18:04",
                        "18:49",
                        "20:04"
                    ],
                    "вт": [
                        "06:47",
                        "07:24",
                        "08:09",
                        "08:47",
                        "09:39",
                        "10:54",
                        "11:39",
                        "12:19",
                        "13:09",
                        "13:44",
                        "14:29",
                        "15:09",
                        "15:54",
                        "16:34",
                        "17:19",
                        "18:04",
                        "18:49",
                        "20:04"
                    ],
                    "ср": [
                        "06:47",
                        "07:24",
                        "08:09",
                        "08:47",
                        "09:39",
                        "10:54",
                        "11:39",
                        "12:19",
                        "13:09",
                        "13:44",
                        "14:29",
                        "15:09",
                        "15:54",
                        "16:34",
                        "17:19",
                        "18:04",
                        "18:49",
                        "20:04"
                    ],
                    "чт": [
                        "06:47",
                        "07:24",
                        "08:09",
                        "08:47",
                        "09:39",
                        "10:54",
                        "11:39",
                        "12:19",
                        "13:09",
                        "13:44",
                        "14:29",
                        "15:09",
                        "15:54",
                        "16:34",
                        "17:19",
                        "18:04",
                        "18:49",
                        "20:04"
                    ],
                    "пт": [
                        "06:47",
                        "07:24",
                        "08:09",
                        "08:47",
                        "09:39",
                        "10:54",
                        "11:39",
                        "12:19",
                        "13:09",
                        "13:44",
                        "14:29",
                        "15:09",
                        "15:54",
                        "16:34",
                        "17:19",
                        "18:04",
                        "18:49",
                        "20:04"
                    ],
                    "сб": [],
                    "вс": []
                }
            },
            "Кольцевая": {
                "id": "29945",
                "schedule": {
                    "пн": [
                        "06:48",
                        "07:25",
                        "08:10",
                        "08:48",
                        "09:40",
                        "10:55",
                        "11:40",
                        "12:20",
                        "13:10",
                        "13:45",
                        "14:30",
                        "15:10",
                        "15:55",
                        "16:35",
                        "17:20",
                        "18:05",
                        "18:50",
                        "20:05"
                    ],
                    "вт": [
                        "06:48",
                        "07:25",
                        "08:10",
                        "08:48",
                        "09:40",
                        "10:55",
                        "11:40",
                        "12:20",
                        "13:10",
                        "13:45",
                        "14:30",
                        "15:10",
                        "15:55",
                        "16:35",
                        "17:20",
                        "18:05",
                        "18:50",
                        "20:05"
                    ],
                    "ср": [
                        "06:48",
                        "07:25",
                        "08:10",
                        "08:48",
                        "09:40",
                        "10:55",
                        "11:40",
                        "12:20",
                        "13:10",
                        "13:45",
                        "14:30",
                        "15:10",
                        "15:55",
                        "16:35",
                        "17:20",
                        "18:05",
                        "18:50",
                        "20:05"
                    ],
                    "чт": [
                        "06:48",
                        "07:25",
                        "08:10",
                        "08:48",
                        "09:40",
                        "10:55",
                        "11:40",
                        "12:20",
                        "13:10",
                        "13:45",
                        "14:30",
                        "15:10",
                        "15:55",
                        "16:35",
                        "17:20",
                        "18:05",
                        "18:50",
                        "20:05"
                    ],
                    "пт": [
                        "06:48",
                        "07:25",
                        "08:10",
                        "08:48",
                        "09:40",
                        "10:55",
                        "11:40",
                        "12:20",
                        "13:10",
                        "13:45",
                        "14:30",
                        "15:10",
                        "15:55",
                        "16:35",
                        "17:20",
                        "18:05",
                        "18:50",
                        "20:05"
                    ],
                    "сб": [],
                    "вс": []
                }
            },
            "Индустриальный колледж": {
                "id": "22830",
                "schedule": {
                    "пн": [
                        "06:49",
                        "07:26",
                        "08:11",
                        "08:49",
                        "09:41",
                        "10:56",
                        "11:41",
                        "12:21",
                        "13:11",
                        "13:46",
                        "14:31",
                        "15:11",
                        "15:56",
                        "16:36",
                        "17:21",
                        "18:06",
                        "18:51",
                        "20:06"
                    ],
                    "вт": [
                        "06:49",
                        "07:26",
                        "08:11",
                        "08:49",
                        "09:41",
                        "10:56",
                        "11:41",
                        "12:21",
                        "13:11",
                        "13:46",
                        "14:31",
                        "15:11",
                        "15:56",
                        "16:36",
                        "17:21",
                        "18:06",
                        "18:51",
                        "20:06"
                    ],
                    "ср": [
                        "06:49",
                        "07:26",
                        "08:11",
                        "08:49",
                        "09:41",
                        "10:56",
                        "11:41",
                        "12:21",
                        "13:11",
                        "13:46",
                        "14:31",
                        "15:11",
                        "15:56",
                        "16:36",
                        "17:21",
                        "18:06",
                        "18:51",
                        "20:06"
                    ],
                    "чт": [
                        "06:49",
                        "07:26",
                        "08:11",
                        "08:49",
                        "09:41",
                        "10:56",
                        "11:41",
                        "12:21",
                        "13:11",
                        "13:46",
                        "14:31",
                        "15:11",
                        "15:56",
                        "16:36",
                        "17:21",
                        "18:06",
                        "18:51",
                        "20:06"
                    ],
                    "пт": [
                        "06:49",
                        "07:26",
                        "08:11",
                        "08:49",
                        "09:41",
                        "10:56",
                        "11:41",
                        "12:21",
                        "13:11",
                        "13:46",
                        "14:31",
                        "15:11",
                        "15:56",
                        "16:36",
                        "17:21",
                        "18:06",
                        "18:51",
                        "20:06"
                    ],
                    "сб": [],
                    "вс": []
                }
            }
        }
    }
}