{
    "13а": {
        "": {},
        "Индустриальный колледж - Автобусный парк №2": {
            "Индустриальный колледж": {
                "id": "22830",
                "schedule": {
                    "пн": [
                        "20:08"
                    ],
                    "вт": [
                        "20:08"
                    ],
                    "ср": [
                        "20:08"
                    ],
                    "чт": [
                        "20:08"
                    ],
                    "пт": [
                        "20:08"
                    ],
                    "сб": [],
                    "вс": []
                }
            },
            "Кольцевая": {
                "id": "29717",
                "schedule": {
                    "пн": [
                        "20:09"
                    ],
                    "вт": [
                        "20:09"
                    ],
                    "ср": [
                        "20:09"
                    ],
                    "чт": [
                        "20:09"
                    ],
                    "пт": [
                        "20:09"
                    ],
                    "сб": [],
                    "вс": []
                }
            },
            "Минская": {
                "id": "29836",
                "schedule": {
                    "пн": [
                        "20:10"
                    ],
                    "вт": [
                        "20:10"
                    ],
                    "ср": [
                        "20:10"
                    ],
                    "чт": [
                        "20:10"
                    ],
                    "пт": [
                        "20:10"
                    ],
                    "сб": [],
                    "вс": []
                }
            },
            "Борисовца": {
                "id": "5398",
                "schedule": {
                    "пн": [
                        "20:12"
                    ],
                    "вт": [
                        "20:12"
                    ],
                    "ср": [
                        "20:12"
                    ],
                    "чт": [
                        "20:12"
                    ],
                    "пт": [
                        "20:12"
                    ],
                    "сб": [],
                    "вс": []
                }
            },
            "Зелёная": {
                "id": "5586",
                "schedule": {
                    "пн": [
                        "20:13"
                    ],
                    "вт": [
                        "20:13"
                    ],
                    "ср": [
                        "20:13"
                    ],
                    "чт": [
                        "20:13"
                    ],
                    "пт": [
                        "20:13"
                    ],
                    "сб": [],
                    "вс": []
                }
            },
            "1 Августа": {
                "id": "5532",
                "schedule": {
                    "пн": [
                        "20:14"
                    ],
                    "вт": [
                        "20:14"
                    ],
                    "ср": [
                        "20:14"
                    ],
                    "чт": [
                        "20:14"
                    ],
                    "пт": [
                        "20:14"
                    ],
                    "сб": [],
                    "вс": []
                }
            },
            "Молодёжный центр": {
                "id": "5503",
                "schedule": {
                    "пн": [
                        "20:16"
                    ],
                    "вт": [
                        "20:16"
                    ],
                    "ср": [
                        "20:16"
                    ],
                    "чт": [
                        "20:16"
                    ],
                    "пт": [
                        "20:16"
                    ],
                    "сб": [],
                    "вс": []
                }
            },
            "Дом культуры": {
                "id": "5384",
                "schedule": {
                    "пн": [
                        "20:18"
                    ],
                    "вт": [
                        "20:18"
                    ],
                    "ср": [
                        "20:18"
                    ],
                    "чт": [
                        "20:18"
                    ],
                    "пт": [
                        "20:18"
                    ],
                    "сб": [],
                    "вс": []
                }
            },
            "Копыльская": {
                "id": "5513",
                "schedule": {
                    "пн": [
                        "20:20"
                    ],
                    "вт": [
                        "20:20"
                    ],
                    "ср": [
                        "20:20"
                    ],
                    "чт": [
                        "20:20"
                    ],
                    "пт": [
                        "20:20"
                    ],
                    "сб": [],
                    "вс": []
                }
            },
            "Рынок": {
                "id": "5596",
                "schedule": {
                    "пн": [
                        "20:22"
                    ],
                    "вт": [
                        "20:22"
                    ],
                    "ср": [
                        "20:22"
                    ],
                    "чт": [
                        "20:22"
                    ],
                    "пт": [
                        "20:22"
                    ],
                    "сб": [],
                    "вс": []
                }
            },
            "Медицинский колледж": {
                "id": "5626",
                "schedule": {
                    "пн": [
                        "20:25"
                    ],
                    "вт": [
                        "20:25"
                    ],
                    "ср": [
                        "20:25"
                    ],
                    "чт": [
                        "20:25"
                    ],
                    "пт": [
                        "20:25"
                    ],
                    "сб": [],
                    "вс": []
                }
            },
            "Школа № 2": {
                "id": "5562",
                "schedule": {
                    "пн": [
                        "20:27"
                    ],
                    "вт": [
                        "20:27"
                    ],
                    "ср": [
                        "20:27"
                    ],
                    "чт": [
                        "20:27"
                    ],
                    "пт": [
                        "20:27"
                    ],
                    "сб": [],
                    "вс": []
                }
            },
            "Городок": {
                "id": "34466",
                "schedule": {
                    "пн": [
                        "20:28"
                    ],
                    "вт": [
                        "20:28"
                    ],
                    "ср": [
                        "20:28"
                    ],
                    "чт": [
                        "20:28"
                    ],
                    "пт": [
                        "20:28"
                    ],
                    "сб": [],
                    "вс": []
                }
            },
            "Майский посад": {
                "id": "34478",
                "schedule": {
                    "пн": [
                        "20:29"
                    ],
                    "вт": [
                        "20:29"
                    ],
                    "ср": [
                        "20:29"
                    ],
                    "чт": [
                        "20:29"
                    ],
                    "пт": [
                        "20:29"
                    ],
                    "сб": [],
                    "вс": []
                }
            },
            "Сыродельный комбинат": {
                "id": "34503",
                "schedule": {
                    "пн": [
                        "20:31"
                    ],
                    "вт": [
                        "20:31"
                    ],
                    "ср": [
                        "20:31"
                    ],
                    "чт": [
                        "20:31"
                    ],
                    "пт": [
                        "20:31"
                    ],
                    "сб": [],
                    "вс": []
                }
            },
            "Автобусный парк №2": {
                "id": "34519",
                "schedule": {
                    "пн": [
                        "20:33"
                    ],
                    "вт": [
                        "20:33"
                    ],
                    "ср": [
                        "20:33"
                    ],
                    "чт": [
                        "20:33"
                    ],
                    "пт": [
                        "20:33"
                    ],
                    "сб": [],
                    "вс": []
                }
            }
        }
    }
}