{
    "13п": {
        "Автобусный парк №2 - Поликлиника": {
            "Автобусный парк №2": {
                "id": "34519",
                "schedule": {
                    "пн": [
                        "06:15"
                    ],
                    "вт": [
                        "06:15"
                    ],
                    "ср": [
                        "06:15"
                    ],
                    "чт": [
                        "06:15"
                    ],
                    "пт": [
                        "06:15"
                    ],
                    "сб": [],
                    "вс": []
                }
            },
            "Сыродельный комбинат": {
                "id": "34413",
                "schedule": {
                    "пн": [
                        "06:16"
                    ],
                    "вт": [
                        "06:16"
                    ],
                    "ср": [
                        "06:16"
                    ],
                    "чт": [
                        "06:16"
                    ],
                    "пт": [
                        "06:16"
                    ],
                    "сб": [],
                    "вс": []
                }
            },
            "Майский посад": {
                "id": "34541",
                "schedule": {
                    "пн": [
                        "06:17"
                    ],
                    "вт": [
                        "06:17"
                    ],
                    "ср": [
                        "06:17"
                    ],
                    "чт": [
                        "06:17"
                    ],
                    "пт": [
                        "06:17"
                    ],
                    "сб": [],
                    "вс": []
                }
            },
            "Городок": {
                "id": "5376",
                "schedule": {
                    "пн": [
                        "06:19"
                    ],
                    "вт": [
                        "06:19"
                    ],
                    "ср": [
                        "06:19"
                    ],
                    "чт": [
                        "06:19"
                    ],
                    "пт": [
                        "06:19"
                    ],
                    "сб": [],
                    "вс": []
                }
            },
            "Школа № 2": {
                "id": "5429",
                "schedule": {
                    "пн": [
                        "06:20"
                    ],
                    "вт": [
                        "06:20"
                    ],
                    "ср": [
                        "06:20"
                    ],
                    "чт": [
                        "06:20"
                    ],
                    "пт": [
                        "06:20"
                    ],
                    "сб": [],
                    "вс": []
                }
            },
            "Медицинский колледж": {
                "id": "5537",
                "schedule": {
                    "пн": [
                        "06:22"
                    ],
                    "вт": [
                        "06:22"
                    ],
                    "ср": [
                        "06:22"
                    ],
                    "чт": [
                        "06:22"
                    ],
                    "пт": [
                        "06:22"
                    ],
                    "сб": [],
                    "вс": []
                }
            },
            "Рынок": {
                "id": "5584",
                "schedule": {
                    "пн": [
                        "06:25"
                    ],
                    "вт": [
                        "06:25"
                    ],
                    "ср": [
                        "06:25"
                    ],
                    "чт": [
                        "06:25"
                    ],
                    "пт": [
                        "06:25"
                    ],
                    "сб": [],
                    "вс": []
                }
            },
            "Аптека № 80": {
                "id": "5553",
                "schedule": {
                    "пн": [
                        "06:27"
                    ],
                    "вт": [
                        "06:27"
                    ],
                    "ср": [
                        "06:27"
                    ],
                    "чт": [
                        "06:27"
                    ],
                    "пт": [
                        "06:27"
                    ],
                    "сб": [],
                    "вс": []
                }
            },
            "Слуцкие Пояса": {
                "id": "13779",
                "schedule": {
                    "пн": [
                        "06:30"
                    ],
                    "вт": [
                        "06:30"
                    ],
                    "ср": [
                        "06:30"
                    ],
                    "чт": [
                        "06:30"
                    ],
                    "пт": [
                        "06:30"
                    ],
                    "сб": [],
                    "вс": []
                }
            },
            "Проектный институт": {
                "id": "13733",
                "schedule": {
                    "пн": [
                        "06:31"
                    ],
                    "вт": [
                        "06:31"
                    ],
                    "ср": [
                        "06:31"
                    ],
                    "чт": [
                        "06:31"
                    ],
                    "пт": [
                        "06:31"
                    ],
                    "сб": [],
                    "вс": []
                }
            },
            "Поликлиника": {
                "id": "22872",
                "schedule": {
                    "пн": [
                        "06:33"
                    ],
                    "вт": [
                        "06:33"
                    ],
                    "ср": [
                        "06:33"
                    ],
                    "чт": [
                        "06:33"
                    ],
                    "пт": [
                        "06:33"
                    ],
                    "сб": [],
                    "вс": []
                }
            }
        },
        "": {}
    }
}