{
    "14": {
        "Автобус №14‍": {
            "Поликлиника": {
                "id": "22872",
                "schedule": {
                    "пн": [
                        "07:41",
                        "08:28",
                        "09:10",
                        "09:52",
                        "11:04",
                        "11:46",
                        "12:28",
                        "13:10",
                        "13:52",
                        "14:34",
                        "15:16",
                        "15:58",
                        "17:18",
                        "18:16",
                        "18:57",
                        "19:39",
                        "20:21"
                    ],
                    "вт": [
                        "07:41",
                        "08:28",
                        "09:10",
                        "09:52",
                        "11:04",
                        "11:46",
                        "12:28",
                        "13:10",
                        "13:52",
                        "14:34",
                        "15:16",
                        "15:58",
                        "17:18",
                        "18:16",
                        "18:57",
                        "19:39",
                        "20:21"
                    ],
                    "ср": [
                        "07:41",
                        "08:28",
                        "09:10",
                        "09:52",
                        "11:04",
                        "11:46",
                        "12:28",
                        "13:10",
                        "13:52",
                        "14:34",
                        "15:16",
                        "15:58",
                        "17:18",
                        "18:16",
                        "18:57",
                        "19:39",
                        "20:21"
                    ],
                    "чт": [
                        "07:41",
                        "08:28",
                        "09:10",
                        "09:52",
                        "11:04",
                        "11:46",
                        "12:28",
                        "13:10",
                        "13:52",
                        "14:34",
                        "15:16",
                        "15:58",
                        "17:18",
                        "18:16",
                        "18:57",
                        "19:39",
                        "20:21"
                    ],
                    "пт": [
                        "07:41",
                        "08:28",
                        "09:10",
                        "09:52",
                        "11:04",
                        "11:46",
                        "12:28",
                        "13:10",
                        "13:52",
                        "14:34",
                        "15:16",
                        "15:58",
                        "17:18",
                        "18:16",
                        "18:57",
                        "19:39",
                        "20:21"
                    ],
                    "сб": [
                        "08:28",
                        "09:10",
                        "09:52",
                        "11:04",
                        "11:46",
                        "12:28",
                        "13:10",
                        "13:52",
                        "14:34",
                        "15:16"
                    ],
                    "вс": [
                        "09:10",
                        "09:52",
                        "11:04",
                        "11:46",
                        "12:28",
                        "13:10",
                        "13:52",
                        "14:34",
                        "15:16"
                    ]
                }
            },
            "Гастелло": {
                "id": "22936",
                "schedule": {
                    "пн": [
                        "07:42",
                        "08:29",
                        "09:11",
                        "09:53",
                        "11:05",
                        "11:47",
                        "12:29",
                        "13:11",
                        "13:53",
                        "14:35",
                        "15:17",
                        "15:59",
                        "17:19",
                        "18:17",
                        "18:58",
                        "19:40",
                        "20:22"
                    ],
                    "вт": [
                        "07:42",
                        "08:29",
                        "09:11",
                        "09:53",
                        "11:05",
                        "11:47",
                        "12:29",
                        "13:11",
                        "13:53",
                        "14:35",
                        "15:17",
                        "15:59",
                        "17:19",
                        "18:17",
                        "18:58",
                        "19:40",
                        "20:22"
                    ],
                    "ср": [
                        "07:42",
                        "08:29",
                        "09:11",
                        "09:53",
                        "11:05",
                        "11:47",
                        "12:29",
                        "13:11",
                        "13:53",
                        "14:35",
                        "15:17",
                        "15:59",
                        "17:19",
                        "18:17",
                        "18:58",
                        "19:40",
                        "20:22"
                    ],
                    "чт": [
                        "07:42",
                        "08:29",
                        "09:11",
                        "09:53",
                        "11:05",
                        "11:47",
                        "12:29",
                        "13:11",
                        "13:53",
                        "14:35",
                        "15:17",
                        "15:59",
                        "17:19",
                        "18:17",
                        "18:58",
                        "19:40",
                        "20:22"
                    ],
                    "пт": [
                        "07:42",
                        "08:29",
                        "09:11",
                        "09:53",
                        "11:05",
                        "11:47",
                        "12:29",
                        "13:11",
                        "13:53",
                        "14:35",
                        "15:17",
                        "15:59",
                        "17:19",
                        "18:17",
                        "18:58",
                        "19:40",
                        "20:22"
                    ],
                    "сб": [
                        "08:29",
                        "09:11",
                        "09:53",
                        "11:05",
                        "11:47",
                        "12:29",
                        "13:11",
                        "13:53",
                        "14:35",
                        "15:17"
                    ],
                    "вс": [
                        "09:11",
                        "09:53",
                        "11:05",
                        "11:47",
                        "12:29",
                        "13:11",
                        "13:53",
                        "14:35",
                        "15:17"
                    ]
                }
            },
            "Проектный институт": {
                "id": "13616",
                "schedule": {
                    "пн": [
                        "07:44",
                        "08:31",
                        "09:13",
                        "09:55",
                        "11:07",
                        "11:49",
                        "12:31",
                        "13:13",
                        "13:55",
                        "14:37",
                        "15:19",
                        "16:01",
                        "17:21",
                        "18:19",
                        "19:00",
                        "19:42",
                        "20:24"
                    ],
                    "вт": [
                        "07:44",
                        "08:31",
                        "09:13",
                        "09:55",
                        "11:07",
                        "11:49",
                        "12:31",
                        "13:13",
                        "13:55",
                        "14:37",
                        "15:19",
                        "16:01",
                        "17:21",
                        "18:19",
                        "19:00",
                        "19:42",
                        "20:24"
                    ],
                    "ср": [
                        "07:44",
                        "08:31",
                        "09:13",
                        "09:55",
                        "11:07",
                        "11:49",
                        "12:31",
                        "13:13",
                        "13:55",
                        "14:37",
                        "15:19",
                        "16:01",
                        "17:21",
                        "18:19",
                        "19:00",
                        "19:42",
                        "20:24"
                    ],
                    "чт": [
                        "07:44",
                        "08:31",
                        "09:13",
                        "09:55",
                        "11:07",
                        "11:49",
                        "12:31",
                        "13:13",
                        "13:55",
                        "14:37",
                        "15:19",
                        "16:01",
                        "17:21",
                        "18:19",
                        "19:00",
                        "19:42",
                        "20:24"
                    ],
                    "пт": [
                        "07:44",
                        "08:31",
                        "09:13",
                        "09:55",
                        "11:07",
                        "11:49",
                        "12:31",
                        "13:13",
                        "13:55",
                        "14:37",
                        "15:19",
                        "16:01",
                        "17:21",
                        "18:19",
                        "19:00",
                        "19:42",
                        "20:24"
                    ],
                    "сб": [
                        "08:31",
                        "09:13",
                        "09:55",
                        "11:07",
                        "11:49",
                        "12:31",
                        "13:13",
                        "13:55",
                        "14:37",
                        "15:19"
                    ],
                    "вс": [
                        "09:13",
                        "09:55",
                        "11:07",
                        "11:49",
                        "12:31",
                        "13:13",
                        "13:55",
                        "14:37",
                        "15:19"
                    ]
                }
            },
            "Типография": {
                "id": "13738",
                "schedule": {
                    "пн": [
                        "07:45",
                        "08:32",
                        "09:14",
                        "09:56",
                        "11:08",
                        "11:50",
                        "12:32",
                        "13:14",
                        "13:56",
                        "14:38",
                        "15:20",
                        "16:02",
                        "17:22",
                        "18:20",
                        "19:01",
                        "19:43",
                        "20:25"
                    ],
                    "вт": [
                        "07:45",
                        "08:32",
                        "09:14",
                        "09:56",
                        "11:08",
                        "11:50",
                        "12:32",
                        "13:14",
                        "13:56",
                        "14:38",
                        "15:20",
                        "16:02",
                        "17:22",
                        "18:20",
                        "19:01",
                        "19:43",
                        "20:25"
                    ],
                    "ср": [
                        "07:45",
                        "08:32",
                        "09:14",
                        "09:56",
                        "11:08",
                        "11:50",
                        "12:32",
                        "13:14",
                        "13:56",
                        "14:38",
                        "15:20",
                        "16:02",
                        "17:22",
                        "18:20",
                        "19:01",
                        "19:43",
                        "20:25"
                    ],
                    "чт": [
                        "07:45",
                        "08:32",
                        "09:14",
                        "09:56",
                        "11:08",
                        "11:50",
                        "12:32",
                        "13:14",
                        "13:56",
                        "14:38",
                        "15:20",
                        "16:02",
                        "17:22",
                        "18:20",
                        "19:01",
                        "19:43",
                        "20:25"
                    ],
                    "пт": [
                        "07:45",
                        "08:32",
                        "09:14",
                        "09:56",
                        "11:08",
                        "11:50",
                        "12:32",
                        "13:14",
                        "13:56",
                        "14:38",
                        "15:20",
                        "16:02",
                        "17:22",
                        "18:20",
                        "19:01",
                        "19:43",
                        "20:25"
                    ],
                    "сб": [
                        "08:32",
                        "09:14",
                        "09:56",
                        "11:08",
                        "11:50",
                        "12:32",
                        "13:14",
                        "13:56",
                        "14:38",
                        "15:20"
                    ],
                    "вс": [
                        "09:14",
                        "09:56",
                        "11:08",
                        "11:50",
                        "12:32",
                        "13:14",
                        "13:56",
                        "14:38",
                        "15:20"
                    ]
                }
            },
            "Дом культуры": {
                "id": "5451",
                "schedule": {
                    "пн": [
                        "07:48",
                        "08:35",
                        "09:17",
                        "09:59",
                        "11:11",
                        "11:53",
                        "12:35",
                        "13:17",
                        "13:59",
                        "14:41",
                        "15:23",
                        "16:05",
                        "17:25",
                        "18:23",
                        "19:04",
                        "19:46",
                        "20:28"
                    ],
                    "вт": [
                        "07:48",
                        "08:35",
                        "09:17",
                        "09:59",
                        "11:11",
                        "11:53",
                        "12:35",
                        "13:17",
                        "13:59",
                        "14:41",
                        "15:23",
                        "16:05",
                        "17:25",
                        "18:23",
                        "19:04",
                        "19:46",
                        "20:28"
                    ],
                    "ср": [
                        "07:48",
                        "08:35",
                        "09:17",
                        "09:59",
                        "11:11",
                        "11:53",
                        "12:35",
                        "13:17",
                        "13:59",
                        "14:41",
                        "15:23",
                        "16:05",
                        "17:25",
                        "18:23",
                        "19:04",
                        "19:46",
                        "20:28"
                    ],
                    "чт": [
                        "07:48",
                        "08:35",
                        "09:17",
                        "09:59",
                        "11:11",
                        "11:53",
                        "12:35",
                        "13:17",
                        "13:59",
                        "14:41",
                        "15:23",
                        "16:05",
                        "17:25",
                        "18:23",
                        "19:04",
                        "19:46",
                        "20:28"
                    ],
                    "пт": [
                        "07:48",
                        "08:35",
                        "09:17",
                        "09:59",
                        "11:11",
                        "11:53",
                        "12:35",
                        "13:17",
                        "13:59",
                        "14:41",
                        "15:23",
                        "16:05",
                        "17:25",
                        "18:23",
                        "19:04",
                        "19:46",
                        "20:28"
                    ],
                    "сб": [
                        "08:35",
                        "09:17",
                        "09:59",
                        "11:11",
                        "11:53",
                        "12:35",
                        "13:17",
                        "13:59",
                        "14:41",
                        "15:23"
                    ],
                    "вс": [
                        "09:17",
                        "09:59",
                        "11:11",
                        "11:53",
                        "12:35",
                        "13:17",
                        "13:59",
                        "14:41",
                        "15:23"
                    ]
                }
            },
            "Молодёжный центр": {
                "id": "5629",
                "schedule": {
                    "пн": [
                        "07:51",
                        "08:38",
                        "09:20",
                        "10:02",
                        "11:14",
                        "11:56",
                        "12:38",
                        "13:20",
                        "14:02",
                        "14:44",
                        "15:26",
                        "16:08",
                        "17:28",
                        "18:26",
                        "19:07",
                        "19:49",
                        "20:31"
                    ],
                    "вт": [
                        "07:51",
                        "08:38",
                        "09:20",
                        "10:02",
                        "11:14",
                        "11:56",
                        "12:38",
                        "13:20",
                        "14:02",
                        "14:44",
                        "15:26",
                        "16:08",
                        "17:28",
                        "18:26",
                        "19:07",
                        "19:49",
                        "20:31"
                    ],
                    "ср": [
                        "07:51",
                        "08:38",
                        "09:20",
                        "10:02",
                        "11:14",
                        "11:56",
                        "12:38",
                        "13:20",
                        "14:02",
                        "14:44",
                        "15:26",
                        "16:08",
                        "17:28",
                        "18:26",
                        "19:07",
                        "19:49",
                        "20:31"
                    ],
                    "чт": [
                        "07:51",
                        "08:38",
                        "09:20",
                        "10:02",
                        "11:14",
                        "11:56",
                        "12:38",
                        "13:20",
                        "14:02",
                        "14:44",
                        "15:26",
                        "16:08",
                        "17:28",
                        "18:26",
                        "19:07",
                        "19:49",
                        "20:31"
                    ],
                    "пт": [
                        "07:51",
                        "08:38",
                        "09:20",
                        "10:02",
                        "11:14",
                        "11:56",
                        "12:38",
                        "13:20",
                        "14:02",
                        "14:44",
                        "15:26",
                        "16:08",
                        "17:28",
                        "18:26",
                        "19:07",
                        "19:49",
                        "20:31"
                    ],
                    "сб": [
                        "08:38",
                        "09:20",
                        "10:02",
                        "11:14",
                        "11:56",
                        "12:38",
                        "13:20",
                        "14:02",
                        "14:44",
                        "15:26"
                    ],
                    "вс": [
                        "09:20",
                        "10:02",
                        "11:14",
                        "11:56",
                        "12:38",
                        "13:20",
                        "14:02",
                        "14:44",
                        "15:26"
                    ]
                }
            },
            "Центр соцобслуживания": {
                "id": "5477",
                "schedule": {
                    "пн": [
                        "07:52",
                        "08:39",
                        "09:21",
                        "10:03",
                        "11:15",
                        "11:57",
                        "12:39",
                        "13:21",
                        "14:03",
                        "14:45",
                        "15:27",
                        "16:09",
                        "17:29",
                        "18:27",
                        "19:08",
                        "19:50",
                        "20:32"
                    ],
                    "вт": [
                        "07:52",
                        "08:39",
                        "09:21",
                        "10:03",
                        "11:15",
                        "11:57",
                        "12:39",
                        "13:21",
                        "14:03",
                        "14:45",
                        "15:27",
                        "16:09",
                        "17:29",
                        "18:27",
                        "19:08",
                        "19:50",
                        "20:32"
                    ],
                    "ср": [
                        "07:52",
                        "08:39",
                        "09:21",
                        "10:03",
                        "11:15",
                        "11:57",
                        "12:39",
                        "13:21",
                        "14:03",
                        "14:45",
                        "15:27",
                        "16:09",
                        "17:29",
                        "18:27",
                        "19:08",
                        "19:50",
                        "20:32"
                    ],
                    "чт": [
                        "07:52",
                        "08:39",
                        "09:21",
                        "10:03",
                        "11:15",
                        "11:57",
                        "12:39",
                        "13:21",
                        "14:03",
                        "14:45",
                        "15:27",
                        "16:09",
                        "17:29",
                        "18:27",
                        "19:08",
                        "19:50",
                        "20:32"
                    ],
                    "пт": [
                        "07:52",
                        "08:39",
                        "09:21",
                        "10:03",
                        "11:15",
                        "11:57",
                        "12:39",
                        "13:21",
                        "14:03",
                        "14:45",
                        "15:27",
                        "16:09",
                        "17:29",
                        "18:27",
                        "19:08",
                        "19:50",
                        "20:32"
                    ],
                    "сб": [
                        "08:39",
                        "09:21",
                        "10:03",
                        "11:15",
                        "11:57",
                        "12:39",
                        "13:21",
                        "14:03",
                        "14:45",
                        "15:27"
                    ],
                    "вс": [
                        "09:21",
                        "10:03",
                        "11:15",
                        "11:57",
                        "12:39",
                        "13:21",
                        "14:03",
                        "14:45",
                        "15:27"
                    ]
                }
            },
            "Садовый проезд": {
                "id": "5621",
                "schedule": {
                    "пн": [
                        "07:53",
                        "08:40",
                        "09:22",
                        "10:04",
                        "11:16",
                        "11:58",
                        "12:40",
                        "13:22",
                        "14:04",
                        "14:46",
                        "15:28",
                        "16:10",
                        "17:30",
                        "18:28",
                        "19:09",
                        "19:51",
                        "20:33"
                    ],
                    "вт": [
                        "07:53",
                        "08:40",
                        "09:22",
                        "10:04",
                        "11:16",
                        "11:58",
                        "12:40",
                        "13:22",
                        "14:04",
                        "14:46",
                        "15:28",
                        "16:10",
                        "17:30",
                        "18:28",
                        "19:09",
                        "19:51",
                        "20:33"
                    ],
                    "ср": [
                        "07:53",
                        "08:40",
                        "09:22",
                        "10:04",
                        "11:16",
                        "11:58",
                        "12:40",
                        "13:22",
                        "14:04",
                        "14:46",
                        "15:28",
                        "16:10",
                        "17:30",
                        "18:28",
                        "19:09",
                        "19:51",
                        "20:33"
                    ],
                    "чт": [
                        "07:53",
                        "08:40",
                        "09:22",
                        "10:04",
                        "11:16",
                        "11:58",
                        "12:40",
                        "13:22",
                        "14:04",
                        "14:46",
                        "15:28",
                        "16:10",
                        "17:30",
                        "18:28",
                        "19:09",
                        "19:51",
                        "20:33"
                    ],
                    "пт": [
                        "07:53",
                        "08:40",
                        "09:22",
                        "10:04",
                        "11:16",
                        "11:58",
                        "12:40",
                        "13:22",
                        "14:04",
                        "14:46",
                        "15:28",
                        "16:10",
                        "17:30",
                        "18:28",
                        "19:09",
                        "19:51",
                        "20:33"
                    ],
                    "сб": [
                        "08:40",
                        "09:22",
                        "10:04",
                        "11:16",
                        "11:58",
                        "12:40",
                        "13:22",
                        "14:04",
                        "14:46",
                        "15:28"
                    ],
                    "вс": [
                        "09:22",
                        "10:04",
                        "11:16",
                        "11:58",
                        "12:40",
                        "13:22",
                        "14:04",
                        "14:46",
                        "15:28"
                    ]
                }
            },
            "Собор Архангела Михаила": {
                "id": "5433",
                "schedule": {
                    "пн": [
                        "07:54",
                        "08:41",
                        "09:23",
                        "10:05",
                        "11:17",
                        "11:59",
                        "12:41",
                        "13:23",
                        "14:05",
                        "14:47",
                        "15:29",
                        "16:11",
                        "17:31",
                        "18:29",
                        "19:10",
                        "19:52",
                        "20:34"
                    ],
                    "вт": [
                        "07:54",
                        "08:41",
                        "09:23",
                        "10:05",
                        "11:17",
                        "11:59",
                        "12:41",
                        "13:23",
                        "14:05",
                        "14:47",
                        "15:29",
                        "16:11",
                        "17:31",
                        "18:29",
                        "19:10",
                        "19:52",
                        "20:34"
                    ],
                    "ср": [
                        "07:54",
                        "08:41",
                        "09:23",
                        "10:05",
                        "11:17",
                        "11:59",
                        "12:41",
                        "13:23",
                        "14:05",
                        "14:47",
                        "15:29",
                        "16:11",
                        "17:31",
                        "18:29",
                        "19:10",
                        "19:52",
                        "20:34"
                    ],
                    "чт": [
                        "07:54",
                        "08:41",
                        "09:23",
                        "10:05",
                        "11:17",
                        "11:59",
                        "12:41",
                        "13:23",
                        "14:05",
                        "14:47",
                        "15:29",
                        "16:11",
                        "17:31",
                        "18:29",
                        "19:10",
                        "19:52",
                        "20:34"
                    ],
                    "пт": [
                        "07:54",
                        "08:41",
                        "09:23",
                        "10:05",
                        "11:17",
                        "11:59",
                        "12:41",
                        "13:23",
                        "14:05",
                        "14:47",
                        "15:29",
                        "16:11",
                        "17:31",
                        "18:29",
                        "19:10",
                        "19:52",
                        "20:34"
                    ],
                    "сб": [
                        "08:41",
                        "09:23",
                        "10:05",
                        "11:17",
                        "11:59",
                        "12:41",
                        "13:23",
                        "14:05",
                        "14:47",
                        "15:29"
                    ],
                    "вс": [
                        "09:23",
                        "10:05",
                        "11:17",
                        "11:59",
                        "12:41",
                        "13:23",
                        "14:05",
                        "14:47",
                        "15:29"
                    ]
                }
            },
            "Школа № 8": {
                "id": "5623",
                "schedule": {
                    "пн": [
                        "07:55",
                        "08:42",
                        "09:24",
                        "10:06",
                        "11:18",
                        "12:00",
                        "12:42",
                        "13:24",
                        "14:06",
                        "14:48",
                        "15:30",
                        "16:12",
                        "17:32",
                        "18:30",
                        "19:11",
                        "19:53",
                        "20:35"
                    ],
                    "вт": [
                        "07:55",
                        "08:42",
                        "09:24",
                        "10:06",
                        "11:18",
                        "12:00",
                        "12:42",
                        "13:24",
                        "14:06",
                        "14:48",
                        "15:30",
                        "16:12",
                        "17:32",
                        "18:30",
                        "19:11",
                        "19:53",
                        "20:35"
                    ],
                    "ср": [
                        "07:55",
                        "08:42",
                        "09:24",
                        "10:06",
                        "11:18",
                        "12:00",
                        "12:42",
                        "13:24",
                        "14:06",
                        "14:48",
                        "15:30",
                        "16:12",
                        "17:32",
                        "18:30",
                        "19:11",
                        "19:53",
                        "20:35"
                    ],
                    "чт": [
                        "07:55",
                        "08:42",
                        "09:24",
                        "10:06",
                        "11:18",
                        "12:00",
                        "12:42",
                        "13:24",
                        "14:06",
                        "14:48",
                        "15:30",
                        "16:12",
                        "17:32",
                        "18:30",
                        "19:11",
                        "19:53",
                        "20:35"
                    ],
                    "пт": [
                        "07:55",
                        "08:42",
                        "09:24",
                        "10:06",
                        "11:18",
                        "12:00",
                        "12:42",
                        "13:24",
                        "14:06",
                        "14:48",
                        "15:30",
                        "16:12",
                        "17:32",
                        "18:30",
                        "19:11",
                        "19:53",
                        "20:35"
                    ],
                    "сб": [
                        "08:42",
                        "09:24",
                        "10:06",
                        "11:18",
                        "12:00",
                        "12:42",
                        "13:24",
                        "14:06",
                        "14:48",
                        "15:30"
                    ],
                    "вс": [
                        "09:24",
                        "10:06",
                        "11:18",
                        "12:00",
                        "12:42",
                        "13:24",
                        "14:06",
                        "14:48",
                        "15:30"
                    ]
                }
            },
            "Торговый центр": {
                "id": "5543",
                "schedule": {
                    "пн": [
                        "07:56",
                        "08:43",
                        "09:25",
                        "10:07",
                        "11:19",
                        "12:01",
                        "12:43",
                        "13:25",
                        "14:07",
                        "14:49",
                        "15:31",
                        "16:13",
                        "17:33",
                        "18:31",
                        "19:12",
                        "19:54",
                        "20:36"
                    ],
                    "вт": [
                        "07:56",
                        "08:43",
                        "09:25",
                        "10:07",
                        "11:19",
                        "12:01",
                        "12:43",
                        "13:25",
                        "14:07",
                        "14:49",
                        "15:31",
                        "16:13",
                        "17:33",
                        "18:31",
                        "19:12",
                        "19:54",
                        "20:36"
                    ],
                    "ср": [
                        "07:56",
                        "08:43",
                        "09:25",
                        "10:07",
                        "11:19",
                        "12:01",
                        "12:43",
                        "13:25",
                        "14:07",
                        "14:49",
                        "15:31",
                        "16:13",
                        "17:33",
                        "18:31",
                        "19:12",
                        "19:54",
                        "20:36"
                    ],
                    "чт": [
                        "07:56",
                        "08:43",
                        "09:25",
                        "10:07",
                        "11:19",
                        "12:01",
                        "12:43",
                        "13:25",
                        "14:07",
                        "14:49",
                        "15:31",
                        "16:13",
                        "17:33",
                        "18:31",
                        "19:12",
                        "19:54",
                        "20:36"
                    ],
                    "пт": [
                        "07:56",
                        "08:43",
                        "09:25",
                        "10:07",
                        "11:19",
                        "12:01",
                        "12:43",
                        "13:25",
                        "14:07",
                        "14:49",
                        "15:31",
                        "16:13",
                        "17:33",
                        "18:31",
                        "19:12",
                        "19:54",
                        "20:36"
                    ],
                    "сб": [
                        "08:43",
                        "09:25",
                        "10:07",
                        "11:19",
                        "12:01",
                        "12:43",
                        "13:25",
                        "14:07",
                        "14:49",
                        "15:31"
                    ],
                    "вс": [
                        "09:25",
                        "10:07",
                        "11:19",
                        "12:01",
                        "12:43",
                        "13:25",
                        "14:07",
                        "14:49",
                        "15:31"
                    ]
                }
            },
            "Социалистическая": {
                "id": "5631",
                "schedule": {
                    "пн": [
                        "07:57",
                        "08:44",
                        "09:26",
                        "10:08",
                        "11:20",
                        "12:02",
                        "12:44",
                        "13:26",
                        "14:08",
                        "14:50",
                        "15:32",
                        "16:14",
                        "17:34",
                        "18:32",
                        "19:13",
                        "19:55",
                        "20:37"
                    ],
                    "вт": [
                        "07:57",
                        "08:44",
                        "09:26",
                        "10:08",
                        "11:20",
                        "12:02",
                        "12:44",
                        "13:26",
                        "14:08",
                        "14:50",
                        "15:32",
                        "16:14",
                        "17:34",
                        "18:32",
                        "19:13",
                        "19:55",
                        "20:37"
                    ],
                    "ср": [
                        "07:57",
                        "08:44",
                        "09:26",
                        "10:08",
                        "11:20",
                        "12:02",
                        "12:44",
                        "13:26",
                        "14:08",
                        "14:50",
                        "15:32",
                        "16:14",
                        "17:34",
                        "18:32",
                        "19:13",
                        "19:55",
                        "20:37"
                    ],
                    "чт": [
                        "07:57",
                        "08:44",
                        "09:26",
                        "10:08",
                        "11:20",
                        "12:02",
                        "12:44",
                        "13:26",
                        "14:08",
                        "14:50",
                        "15:32",
                        "16:14",
                        "17:34",
                        "18:32",
                        "19:13",
                        "19:55",
                        "20:37"
                    ],
                    "пт": [
                        "07:57",
                        "08:44",
                        "09:26",
                        "10:08",
                        "11:20",
                        "12:02",
                        "12:44",
                        "13:26",
                        "14:08",
                        "14:50",
                        "15:32",
                        "16:14",
                        "17:34",
                        "18:32",
                        "19:13",
                        "19:55",
                        "20:37"
                    ],
                    "сб": [
                        "08:44",
                        "09:26",
                        "10:08",
                        "11:20",
                        "12:02",
                        "12:44",
                        "13:26",
                        "14:08",
                        "14:50",
                        "15:32"
                    ],
                    "вс": [
                        "09:26",
                        "10:08",
                        "11:20",
                        "12:02",
                        "12:44",
                        "13:26",
                        "14:08",
                        "14:50",
                        "15:32"
                    ]
                }
            }
        },
        "Отправления с остановки": {
            "Социалистическая": {
                "id": "5631",
                "schedule": {
                    "пн": [
                        "07:16",
                        "08:05",
                        "08:47",
                        "09:29"
                    ],
                    "вт": [
                        "07:16",
                        "08:05",
                        "08:47",
                        "09:29"
                    ],
                    "ср": [
                        "07:16",
                        "08:05",
                        "08:47",
                        "09:29"
                    ],
                    "чт": [
                        "07:16",
                        "08:05",
                        "08:47",
                        "09:29"
                    ],
                    "пт": [
                        "07:16",
                        "08:05",
                        "08:47",
                        "09:29"
                    ],
                    "сб": [],
                    "вс": []
                }
            },
            "Торговый центр": {
                "id": "5581",
                "schedule": {
                    "пн": [
                        "07:17",
                        "08:06",
                        "08:48",
                        "09:30"
                    ],
                    "вт": [
                        "07:17",
                        "08:06",
                        "08:48",
                        "09:30"
                    ],
                    "ср": [
                        "07:17",
                        "08:06",
                        "08:48",
                        "09:30"
                    ],
                    "чт": [
                        "07:17",
                        "08:06",
                        "08:48",
                        "09:30"
                    ],
                    "пт": [
                        "07:17",
                        "08:06",
                        "08:48",
                        "09:30"
                    ],
                    "сб": [],
                    "вс": []
                }
            },
            "Школа № 8": {
                "id": "5592",
                "schedule": {
                    "пн": [
                        "07:18",
                        "08:07",
                        "08:49",
                        "09:31"
                    ],
                    "вт": [
                        "07:18",
                        "08:07",
                        "08:49",
                        "09:31"
                    ],
                    "ср": [
                        "07:18",
                        "08:07",
                        "08:49",
                        "09:31"
                    ],
                    "чт": [
                        "07:18",
                        "08:07",
                        "08:49",
                        "09:31"
                    ],
                    "пт": [
                        "07:18",
                        "08:07",
                        "08:49",
                        "09:31"
                    ],
                    "сб": [],
                    "вс": []
                }
            },
            "Собор Архангела Михаила": {
                "id": "5487",
                "schedule": {
                    "пн": [
                        "07:19",
                        "08:08",
                        "08:50",
                        "09:32"
                    ],
                    "вт": [
                        "07:19",
                        "08:08",
                        "08:50",
                        "09:32"
                    ],
                    "ср": [
                        "07:19",
                        "08:08",
                        "08:50",
                        "09:32"
                    ],
                    "чт": [
                        "07:19",
                        "08:08",
                        "08:50",
                        "09:32"
                    ],
                    "пт": [
                        "07:19",
                        "08:08",
                        "08:50",
                        "09:32"
                    ],
                    "сб": [],
                    "вс": []
                }
            },
            "Садовый проезд": {
                "id": "5382",
                "schedule": {
                    "пн": [
                        "07:20",
                        "08:09",
                        "08:51",
                        "09:33"
                    ],
                    "вт": [
                        "07:20",
                        "08:09",
                        "08:51",
                        "09:33"
                    ],
                    "ср": [
                        "07:20",
                        "08:09",
                        "08:51",
                        "09:33"
                    ],
                    "чт": [
                        "07:20",
                        "08:09",
                        "08:51",
                        "09:33"
                    ],
                    "пт": [
                        "07:20",
                        "08:09",
                        "08:51",
                        "09:33"
                    ],
                    "сб": [],
                    "вс": []
                }
            },
            "Центр соцобслуживания": {
                "id": "5610",
                "schedule": {
                    "пн": [
                        "07:21",
                        "08:10",
                        "08:52",
                        "09:34"
                    ],
                    "вт": [
                        "07:21",
                        "08:10",
                        "08:52",
                        "09:34"
                    ],
                    "ср": [
                        "07:21",
                        "08:10",
                        "08:52",
                        "09:34"
                    ],
                    "чт": [
                        "07:21",
                        "08:10",
                        "08:52",
                        "09:34"
                    ],
                    "пт": [
                        "07:21",
                        "08:10",
                        "08:52",
                        "09:34"
                    ],
                    "сб": [],
                    "вс": []
                }
            },
            "Молодёжный центр": {
                "id": "5503",
                "schedule": {
                    "пн": [
                        "07:23",
                        "08:12",
                        "08:54",
                        "09:36"
                    ],
                    "вт": [
                        "07:23",
                        "08:12",
                        "08:54",
                        "09:36"
                    ],
                    "ср": [
                        "07:23",
                        "08:12",
                        "08:54",
                        "09:36"
                    ],
                    "чт": [
                        "07:23",
                        "08:12",
                        "08:54",
                        "09:36"
                    ],
                    "пт": [
                        "07:23",
                        "08:12",
                        "08:54",
                        "09:36"
                    ],
                    "сб": [],
                    "вс": []
                }
            },
            "Дом культуры": {
                "id": "5384",
                "schedule": {
                    "пн": [
                        "07:25",
                        "08:14",
                        "08:56",
                        "09:38"
                    ],
                    "вт": [
                        "07:25",
                        "08:14",
                        "08:56",
                        "09:38"
                    ],
                    "ср": [
                        "07:25",
                        "08:14",
                        "08:56",
                        "09:38"
                    ],
                    "чт": [
                        "07:25",
                        "08:14",
                        "08:56",
                        "09:38"
                    ],
                    "пт": [
                        "07:25",
                        "08:14",
                        "08:56",
                        "09:38"
                    ],
                    "сб": [],
                    "вс": []
                }
            },
            "Слуцкие Пояса": {
                "id": "13779",
                "schedule": {
                    "пн": [
                        "07:29",
                        "08:18",
                        "09:00",
                        "09:42"
                    ],
                    "вт": [
                        "07:29",
                        "08:18",
                        "09:00",
                        "09:42"
                    ],
                    "ср": [
                        "07:29",
                        "08:18",
                        "09:00",
                        "09:42"
                    ],
                    "чт": [
                        "07:29",
                        "08:18",
                        "09:00",
                        "09:42"
                    ],
                    "пт": [
                        "07:29",
                        "08:18",
                        "09:00",
                        "09:42"
                    ],
                    "сб": [],
                    "вс": []
                }
            },
            "Проектный институт": {
                "id": "13733",
                "schedule": {
                    "пн": [
                        "07:30",
                        "08:19",
                        "09:01",
                        "09:43"
                    ],
                    "вт": [
                        "07:30",
                        "08:19",
                        "09:01",
                        "09:43"
                    ],
                    "ср": [
                        "07:30",
                        "08:19",
                        "09:01",
                        "09:43"
                    ],
                    "чт": [
                        "07:30",
                        "08:19",
                        "09:01",
                        "09:43"
                    ],
                    "пт": [
                        "07:30",
                        "08:19",
                        "09:01",
                        "09:43"
                    ],
                    "сб": [],
                    "вс": []
                }
            },
            "Поликлиника": {
                "id": "22872",
                "schedule": {
                    "пн": [
                        "07:32",
                        "08:21",
                        "09:03",
                        "09:45"
                    ],
                    "вт": [
                        "07:32",
                        "08:21",
                        "09:03",
                        "09:45"
                    ],
                    "ср": [
                        "07:32",
                        "08:21",
                        "09:03",
                        "09:45"
                    ],
                    "чт": [
                        "07:32",
                        "08:21",
                        "09:03",
                        "09:45"
                    ],
                    "пт": [
                        "07:32",
                        "08:21",
                        "09:03",
                        "09:45"
                    ],
                    "сб": [],
                    "вс": []
                }
            }
        }
    }
}