{
    "14л": {
        "Автобус №14л‍": {
            "Поликлиника": {
                "id": "22872",
                "schedule": {
                    "пн": [
                        "07:40",
                        "08:24",
                        "09:06"
                    ],
                    "вт": [
                        "07:40",
                        "08:24",
                        "09:06"
                    ],
                    "ср": [
                        "07:40",
                        "08:24",
                        "09:06"
                    ],
                    "чт": [
                        "07:40",
                        "08:24",
                        "09:06"
                    ],
                    "пт": [
                        "07:40",
                        "08:24",
                        "09:06"
                    ],
                    "сб": [],
                    "вс": []
                }
            },
            "Гастелло": {
                "id": "22936",
                "schedule": {
                    "пн": [
                        "07:41",
                        "08:25",
                        "09:07"
                    ],
                    "вт": [
                        "07:41",
                        "08:25",
                        "09:07"
                    ],
                    "ср": [
                        "07:41",
                        "08:25",
                        "09:07"
                    ],
                    "чт": [
                        "07:41",
                        "08:25",
                        "09:07"
                    ],
                    "пт": [
                        "07:41",
                        "08:25",
                        "09:07"
                    ],
                    "сб": [],
                    "вс": []
                }
            },
            "Проектный институт": {
                "id": "13616",
                "schedule": {
                    "пн": [
                        "07:43",
                        "08:27",
                        "09:09"
                    ],
                    "вт": [
                        "07:43",
                        "08:27",
                        "09:09"
                    ],
                    "ср": [
                        "07:43",
                        "08:27",
                        "09:09"
                    ],
                    "чт": [
                        "07:43",
                        "08:27",
                        "09:09"
                    ],
                    "пт": [
                        "07:43",
                        "08:27",
                        "09:09"
                    ],
                    "сб": [],
                    "вс": []
                }
            },
            "Типография": {
                "id": "13738",
                "schedule": {
                    "пн": [
                        "07:44",
                        "08:28",
                        "09:10"
                    ],
                    "вт": [
                        "07:44",
                        "08:28",
                        "09:10"
                    ],
                    "ср": [
                        "07:44",
                        "08:28",
                        "09:10"
                    ],
                    "чт": [
                        "07:44",
                        "08:28",
                        "09:10"
                    ],
                    "пт": [
                        "07:44",
                        "08:28",
                        "09:10"
                    ],
                    "сб": [],
                    "вс": []
                }
            },
            "Дом культуры": {
                "id": "5451",
                "schedule": {
                    "пн": [
                        "07:47",
                        "08:31",
                        "09:13"
                    ],
                    "вт": [
                        "07:47",
                        "08:31",
                        "09:13"
                    ],
                    "ср": [
                        "07:47",
                        "08:31",
                        "09:13"
                    ],
                    "чт": [
                        "07:47",
                        "08:31",
                        "09:13"
                    ],
                    "пт": [
                        "07:47",
                        "08:31",
                        "09:13"
                    ],
                    "сб": [],
                    "вс": []
                }
            },
            "Молодёжный центр": {
                "id": "5608",
                "schedule": {
                    "пн": [
                        "07:49",
                        "08:33",
                        "09:15"
                    ],
                    "вт": [
                        "07:49",
                        "08:33",
                        "09:15"
                    ],
                    "ср": [
                        "07:49",
                        "08:33",
                        "09:15"
                    ],
                    "чт": [
                        "07:49",
                        "08:33",
                        "09:15"
                    ],
                    "пт": [
                        "07:49",
                        "08:33",
                        "09:15"
                    ],
                    "сб": [],
                    "вс": []
                }
            },
            "Советская": {
                "id": "5432",
                "schedule": {
                    "пн": [
                        "07:51",
                        "08:35",
                        "09:17"
                    ],
                    "вт": [
                        "07:51",
                        "08:35",
                        "09:17"
                    ],
                    "ср": [
                        "07:51",
                        "08:35",
                        "09:17"
                    ],
                    "чт": [
                        "07:51",
                        "08:35",
                        "09:17"
                    ],
                    "пт": [
                        "07:51",
                        "08:35",
                        "09:17"
                    ],
                    "сб": [],
                    "вс": []
                }
            },
            "Пушкина": {
                "id": "5529",
                "schedule": {
                    "пн": [
                        "07:53",
                        "08:37",
                        "09:19"
                    ],
                    "вт": [
                        "07:53",
                        "08:37",
                        "09:19"
                    ],
                    "ср": [
                        "07:53",
                        "08:37",
                        "09:19"
                    ],
                    "чт": [
                        "07:53",
                        "08:37",
                        "09:19"
                    ],
                    "пт": [
                        "07:53",
                        "08:37",
                        "09:19"
                    ],
                    "сб": [],
                    "вс": []
                }
            },
            "Суворова": {
                "id": "5505",
                "schedule": {
                    "пн": [
                        "07:54",
                        "08:38",
                        "09:20"
                    ],
                    "вт": [
                        "07:54",
                        "08:38",
                        "09:20"
                    ],
                    "ср": [
                        "07:54",
                        "08:38",
                        "09:20"
                    ],
                    "чт": [
                        "07:54",
                        "08:38",
                        "09:20"
                    ],
                    "пт": [
                        "07:54",
                        "08:38",
                        "09:20"
                    ],
                    "сб": [],
                    "вс": []
                }
            },
            "ДОСААФ": {
                "id": "5527",
                "schedule": {
                    "пн": [
                        "07:57",
                        "08:41",
                        "09:23"
                    ],
                    "вт": [
                        "07:57",
                        "08:41",
                        "09:23"
                    ],
                    "ср": [
                        "07:57",
                        "08:41",
                        "09:23"
                    ],
                    "чт": [
                        "07:57",
                        "08:41",
                        "09:23"
                    ],
                    "пт": [
                        "07:57",
                        "08:41",
                        "09:23"
                    ],
                    "сб": [],
                    "вс": []
                }
            },
            "Социалистическая": {
                "id": "5631",
                "schedule": {
                    "пн": [
                        "07:59",
                        "08:43",
                        "09:25"
                    ],
                    "вт": [
                        "07:59",
                        "08:43",
                        "09:25"
                    ],
                    "ср": [
                        "07:59",
                        "08:43",
                        "09:25"
                    ],
                    "чт": [
                        "07:59",
                        "08:43",
                        "09:25"
                    ],
                    "пт": [
                        "07:59",
                        "08:43",
                        "09:25"
                    ],
                    "сб": [],
                    "вс": []
                }
            }
        },
        "Отправления с остановки": {
            "Социалистическая": {
                "id": "5631",
                "schedule": {
                    "пн": [
                        "07:16",
                        "08:05",
                        "08:47",
                        "09:29",
                        "10:11",
                        "11:23",
                        "12:05",
                        "12:47",
                        "13:29",
                        "14:11",
                        "14:53",
                        "15:35",
                        "16:20",
                        "17:43",
                        "18:34",
                        "19:16",
                        "19:58"
                    ],
                    "вт": [
                        "07:16",
                        "08:05",
                        "08:47",
                        "09:29",
                        "10:11",
                        "11:23",
                        "12:05",
                        "12:47",
                        "13:29",
                        "14:11",
                        "14:53",
                        "15:35",
                        "16:20",
                        "17:43",
                        "18:34",
                        "19:16",
                        "19:58"
                    ],
                    "ср": [
                        "07:16",
                        "08:05",
                        "08:47",
                        "09:29",
                        "10:11",
                        "11:23",
                        "12:05",
                        "12:47",
                        "13:29",
                        "14:11",
                        "14:53",
                        "15:35",
                        "16:20",
                        "17:43",
                        "18:34",
                        "19:16",
                        "19:58"
                    ],
                    "чт": [
                        "07:16",
                        "08:05",
                        "08:47",
                        "09:29",
                        "10:11",
                        "11:23",
                        "12:05",
                        "12:47",
                        "13:29",
                        "14:11",
                        "14:53",
                        "15:35",
                        "16:20",
                        "17:43",
                        "18:34",
                        "19:16",
                        "19:58"
                    ],
                    "пт": [
                        "07:16",
                        "08:05",
                        "08:47",
                        "09:29",
                        "10:11",
                        "11:23",
                        "12:05",
                        "12:47",
                        "13:29",
                        "14:11",
                        "14:53",
                        "15:35",
                        "16:20",
                        "17:43",
                        "18:34",
                        "19:16",
                        "19:58"
                    ],
                    "сб": [
                        "08:05",
                        "08:47",
                        "09:29",
                        "10:11",
                        "11:23",
                        "12:05",
                        "12:47",
                        "13:29",
                        "14:11",
                        "14:53"
                    ],
                    "вс": [
                        "09:29",
                        "10:11",
                        "11:23",
                        "12:05",
                        "12:47",
                        "13:29",
                        "14:11",
                        "14:53"
                    ]
                }
            },
            "ДОСААФ": {
                "id": "5418",
                "schedule": {
                    "пн": [
                        "07:18",
                        "08:07",
                        "08:49",
                        "09:31",
                        "10:13",
                        "11:25",
                        "12:07",
                        "12:49",
                        "13:31",
                        "14:13",
                        "14:55",
                        "15:37",
                        "16:22",
                        "17:45",
                        "18:36",
                        "19:18",
                        "20:00"
                    ],
                    "вт": [
                        "07:18",
                        "08:07",
                        "08:49",
                        "09:31",
                        "10:13",
                        "11:25",
                        "12:07",
                        "12:49",
                        "13:31",
                        "14:13",
                        "14:55",
                        "15:37",
                        "16:22",
                        "17:45",
                        "18:36",
                        "19:18",
                        "20:00"
                    ],
                    "ср": [
                        "07:18",
                        "08:07",
                        "08:49",
                        "09:31",
                        "10:13",
                        "11:25",
                        "12:07",
                        "12:49",
                        "13:31",
                        "14:13",
                        "14:55",
                        "15:37",
                        "16:22",
                        "17:45",
                        "18:36",
                        "19:18",
                        "20:00"
                    ],
                    "чт": [
                        "07:18",
                        "08:07",
                        "08:49",
                        "09:31",
                        "10:13",
                        "11:25",
                        "12:07",
                        "12:49",
                        "13:31",
                        "14:13",
                        "14:55",
                        "15:37",
                        "16:22",
                        "17:45",
                        "18:36",
                        "19:18",
                        "20:00"
                    ],
                    "пт": [
                        "07:18",
                        "08:07",
                        "08:49",
                        "09:31",
                        "10:13",
                        "11:25",
                        "12:07",
                        "12:49",
                        "13:31",
                        "14:13",
                        "14:55",
                        "15:37",
                        "16:22",
                        "17:45",
                        "18:36",
                        "19:18",
                        "20:00"
                    ],
                    "сб": [
                        "08:07",
                        "08:49",
                        "09:31",
                        "10:13",
                        "11:25",
                        "12:07",
                        "12:49",
                        "13:31",
                        "14:13",
                        "14:55"
                    ],
                    "вс": [
                        "09:31",
                        "10:13",
                        "11:25",
                        "12:07",
                        "12:49",
                        "13:31",
                        "14:13",
                        "14:55"
                    ]
                }
            },
            "Школа № 9": {
                "id": "53612",
                "schedule": {
                    "пн": [
                        "07:19",
                        "08:08",
                        "08:50",
                        "09:32",
                        "10:14",
                        "11:26",
                        "12:08",
                        "12:50",
                        "13:32",
                        "14:14",
                        "14:56",
                        "15:38",
                        "16:23",
                        "17:46",
                        "18:37",
                        "19:19",
                        "20:01"
                    ],
                    "вт": [
                        "07:19",
                        "08:08",
                        "08:50",
                        "09:32",
                        "10:14",
                        "11:26",
                        "12:08",
                        "12:50",
                        "13:32",
                        "14:14",
                        "14:56",
                        "15:38",
                        "16:23",
                        "17:46",
                        "18:37",
                        "19:19",
                        "20:01"
                    ],
                    "ср": [
                        "07:19",
                        "08:08",
                        "08:50",
                        "09:32",
                        "10:14",
                        "11:26",
                        "12:08",
                        "12:50",
                        "13:32",
                        "14:14",
                        "14:56",
                        "15:38",
                        "16:23",
                        "17:46",
                        "18:37",
                        "19:19",
                        "20:01"
                    ],
                    "чт": [
                        "07:19",
                        "08:08",
                        "08:50",
                        "09:32",
                        "10:14",
                        "11:26",
                        "12:08",
                        "12:50",
                        "13:32",
                        "14:14",
                        "14:56",
                        "15:38",
                        "16:23",
                        "17:46",
                        "18:37",
                        "19:19",
                        "20:01"
                    ],
                    "пт": [
                        "07:19",
                        "08:08",
                        "08:50",
                        "09:32",
                        "10:14",
                        "11:26",
                        "12:08",
                        "12:50",
                        "13:32",
                        "14:14",
                        "14:56",
                        "15:38",
                        "16:23",
                        "17:46",
                        "18:37",
                        "19:19",
                        "20:01"
                    ],
                    "сб": [
                        "08:08",
                        "08:50",
                        "09:32",
                        "10:14",
                        "11:26",
                        "12:08",
                        "12:50",
                        "13:32",
                        "14:14",
                        "14:56"
                    ],
                    "вс": [
                        "09:32",
                        "10:14",
                        "11:26",
                        "12:08",
                        "12:50",
                        "13:32",
                        "14:14",
                        "14:56"
                    ]
                }
            },
            "Суворова": {
                "id": "5577",
                "schedule": {
                    "пн": [
                        "07:21",
                        "08:10",
                        "08:52",
                        "09:34",
                        "10:16",
                        "11:28",
                        "12:10",
                        "12:52",
                        "13:34",
                        "14:16",
                        "14:58",
                        "15:40",
                        "16:25",
                        "17:48",
                        "18:39",
                        "19:21",
                        "20:03"
                    ],
                    "вт": [
                        "07:21",
                        "08:10",
                        "08:52",
                        "09:34",
                        "10:16",
                        "11:28",
                        "12:10",
                        "12:52",
                        "13:34",
                        "14:16",
                        "14:58",
                        "15:40",
                        "16:25",
                        "17:48",
                        "18:39",
                        "19:21",
                        "20:03"
                    ],
                    "ср": [
                        "07:21",
                        "08:10",
                        "08:52",
                        "09:34",
                        "10:16",
                        "11:28",
                        "12:10",
                        "12:52",
                        "13:34",
                        "14:16",
                        "14:58",
                        "15:40",
                        "16:25",
                        "17:48",
                        "18:39",
                        "19:21",
                        "20:03"
                    ],
                    "чт": [
                        "07:21",
                        "08:10",
                        "08:52",
                        "09:34",
                        "10:16",
                        "11:28",
                        "12:10",
                        "12:52",
                        "13:34",
                        "14:16",
                        "14:58",
                        "15:40",
                        "16:25",
                        "17:48",
                        "18:39",
                        "19:21",
                        "20:03"
                    ],
                    "пт": [
                        "07:21",
                        "08:10",
                        "08:52",
                        "09:34",
                        "10:16",
                        "11:28",
                        "12:10",
                        "12:52",
                        "13:34",
                        "14:16",
                        "14:58",
                        "15:40",
                        "16:25",
                        "17:48",
                        "18:39",
                        "19:21",
                        "20:03"
                    ],
                    "сб": [
                        "08:10",
                        "08:52",
                        "09:34",
                        "10:16",
                        "11:28",
                        "12:10",
                        "12:52",
                        "13:34",
                        "14:16",
                        "14:58"
                    ],
                    "вс": [
                        "09:34",
                        "10:16",
                        "11:28",
                        "12:10",
                        "12:52",
                        "13:34",
                        "14:16",
                        "14:58"
                    ]
                }
            },
            "Пушкина": {
                "id": "5585",
                "schedule": {
                    "пн": [
                        "07:22",
                        "08:11",
                        "08:53",
                        "09:35",
                        "10:17",
                        "11:29",
                        "12:11",
                        "12:53",
                        "13:35",
                        "14:17",
                        "14:59",
                        "15:41",
                        "16:26",
                        "17:49",
                        "18:40",
                        "19:22",
                        "20:04"
                    ],
                    "вт": [
                        "07:22",
                        "08:11",
                        "08:53",
                        "09:35",
                        "10:17",
                        "11:29",
                        "12:11",
                        "12:53",
                        "13:35",
                        "14:17",
                        "14:59",
                        "15:41",
                        "16:26",
                        "17:49",
                        "18:40",
                        "19:22",
                        "20:04"
                    ],
                    "ср": [
                        "07:22",
                        "08:11",
                        "08:53",
                        "09:35",
                        "10:17",
                        "11:29",
                        "12:11",
                        "12:53",
                        "13:35",
                        "14:17",
                        "14:59",
                        "15:41",
                        "16:26",
                        "17:49",
                        "18:40",
                        "19:22",
                        "20:04"
                    ],
                    "чт": [
                        "07:22",
                        "08:11",
                        "08:53",
                        "09:35",
                        "10:17",
                        "11:29",
                        "12:11",
                        "12:53",
                        "13:35",
                        "14:17",
                        "14:59",
                        "15:41",
                        "16:26",
                        "17:49",
                        "18:40",
                        "19:22",
                        "20:04"
                    ],
                    "пт": [
                        "07:22",
                        "08:11",
                        "08:53",
                        "09:35",
                        "10:17",
                        "11:29",
                        "12:11",
                        "12:53",
                        "13:35",
                        "14:17",
                        "14:59",
                        "15:41",
                        "16:26",
                        "17:49",
                        "18:40",
                        "19:22",
                        "20:04"
                    ],
                    "сб": [
                        "08:11",
                        "08:53",
                        "09:35",
                        "10:17",
                        "11:29",
                        "12:11",
                        "12:53",
                        "13:35",
                        "14:17",
                        "14:59"
                    ],
                    "вс": [
                        "09:35",
                        "10:17",
                        "11:29",
                        "12:11",
                        "12:53",
                        "13:35",
                        "14:17",
                        "14:59"
                    ]
                }
            },
            "Советская": {
                "id": "5547",
                "schedule": {
                    "пн": [
                        "07:24",
                        "08:13",
                        "08:55",
                        "09:37",
                        "10:19",
                        "11:31",
                        "12:13",
                        "12:55",
                        "13:37",
                        "14:19",
                        "15:01",
                        "15:43",
                        "16:28",
                        "17:51",
                        "18:42",
                        "19:24",
                        "20:06"
                    ],
                    "вт": [
                        "07:24",
                        "08:13",
                        "08:55",
                        "09:37",
                        "10:19",
                        "11:31",
                        "12:13",
                        "12:55",
                        "13:37",
                        "14:19",
                        "15:01",
                        "15:43",
                        "16:28",
                        "17:51",
                        "18:42",
                        "19:24",
                        "20:06"
                    ],
                    "ср": [
                        "07:24",
                        "08:13",
                        "08:55",
                        "09:37",
                        "10:19",
                        "11:31",
                        "12:13",
                        "12:55",
                        "13:37",
                        "14:19",
                        "15:01",
                        "15:43",
                        "16:28",
                        "17:51",
                        "18:42",
                        "19:24",
                        "20:06"
                    ],
                    "чт": [
                        "07:24",
                        "08:13",
                        "08:55",
                        "09:37",
                        "10:19",
                        "11:31",
                        "12:13",
                        "12:55",
                        "13:37",
                        "14:19",
                        "15:01",
                        "15:43",
                        "16:28",
                        "17:51",
                        "18:42",
                        "19:24",
                        "20:06"
                    ],
                    "пт": [
                        "07:24",
                        "08:13",
                        "08:55",
                        "09:37",
                        "10:19",
                        "11:31",
                        "12:13",
                        "12:55",
                        "13:37",
                        "14:19",
                        "15:01",
                        "15:43",
                        "16:28",
                        "17:51",
                        "18:42",
                        "19:24",
                        "20:06"
                    ],
                    "сб": [
                        "08:13",
                        "08:55",
                        "09:37",
                        "10:19",
                        "11:31",
                        "12:13",
                        "12:55",
                        "13:37",
                        "14:19",
                        "15:01"
                    ],
                    "вс": [
                        "09:37",
                        "10:19",
                        "11:31",
                        "12:13",
                        "12:55",
                        "13:37",
                        "14:19",
                        "15:01"
                    ]
                }
            },
            "Молодёжный центр": {
                "id": "5503",
                "schedule": {
                    "пн": [
                        "07:26",
                        "08:15",
                        "08:57",
                        "09:39",
                        "10:21",
                        "11:33",
                        "12:15",
                        "12:57",
                        "13:39",
                        "14:21",
                        "15:03",
                        "15:45",
                        "16:30",
                        "17:53",
                        "18:44",
                        "19:26",
                        "20:08"
                    ],
                    "вт": [
                        "07:26",
                        "08:15",
                        "08:57",
                        "09:39",
                        "10:21",
                        "11:33",
                        "12:15",
                        "12:57",
                        "13:39",
                        "14:21",
                        "15:03",
                        "15:45",
                        "16:30",
                        "17:53",
                        "18:44",
                        "19:26",
                        "20:08"
                    ],
                    "ср": [
                        "07:26",
                        "08:15",
                        "08:57",
                        "09:39",
                        "10:21",
                        "11:33",
                        "12:15",
                        "12:57",
                        "13:39",
                        "14:21",
                        "15:03",
                        "15:45",
                        "16:30",
                        "17:53",
                        "18:44",
                        "19:26",
                        "20:08"
                    ],
                    "чт": [
                        "07:26",
                        "08:15",
                        "08:57",
                        "09:39",
                        "10:21",
                        "11:33",
                        "12:15",
                        "12:57",
                        "13:39",
                        "14:21",
                        "15:03",
                        "15:45",
                        "16:30",
                        "17:53",
                        "18:44",
                        "19:26",
                        "20:08"
                    ],
                    "пт": [
                        "07:26",
                        "08:15",
                        "08:57",
                        "09:39",
                        "10:21",
                        "11:33",
                        "12:15",
                        "12:57",
                        "13:39",
                        "14:21",
                        "15:03",
                        "15:45",
                        "16:30",
                        "17:53",
                        "18:44",
                        "19:26",
                        "20:08"
                    ],
                    "сб": [
                        "08:15",
                        "08:57",
                        "09:39",
                        "10:21",
                        "11:33",
                        "12:15",
                        "12:57",
                        "13:39",
                        "14:21",
                        "15:03"
                    ],
                    "вс": [
                        "09:39",
                        "10:21",
                        "11:33",
                        "12:15",
                        "12:57",
                        "13:39",
                        "14:21",
                        "15:03"
                    ]
                }
            },
            "Дом культуры": {
                "id": "5384",
                "schedule": {
                    "пн": [
                        "07:28",
                        "08:17",
                        "08:59",
                        "09:41",
                        "10:23",
                        "11:35",
                        "12:17",
                        "12:59",
                        "13:41",
                        "14:23",
                        "15:05",
                        "15:47",
                        "16:32",
                        "17:55",
                        "18:46",
                        "19:28",
                        "20:10"
                    ],
                    "вт": [
                        "07:28",
                        "08:17",
                        "08:59",
                        "09:41",
                        "10:23",
                        "11:35",
                        "12:17",
                        "12:59",
                        "13:41",
                        "14:23",
                        "15:05",
                        "15:47",
                        "16:32",
                        "17:55",
                        "18:46",
                        "19:28",
                        "20:10"
                    ],
                    "ср": [
                        "07:28",
                        "08:17",
                        "08:59",
                        "09:41",
                        "10:23",
                        "11:35",
                        "12:17",
                        "12:59",
                        "13:41",
                        "14:23",
                        "15:05",
                        "15:47",
                        "16:32",
                        "17:55",
                        "18:46",
                        "19:28",
                        "20:10"
                    ],
                    "чт": [
                        "07:28",
                        "08:17",
                        "08:59",
                        "09:41",
                        "10:23",
                        "11:35",
                        "12:17",
                        "12:59",
                        "13:41",
                        "14:23",
                        "15:05",
                        "15:47",
                        "16:32",
                        "17:55",
                        "18:46",
                        "19:28",
                        "20:10"
                    ],
                    "пт": [
                        "07:28",
                        "08:17",
                        "08:59",
                        "09:41",
                        "10:23",
                        "11:35",
                        "12:17",
                        "12:59",
                        "13:41",
                        "14:23",
                        "15:05",
                        "15:47",
                        "16:32",
                        "17:55",
                        "18:46",
                        "19:28",
                        "20:10"
                    ],
                    "сб": [
                        "08:17",
                        "08:59",
                        "09:41",
                        "10:23",
                        "11:35",
                        "12:17",
                        "12:59",
                        "13:41",
                        "14:23",
                        "15:05"
                    ],
                    "вс": [
                        "09:41",
                        "10:23",
                        "11:35",
                        "12:17",
                        "12:59",
                        "13:41",
                        "14:23",
                        "15:05"
                    ]
                }
            },
            "Слуцкие Пояса": {
                "id": "13779",
                "schedule": {
                    "пн": [
                        "07:32",
                        "08:21",
                        "09:03",
                        "09:45",
                        "10:27",
                        "11:39",
                        "12:21",
                        "13:03",
                        "13:45",
                        "14:27",
                        "15:09",
                        "15:51",
                        "16:36",
                        "17:59",
                        "18:50",
                        "19:32",
                        "20:14"
                    ],
                    "вт": [
                        "07:32",
                        "08:21",
                        "09:03",
                        "09:45",
                        "10:27",
                        "11:39",
                        "12:21",
                        "13:03",
                        "13:45",
                        "14:27",
                        "15:09",
                        "15:51",
                        "16:36",
                        "17:59",
                        "18:50",
                        "19:32",
                        "20:14"
                    ],
                    "ср": [
                        "07:32",
                        "08:21",
                        "09:03",
                        "09:45",
                        "10:27",
                        "11:39",
                        "12:21",
                        "13:03",
                        "13:45",
                        "14:27",
                        "15:09",
                        "15:51",
                        "16:36",
                        "17:59",
                        "18:50",
                        "19:32",
                        "20:14"
                    ],
                    "чт": [
                        "07:32",
                        "08:21",
                        "09:03",
                        "09:45",
                        "10:27",
                        "11:39",
                        "12:21",
                        "13:03",
                        "13:45",
                        "14:27",
                        "15:09",
                        "15:51",
                        "16:36",
                        "17:59",
                        "18:50",
                        "19:32",
                        "20:14"
                    ],
                    "пт": [
                        "07:32",
                        "08:21",
                        "09:03",
                        "09:45",
                        "10:27",
                        "11:39",
                        "12:21",
                        "13:03",
                        "13:45",
                        "14:27",
                        "15:09",
                        "15:51",
                        "16:36",
                        "17:59",
                        "18:50",
                        "19:32",
                        "20:14"
                    ],
                    "сб": [
                        "08:21",
                        "09:03",
                        "09:45",
                        "10:27",
                        "11:39",
                        "12:21",
                        "13:03",
                        "13:45",
                        "14:27",
                        "15:09"
                    ],
                    "вс": [
                        "09:45",
                        "10:27",
                        "11:39",
                        "12:21",
                        "13:03",
                        "13:45",
                        "14:27",
                        "15:09"
                    ]
                }
            },
            "Проектный институт": {
                "id": "13733",
                "schedule": {
                    "пн": [
                        "07:33",
                        "08:22",
                        "09:04",
                        "09:46",
                        "10:28",
                        "11:40",
                        "12:22",
                        "13:04",
                        "13:46",
                        "14:28",
                        "15:10",
                        "15:52",
                        "16:37",
                        "18:00",
                        "18:51",
                        "19:33",
                        "20:15"
                    ],
                    "вт": [
                        "07:33",
                        "08:22",
                        "09:04",
                        "09:46",
                        "10:28",
                        "11:40",
                        "12:22",
                        "13:04",
                        "13:46",
                        "14:28",
                        "15:10",
                        "15:52",
                        "16:37",
                        "18:00",
                        "18:51",
                        "19:33",
                        "20:15"
                    ],
                    "ср": [
                        "07:33",
                        "08:22",
                        "09:04",
                        "09:46",
                        "10:28",
                        "11:40",
                        "12:22",
                        "13:04",
                        "13:46",
                        "14:28",
                        "15:10",
                        "15:52",
                        "16:37",
                        "18:00",
                        "18:51",
                        "19:33",
                        "20:15"
                    ],
                    "чт": [
                        "07:33",
                        "08:22",
                        "09:04",
                        "09:46",
                        "10:28",
                        "11:40",
                        "12:22",
                        "13:04",
                        "13:46",
                        "14:28",
                        "15:10",
                        "15:52",
                        "16:37",
                        "18:00",
                        "18:51",
                        "19:33",
                        "20:15"
                    ],
                    "пт": [
                        "07:33",
                        "08:22",
                        "09:04",
                        "09:46",
                        "10:28",
                        "11:40",
                        "12:22",
                        "13:04",
                        "13:46",
                        "14:28",
                        "15:10",
                        "15:52",
                        "16:37",
                        "18:00",
                        "18:51",
                        "19:33",
                        "20:15"
                    ],
                    "сб": [
                        "08:22",
                        "09:04",
                        "09:46",
                        "10:28",
                        "11:40",
                        "12:22",
                        "13:04",
                        "13:46",
                        "14:28",
                        "15:10"
                    ],
                    "вс": [
                        "09:46",
                        "10:28",
                        "11:40",
                        "12:22",
                        "13:04",
                        "13:46",
                        "14:28",
                        "15:10"
                    ]
                }
            },
            "Поликлиника": {
                "id": "22872",
                "schedule": {
                    "пн": [
                        "07:35",
                        "08:24",
                        "09:06",
                        "09:48",
                        "10:30",
                        "11:42",
                        "12:24",
                        "13:06",
                        "13:48",
                        "14:30",
                        "15:12",
                        "15:54",
                        "16:39",
                        "18:02",
                        "18:53",
                        "19:35",
                        "20:17"
                    ],
                    "вт": [
                        "07:35",
                        "08:24",
                        "09:06",
                        "09:48",
                        "10:30",
                        "11:42",
                        "12:24",
                        "13:06",
                        "13:48",
                        "14:30",
                        "15:12",
                        "15:54",
                        "16:39",
                        "18:02",
                        "18:53",
                        "19:35",
                        "20:17"
                    ],
                    "ср": [
                        "07:35",
                        "08:24",
                        "09:06",
                        "09:48",
                        "10:30",
                        "11:42",
                        "12:24",
                        "13:06",
                        "13:48",
                        "14:30",
                        "15:12",
                        "15:54",
                        "16:39",
                        "18:02",
                        "18:53",
                        "19:35",
                        "20:17"
                    ],
                    "чт": [
                        "07:35",
                        "08:24",
                        "09:06",
                        "09:48",
                        "10:30",
                        "11:42",
                        "12:24",
                        "13:06",
                        "13:48",
                        "14:30",
                        "15:12",
                        "15:54",
                        "16:39",
                        "18:02",
                        "18:53",
                        "19:35",
                        "20:17"
                    ],
                    "пт": [
                        "07:35",
                        "08:24",
                        "09:06",
                        "09:48",
                        "10:30",
                        "11:42",
                        "12:24",
                        "13:06",
                        "13:48",
                        "14:30",
                        "15:12",
                        "15:54",
                        "16:39",
                        "18:02",
                        "18:53",
                        "19:35",
                        "20:17"
                    ],
                    "сб": [
                        "08:24",
                        "09:06",
                        "09:48",
                        "10:30",
                        "11:42",
                        "12:24",
                        "13:06",
                        "13:48",
                        "14:30",
                        "15:12"
                    ],
                    "вс": [
                        "09:48",
                        "10:30",
                        "11:42",
                        "12:24",
                        "13:06",
                        "13:48",
                        "14:30",
                        "15:12"
                    ]
                }
            }
        }
    }
}