{
    "14о": {
        "Автобус №14о‍": {
            "Автобусный парк №2": {
                "id": "34519",
                "schedule": {
                    "пн": [],
                    "вт": [],
                    "ср": [],
                    "чт": [],
                    "пт": [],
                    "сб": [],
                    "вс": [
                        "08:50"
                    ]
                }
            },
            "Сыродельный комбинат": {
                "id": "34413",
                "schedule": {
                    "пн": [],
                    "вт": [],
                    "ср": [],
                    "чт": [],
                    "пт": [],
                    "сб": [],
                    "вс": [
                        "08:52"
                    ]
                }
            },
            "Майский посад": {
                "id": "34541",
                "schedule": {
                    "пн": [],
                    "вт": [],
                    "ср": [],
                    "чт": [],
                    "пт": [],
                    "сб": [],
                    "вс": [
                        "08:53"
                    ]
                }
            },
            "Городок": {
                "id": "5376",
                "schedule": {
                    "пн": [],
                    "вт": [],
                    "ср": [],
                    "чт": [],
                    "пт": [],
                    "сб": [],
                    "вс": [
                        "08:55"
                    ]
                }
            },
            "Школа № 2": {
                "id": "5429",
                "schedule": {
                    "пн": [],
                    "вт": [],
                    "ср": [],
                    "чт": [],
                    "пт": [],
                    "сб": [],
                    "вс": [
                        "08:56"
                    ]
                }
            },
            "Медицинский колледж": {
                "id": "5537",
                "schedule": {
                    "пн": [],
                    "вт": [],
                    "ср": [],
                    "чт": [],
                    "пт": [],
                    "сб": [],
                    "вс": [
                        "08:58"
                    ]
                }
            },
            "Рынок": {
                "id": "5584",
                "schedule": {
                    "пн": [],
                    "вт": [],
                    "ср": [],
                    "чт": [],
                    "пт": [],
                    "сб": [],
                    "вс": [
                        "09:01"
                    ]
                }
            },
            "Аптека № 80": {
                "id": "5553",
                "schedule": {
                    "пн": [],
                    "вт": [],
                    "ср": [],
                    "чт": [],
                    "пт": [],
                    "сб": [],
                    "вс": [
                        "09:03"
                    ]
                }
            },
            "Слуцкие Пояса": {
                "id": "13779",
                "schedule": {
                    "пн": [],
                    "вт": [],
                    "ср": [],
                    "чт": [],
                    "пт": [],
                    "сб": [],
                    "вс": [
                        "09:06"
                    ]
                }
            },
            "Проектный институт": {
                "id": "13733",
                "schedule": {
                    "пн": [],
                    "вт": [],
                    "ср": [],
                    "чт": [],
                    "пт": [],
                    "сб": [],
                    "вс": [
                        "09:07"
                    ]
                }
            },
            "Поликлиника": {
                "id": "22798",
                "schedule": {
                    "пн": [],
                    "вт": [],
                    "ср": [],
                    "чт": [],
                    "пт": [],
                    "сб": [],
                    "вс": [
                        "09:09"
                    ]
                }
            }
        },
        "Отправления с остановки": {
            "Поликлиника": {
                "id": "22872",
                "schedule": {
                    "пн": [
                        "09:48"
                    ],
                    "вт": [
                        "09:48"
                    ],
                    "ср": [
                        "09:48"
                    ],
                    "чт": [
                        "09:48"
                    ],
                    "пт": [
                        "09:48"
                    ],
                    "сб": [],
                    "вс": []
                }
            },
            "Гастелло": {
                "id": "22936",
                "schedule": {
                    "пн": [
                        "09:49"
                    ],
                    "вт": [
                        "09:49"
                    ],
                    "ср": [
                        "09:49"
                    ],
                    "чт": [
                        "09:49"
                    ],
                    "пт": [
                        "09:49"
                    ],
                    "сб": [],
                    "вс": []
                }
            },
            "Проектный институт": {
                "id": "13616",
                "schedule": {
                    "пн": [
                        "09:51"
                    ],
                    "вт": [
                        "09:51"
                    ],
                    "ср": [
                        "09:51"
                    ],
                    "чт": [
                        "09:51"
                    ],
                    "пт": [
                        "09:51"
                    ],
                    "сб": [],
                    "вс": []
                }
            },
            "Типография": {
                "id": "13738",
                "schedule": {
                    "пн": [
                        "09:52"
                    ],
                    "вт": [
                        "09:52"
                    ],
                    "ср": [
                        "09:52"
                    ],
                    "чт": [
                        "09:52"
                    ],
                    "пт": [
                        "09:52"
                    ],
                    "сб": [],
                    "вс": []
                }
            },
            "Копыльская": {
                "id": "5513",
                "schedule": {
                    "пн": [
                        "09:55"
                    ],
                    "вт": [
                        "09:55"
                    ],
                    "ср": [
                        "09:55"
                    ],
                    "чт": [
                        "09:55"
                    ],
                    "пт": [
                        "09:55"
                    ],
                    "сб": [],
                    "вс": []
                }
            },
            "Рынок": {
                "id": "5596",
                "schedule": {
                    "пн": [
                        "09:57"
                    ],
                    "вт": [
                        "09:57"
                    ],
                    "ср": [
                        "09:57"
                    ],
                    "чт": [
                        "09:57"
                    ],
                    "пт": [
                        "09:57"
                    ],
                    "сб": [],
                    "вс": []
                }
            },
            "Медицинский колледж": {
                "id": "5626",
                "schedule": {
                    "пн": [
                        "10:00"
                    ],
                    "вт": [
                        "10:00"
                    ],
                    "ср": [
                        "10:00"
                    ],
                    "чт": [
                        "10:00"
                    ],
                    "пт": [
                        "10:00"
                    ],
                    "сб": [],
                    "вс": []
                }
            },
            "Школа № 2": {
                "id": "5562",
                "schedule": {
                    "пн": [
                        "10:02"
                    ],
                    "вт": [
                        "10:02"
                    ],
                    "ср": [
                        "10:02"
                    ],
                    "чт": [
                        "10:02"
                    ],
                    "пт": [
                        "10:02"
                    ],
                    "сб": [],
                    "вс": []
                }
            },
            "Городок": {
                "id": "34466",
                "schedule": {
                    "пн": [
                        "10:03"
                    ],
                    "вт": [
                        "10:03"
                    ],
                    "ср": [
                        "10:03"
                    ],
                    "чт": [
                        "10:03"
                    ],
                    "пт": [
                        "10:03"
                    ],
                    "сб": [],
                    "вс": []
                }
            },
            "Майский посад": {
                "id": "34478",
                "schedule": {
                    "пн": [
                        "10:04"
                    ],
                    "вт": [
                        "10:04"
                    ],
                    "ср": [
                        "10:04"
                    ],
                    "чт": [
                        "10:04"
                    ],
                    "пт": [
                        "10:04"
                    ],
                    "сб": [],
                    "вс": []
                }
            },
            "Сыродельный комбинат": {
                "id": "34503",
                "schedule": {
                    "пн": [
                        "10:06"
                    ],
                    "вт": [
                        "10:06"
                    ],
                    "ср": [
                        "10:06"
                    ],
                    "чт": [
                        "10:06"
                    ],
                    "пт": [
                        "10:06"
                    ],
                    "сб": [],
                    "вс": []
                }
            },
            "Автобусный парк №2": {
                "id": "34519",
                "schedule": {
                    "пн": [
                        "10:08"
                    ],
                    "вт": [
                        "10:08"
                    ],
                    "ср": [
                        "10:08"
                    ],
                    "чт": [
                        "10:08"
                    ],
                    "пт": [
                        "10:08"
                    ],
                    "сб": [],
                    "вс": []
                }
            }
        }
    }
}