{
    "14п": {
        "Автобус №14п‍": {
            "Автобусный парк №2": {
                "id": "34519",
                "schedule": {
                    "пн": [
                        "06:50"
                    ],
                    "вт": [
                        "06:50"
                    ],
                    "ср": [
                        "06:50"
                    ],
                    "чт": [
                        "06:50"
                    ],
                    "пт": [
                        "06:50"
                    ],
                    "сб": [
                        "07:38"
                    ],
                    "вс": []
                }
            },
            "Сыродельный комбинат": {
                "id": "34413",
                "schedule": {
                    "пн": [
                        "06:52"
                    ],
                    "вт": [
                        "06:52"
                    ],
                    "ср": [
                        "06:52"
                    ],
                    "чт": [
                        "06:52"
                    ],
                    "пт": [
                        "06:52"
                    ],
                    "сб": [
                        "07:40"
                    ],
                    "вс": []
                }
            },
            "Майский посад": {
                "id": "34541",
                "schedule": {
                    "пн": [
                        "06:53"
                    ],
                    "вт": [
                        "06:53"
                    ],
                    "ср": [
                        "06:53"
                    ],
                    "чт": [
                        "06:53"
                    ],
                    "пт": [
                        "06:53"
                    ],
                    "сб": [
                        "07:41"
                    ],
                    "вс": []
                }
            },
            "Городок": {
                "id": "5376",
                "schedule": {
                    "пн": [
                        "06:55"
                    ],
                    "вт": [
                        "06:55"
                    ],
                    "ср": [
                        "06:55"
                    ],
                    "чт": [
                        "06:55"
                    ],
                    "пт": [
                        "06:55"
                    ],
                    "сб": [
                        "07:43"
                    ],
                    "вс": []
                }
            },
            "Школа № 2": {
                "id": "5429",
                "schedule": {
                    "пн": [
                        "06:56"
                    ],
                    "вт": [
                        "06:56"
                    ],
                    "ср": [
                        "06:56"
                    ],
                    "чт": [
                        "06:56"
                    ],
                    "пт": [
                        "06:56"
                    ],
                    "сб": [
                        "07:44"
                    ],
                    "вс": []
                }
            },
            "Медицинский колледж": {
                "id": "5537",
                "schedule": {
                    "пн": [
                        "06:58"
                    ],
                    "вт": [
                        "06:58"
                    ],
                    "ср": [
                        "06:58"
                    ],
                    "чт": [
                        "06:58"
                    ],
                    "пт": [
                        "06:58"
                    ],
                    "сб": [
                        "07:46"
                    ],
                    "вс": []
                }
            },
            "Рынок": {
                "id": "5584",
                "schedule": {
                    "пн": [
                        "07:01"
                    ],
                    "вт": [
                        "07:01"
                    ],
                    "ср": [
                        "07:01"
                    ],
                    "чт": [
                        "07:01"
                    ],
                    "пт": [
                        "07:01"
                    ],
                    "сб": [
                        "07:49"
                    ],
                    "вс": []
                }
            },
            "Аптека № 80": {
                "id": "5553",
                "schedule": {
                    "пн": [
                        "07:03"
                    ],
                    "вт": [
                        "07:03"
                    ],
                    "ср": [
                        "07:03"
                    ],
                    "чт": [
                        "07:03"
                    ],
                    "пт": [
                        "07:03"
                    ],
                    "сб": [
                        "07:51"
                    ],
                    "вс": []
                }
            },
            "Дом культуры": {
                "id": "5451",
                "schedule": {
                    "пн": [
                        "07:05"
                    ],
                    "вт": [
                        "07:05"
                    ],
                    "ср": [
                        "07:05"
                    ],
                    "чт": [
                        "07:05"
                    ],
                    "пт": [
                        "07:05"
                    ],
                    "сб": [
                        "07:53"
                    ],
                    "вс": []
                }
            },
            "Молодёжный центр": {
                "id": "5629",
                "schedule": {
                    "пн": [
                        "07:08"
                    ],
                    "вт": [
                        "07:08"
                    ],
                    "ср": [
                        "07:08"
                    ],
                    "чт": [
                        "07:08"
                    ],
                    "пт": [
                        "07:08"
                    ],
                    "сб": [
                        "07:56"
                    ],
                    "вс": []
                }
            },
            "Центр соцобслуживания": {
                "id": "5477",
                "schedule": {
                    "пн": [
                        "07:09"
                    ],
                    "вт": [
                        "07:09"
                    ],
                    "ср": [
                        "07:09"
                    ],
                    "чт": [
                        "07:09"
                    ],
                    "пт": [
                        "07:09"
                    ],
                    "сб": [
                        "07:57"
                    ],
                    "вс": []
                }
            },
            "Садовый проезд": {
                "id": "5621",
                "schedule": {
                    "пн": [
                        "07:10"
                    ],
                    "вт": [
                        "07:10"
                    ],
                    "ср": [
                        "07:10"
                    ],
                    "чт": [
                        "07:10"
                    ],
                    "пт": [
                        "07:10"
                    ],
                    "сб": [
                        "07:58"
                    ],
                    "вс": []
                }
            },
            "Собор Архангела Михаила": {
                "id": "5433",
                "schedule": {
                    "пн": [
                        "07:11"
                    ],
                    "вт": [
                        "07:11"
                    ],
                    "ср": [
                        "07:11"
                    ],
                    "чт": [
                        "07:11"
                    ],
                    "пт": [
                        "07:11"
                    ],
                    "сб": [
                        "07:59"
                    ],
                    "вс": []
                }
            },
            "Школа № 8": {
                "id": "5623",
                "schedule": {
                    "пн": [
                        "07:12"
                    ],
                    "вт": [
                        "07:12"
                    ],
                    "ср": [
                        "07:12"
                    ],
                    "чт": [
                        "07:12"
                    ],
                    "пт": [
                        "07:12"
                    ],
                    "сб": [
                        "08:00"
                    ],
                    "вс": []
                }
            },
            "Торговый центр": {
                "id": "5543",
                "schedule": {
                    "пн": [
                        "07:13"
                    ],
                    "вт": [
                        "07:13"
                    ],
                    "ср": [
                        "07:13"
                    ],
                    "чт": [
                        "07:13"
                    ],
                    "пт": [
                        "07:13"
                    ],
                    "сб": [
                        "08:01"
                    ],
                    "вс": []
                }
            },
            "Социалистическая": {
                "id": "5631",
                "schedule": {
                    "пн": [
                        "07:14"
                    ],
                    "вт": [
                        "07:14"
                    ],
                    "ср": [
                        "07:14"
                    ],
                    "чт": [
                        "07:14"
                    ],
                    "пт": [
                        "07:14"
                    ],
                    "сб": [
                        "08:02"
                    ],
                    "вс": []
                }
            }
        },
        "Отправления с остановки": {}
    }
}