{
    "14р": {
        "Автобус №14р‍": {
            "Автобусный парк №2": {
                "id": "34519",
                "schedule": {
                    "пн": [
                        "06:45"
                    ],
                    "вт": [
                        "06:45"
                    ],
                    "ср": [
                        "06:45"
                    ],
                    "чт": [
                        "06:45"
                    ],
                    "пт": [
                        "06:45"
                    ],
                    "сб": [],
                    "вс": []
                }
            },
            "Сыродельный комбинат": {
                "id": "34413",
                "schedule": {
                    "пн": [
                        "06:47"
                    ],
                    "вт": [
                        "06:47"
                    ],
                    "ср": [
                        "06:47"
                    ],
                    "чт": [
                        "06:47"
                    ],
                    "пт": [
                        "06:47"
                    ],
                    "сб": [],
                    "вс": []
                }
            },
            "Майский посад": {
                "id": "34541",
                "schedule": {
                    "пн": [
                        "06:48"
                    ],
                    "вт": [
                        "06:48"
                    ],
                    "ср": [
                        "06:48"
                    ],
                    "чт": [
                        "06:48"
                    ],
                    "пт": [
                        "06:48"
                    ],
                    "сб": [],
                    "вс": []
                }
            },
            "Городок": {
                "id": "5376",
                "schedule": {
                    "пн": [
                        "06:50"
                    ],
                    "вт": [
                        "06:50"
                    ],
                    "ср": [
                        "06:50"
                    ],
                    "чт": [
                        "06:50"
                    ],
                    "пт": [
                        "06:50"
                    ],
                    "сб": [],
                    "вс": []
                }
            },
            "Школа № 2": {
                "id": "5429",
                "schedule": {
                    "пн": [
                        "06:51"
                    ],
                    "вт": [
                        "06:51"
                    ],
                    "ср": [
                        "06:51"
                    ],
                    "чт": [
                        "06:51"
                    ],
                    "пт": [
                        "06:51"
                    ],
                    "сб": [],
                    "вс": []
                }
            },
            "Медицинский колледж": {
                "id": "5537",
                "schedule": {
                    "пн": [
                        "06:53"
                    ],
                    "вт": [
                        "06:53"
                    ],
                    "ср": [
                        "06:53"
                    ],
                    "чт": [
                        "06:53"
                    ],
                    "пт": [
                        "06:53"
                    ],
                    "сб": [],
                    "вс": []
                }
            },
            "Рынок": {
                "id": "5584",
                "schedule": {
                    "пн": [
                        "06:56"
                    ],
                    "вт": [
                        "06:56"
                    ],
                    "ср": [
                        "06:56"
                    ],
                    "чт": [
                        "06:56"
                    ],
                    "пт": [
                        "06:56"
                    ],
                    "сб": [],
                    "вс": []
                }
            },
            "Аптека № 80": {
                "id": "5553",
                "schedule": {
                    "пн": [
                        "06:58"
                    ],
                    "вт": [
                        "06:58"
                    ],
                    "ср": [
                        "06:58"
                    ],
                    "чт": [
                        "06:58"
                    ],
                    "пт": [
                        "06:58"
                    ],
                    "сб": [],
                    "вс": []
                }
            },
            "Дом культуры": {
                "id": "5451",
                "schedule": {
                    "пн": [
                        "07:00"
                    ],
                    "вт": [
                        "07:00"
                    ],
                    "ср": [
                        "07:00"
                    ],
                    "чт": [
                        "07:00"
                    ],
                    "пт": [
                        "07:00"
                    ],
                    "сб": [],
                    "вс": []
                }
            },
            "Молодёжный центр": {
                "id": "5608",
                "schedule": {
                    "пн": [
                        "07:02"
                    ],
                    "вт": [
                        "07:02"
                    ],
                    "ср": [
                        "07:02"
                    ],
                    "чт": [
                        "07:02"
                    ],
                    "пт": [
                        "07:02"
                    ],
                    "сб": [],
                    "вс": []
                }
            },
            "Советская": {
                "id": "5432",
                "schedule": {
                    "пн": [
                        "07:04"
                    ],
                    "вт": [
                        "07:04"
                    ],
                    "ср": [
                        "07:04"
                    ],
                    "чт": [
                        "07:04"
                    ],
                    "пт": [
                        "07:04"
                    ],
                    "сб": [],
                    "вс": []
                }
            },
            "Пушкина": {
                "id": "5529",
                "schedule": {
                    "пн": [
                        "07:06"
                    ],
                    "вт": [
                        "07:06"
                    ],
                    "ср": [
                        "07:06"
                    ],
                    "чт": [
                        "07:06"
                    ],
                    "пт": [
                        "07:06"
                    ],
                    "сб": [],
                    "вс": []
                }
            },
            "Суворова": {
                "id": "5505",
                "schedule": {
                    "пн": [
                        "07:07"
                    ],
                    "вт": [
                        "07:07"
                    ],
                    "ср": [
                        "07:07"
                    ],
                    "чт": [
                        "07:07"
                    ],
                    "пт": [
                        "07:07"
                    ],
                    "сб": [],
                    "вс": []
                }
            },
            "ДОСААФ": {
                "id": "5527",
                "schedule": {
                    "пн": [
                        "07:10"
                    ],
                    "вт": [
                        "07:10"
                    ],
                    "ср": [
                        "07:10"
                    ],
                    "чт": [
                        "07:10"
                    ],
                    "пт": [
                        "07:10"
                    ],
                    "сб": [],
                    "вс": []
                }
            },
            "Социалистическая": {
                "id": "5631",
                "schedule": {
                    "пн": [
                        "07:12"
                    ],
                    "вт": [
                        "07:12"
                    ],
                    "ср": [
                        "07:12"
                    ],
                    "чт": [
                        "07:12"
                    ],
                    "пт": [
                        "07:12"
                    ],
                    "сб": [],
                    "вс": []
                }
            }
        },
        "Отправления с остановки": {
            "Социалистическая": {
                "id": "5631",
                "schedule": {
                    "пн": [
                        "20:40"
                    ],
                    "вт": [
                        "20:40"
                    ],
                    "ср": [
                        "20:40"
                    ],
                    "чт": [
                        "20:40"
                    ],
                    "пт": [
                        "20:40"
                    ],
                    "сб": [
                        "15:35"
                    ],
                    "вс": [
                        "15:35"
                    ]
                }
            },
            "ДОСААФ": {
                "id": "5418",
                "schedule": {
                    "пн": [
                        "20:42"
                    ],
                    "вт": [
                        "20:42"
                    ],
                    "ср": [
                        "20:42"
                    ],
                    "чт": [
                        "20:42"
                    ],
                    "пт": [
                        "20:42"
                    ],
                    "сб": [
                        "15:37"
                    ],
                    "вс": [
                        "15:37"
                    ]
                }
            },
            "Школа № 9": {
                "id": "53612",
                "schedule": {
                    "пн": [
                        "20:43"
                    ],
                    "вт": [
                        "20:43"
                    ],
                    "ср": [
                        "20:43"
                    ],
                    "чт": [
                        "20:43"
                    ],
                    "пт": [
                        "20:43"
                    ],
                    "сб": [
                        "15:38"
                    ],
                    "вс": [
                        "15:38"
                    ]
                }
            },
            "Суворова": {
                "id": "5577",
                "schedule": {
                    "пн": [
                        "20:45"
                    ],
                    "вт": [
                        "20:45"
                    ],
                    "ср": [
                        "20:45"
                    ],
                    "чт": [
                        "20:45"
                    ],
                    "пт": [
                        "20:45"
                    ],
                    "сб": [
                        "15:40"
                    ],
                    "вс": [
                        "15:40"
                    ]
                }
            },
            "Пушкина": {
                "id": "5585",
                "schedule": {
                    "пн": [
                        "20:46"
                    ],
                    "вт": [
                        "20:46"
                    ],
                    "ср": [
                        "20:46"
                    ],
                    "чт": [
                        "20:46"
                    ],
                    "пт": [
                        "20:46"
                    ],
                    "сб": [
                        "15:41"
                    ],
                    "вс": [
                        "15:41"
                    ]
                }
            },
            "Советская": {
                "id": "5547",
                "schedule": {
                    "пн": [
                        "20:48"
                    ],
                    "вт": [
                        "20:48"
                    ],
                    "ср": [
                        "20:48"
                    ],
                    "чт": [
                        "20:48"
                    ],
                    "пт": [
                        "20:48"
                    ],
                    "сб": [
                        "15:43"
                    ],
                    "вс": [
                        "15:43"
                    ]
                }
            },
            "Молодёжный центр": {
                "id": "5503",
                "schedule": {
                    "пн": [
                        "20:50"
                    ],
                    "вт": [
                        "20:50"
                    ],
                    "ср": [
                        "20:50"
                    ],
                    "чт": [
                        "20:50"
                    ],
                    "пт": [
                        "20:50"
                    ],
                    "сб": [
                        "15:45"
                    ],
                    "вс": [
                        "15:45"
                    ]
                }
            },
            "Дом культуры": {
                "id": "5384",
                "schedule": {
                    "пн": [
                        "20:52"
                    ],
                    "вт": [
                        "20:52"
                    ],
                    "ср": [
                        "20:52"
                    ],
                    "чт": [
                        "20:52"
                    ],
                    "пт": [
                        "20:52"
                    ],
                    "сб": [
                        "15:47"
                    ],
                    "вс": [
                        "15:47"
                    ]
                }
            },
            "Копыльская": {
                "id": "5513",
                "schedule": {
                    "пн": [
                        "20:54"
                    ],
                    "вт": [
                        "20:54"
                    ],
                    "ср": [
                        "20:54"
                    ],
                    "чт": [
                        "20:54"
                    ],
                    "пт": [
                        "20:54"
                    ],
                    "сб": [
                        "15:49"
                    ],
                    "вс": [
                        "15:49"
                    ]
                }
            },
            "Рынок": {
                "id": "5596",
                "schedule": {
                    "пн": [
                        "20:56"
                    ],
                    "вт": [
                        "20:56"
                    ],
                    "ср": [
                        "20:56"
                    ],
                    "чт": [
                        "20:56"
                    ],
                    "пт": [
                        "20:56"
                    ],
                    "сб": [
                        "15:51"
                    ],
                    "вс": [
                        "15:51"
                    ]
                }
            },
            "Медицинский колледж": {
                "id": "5626",
                "schedule": {
                    "пн": [
                        "20:59"
                    ],
                    "вт": [
                        "20:59"
                    ],
                    "ср": [
                        "20:59"
                    ],
                    "чт": [
                        "20:59"
                    ],
                    "пт": [
                        "20:59"
                    ],
                    "сб": [
                        "15:54"
                    ],
                    "вс": [
                        "15:54"
                    ]
                }
            },
            "Школа № 2": {
                "id": "5562",
                "schedule": {
                    "пн": [
                        "21:01"
                    ],
                    "вт": [
                        "21:01"
                    ],
                    "ср": [
                        "21:01"
                    ],
                    "чт": [
                        "21:01"
                    ],
                    "пт": [
                        "21:01"
                    ],
                    "сб": [
                        "15:56"
                    ],
                    "вс": [
                        "15:56"
                    ]
                }
            },
            "Городок": {
                "id": "34466",
                "schedule": {
                    "пн": [
                        "21:02"
                    ],
                    "вт": [
                        "21:02"
                    ],
                    "ср": [
                        "21:02"
                    ],
                    "чт": [
                        "21:02"
                    ],
                    "пт": [
                        "21:02"
                    ],
                    "сб": [
                        "15:57"
                    ],
                    "вс": [
                        "15:57"
                    ]
                }
            },
            "Майский посад": {
                "id": "34478",
                "schedule": {
                    "пн": [
                        "21:03"
                    ],
                    "вт": [
                        "21:03"
                    ],
                    "ср": [
                        "21:03"
                    ],
                    "чт": [
                        "21:03"
                    ],
                    "пт": [
                        "21:03"
                    ],
                    "сб": [
                        "15:58"
                    ],
                    "вс": [
                        "15:58"
                    ]
                }
            },
            "Сыродельный комбинат": {
                "id": "34503",
                "schedule": {
                    "пн": [
                        "21:05"
                    ],
                    "вт": [
                        "21:05"
                    ],
                    "ср": [
                        "21:05"
                    ],
                    "чт": [
                        "21:05"
                    ],
                    "пт": [
                        "21:05"
                    ],
                    "сб": [
                        "16:00"
                    ],
                    "вс": [
                        "16:00"
                    ]
                }
            },
            "Автобусный парк №2": {
                "id": "34519",
                "schedule": {
                    "пн": [
                        "21:07"
                    ],
                    "вт": [
                        "21:07"
                    ],
                    "ср": [
                        "21:07"
                    ],
                    "чт": [
                        "21:07"
                    ],
                    "пт": [
                        "21:07"
                    ],
                    "сб": [
                        "16:02"
                    ],
                    "вс": [
                        "16:02"
                    ]
                }
            }
        }
    }
}