{
    "15": {
        "Автобус №15‍": {
            "Автобусный парк №2": {
                "id": "34519",
                "schedule": {
                    "пн": [
                        "22:46",
                        "00:58"
                    ],
                    "вт": [
                        "22:46",
                        "00:58"
                    ],
                    "ср": [
                        "22:46",
                        "00:58"
                    ],
                    "чт": [
                        "22:46",
                        "00:58"
                    ],
                    "пт": [
                        "22:46",
                        "00:58"
                    ],
                    "сб": [
                        "22:46",
                        "00:58"
                    ],
                    "вс": [
                        "22:46",
                        "00:58"
                    ]
                }
            },
            "Сыродельный комбинат": {
                "id": "34413",
                "schedule": {
                    "пн": [
                        "22:48",
                        "01:00"
                    ],
                    "вт": [
                        "22:48",
                        "01:00"
                    ],
                    "ср": [
                        "22:48",
                        "01:00"
                    ],
                    "чт": [
                        "22:48",
                        "01:00"
                    ],
                    "пт": [
                        "22:48",
                        "01:00"
                    ],
                    "сб": [
                        "22:48",
                        "01:00"
                    ],
                    "вс": [
                        "22:48",
                        "01:00"
                    ]
                }
            },
            "Майский посад": {
                "id": "34541",
                "schedule": {
                    "пн": [
                        "22:49",
                        "01:01"
                    ],
                    "вт": [
                        "22:49",
                        "01:01"
                    ],
                    "ср": [
                        "22:49",
                        "01:01"
                    ],
                    "чт": [
                        "22:49",
                        "01:01"
                    ],
                    "пт": [
                        "22:49",
                        "01:01"
                    ],
                    "сб": [
                        "22:49",
                        "01:01"
                    ],
                    "вс": [
                        "22:49",
                        "01:01"
                    ]
                }
            },
            "Городок": {
                "id": "5376",
                "schedule": {
                    "пн": [
                        "22:50",
                        "01:02"
                    ],
                    "вт": [
                        "22:50",
                        "01:02"
                    ],
                    "ср": [
                        "22:50",
                        "01:02"
                    ],
                    "чт": [
                        "22:50",
                        "01:02"
                    ],
                    "пт": [
                        "22:50",
                        "01:02"
                    ],
                    "сб": [
                        "22:50",
                        "01:02"
                    ],
                    "вс": [
                        "22:50",
                        "01:02"
                    ]
                }
            },
            "Школа № 2": {
                "id": "5429",
                "schedule": {
                    "пн": [
                        "22:51",
                        "01:03"
                    ],
                    "вт": [
                        "22:51",
                        "01:03"
                    ],
                    "ср": [
                        "22:51",
                        "01:03"
                    ],
                    "чт": [
                        "22:51",
                        "01:03"
                    ],
                    "пт": [
                        "22:51",
                        "01:03"
                    ],
                    "сб": [
                        "22:51",
                        "01:03"
                    ],
                    "вс": [
                        "22:51",
                        "01:03"
                    ]
                }
            },
            "Медицинский колледж": {
                "id": "5537",
                "schedule": {
                    "пн": [
                        "22:53",
                        "01:05"
                    ],
                    "вт": [
                        "22:53",
                        "01:05"
                    ],
                    "ср": [
                        "22:53",
                        "01:05"
                    ],
                    "чт": [
                        "22:53",
                        "01:05"
                    ],
                    "пт": [
                        "22:53",
                        "01:05"
                    ],
                    "сб": [
                        "22:53",
                        "01:05"
                    ],
                    "вс": [
                        "22:53",
                        "01:05"
                    ]
                }
            },
            "Рынок": {
                "id": "5584",
                "schedule": {
                    "пн": [
                        "22:56",
                        "01:08"
                    ],
                    "вт": [
                        "22:56",
                        "01:08"
                    ],
                    "ср": [
                        "22:56",
                        "01:08"
                    ],
                    "чт": [
                        "22:56",
                        "01:08"
                    ],
                    "пт": [
                        "22:56",
                        "01:08"
                    ],
                    "сб": [
                        "22:56",
                        "01:08"
                    ],
                    "вс": [
                        "22:56",
                        "01:08"
                    ]
                }
            },
            "Аптека № 80": {
                "id": "5553",
                "schedule": {
                    "пн": [
                        "22:58",
                        "01:10"
                    ],
                    "вт": [
                        "22:58",
                        "01:10"
                    ],
                    "ср": [
                        "22:58",
                        "01:10"
                    ],
                    "чт": [
                        "22:58",
                        "01:10"
                    ],
                    "пт": [
                        "22:58",
                        "01:10"
                    ],
                    "сб": [
                        "22:58",
                        "01:10"
                    ],
                    "вс": [
                        "22:58",
                        "01:10"
                    ]
                }
            },
            "Дом культуры": {
                "id": "5451",
                "schedule": {
                    "пн": [
                        "23:00",
                        "01:12"
                    ],
                    "вт": [
                        "23:00",
                        "01:12"
                    ],
                    "ср": [
                        "23:00",
                        "01:12"
                    ],
                    "чт": [
                        "23:00",
                        "01:12"
                    ],
                    "пт": [
                        "23:00",
                        "01:12"
                    ],
                    "сб": [
                        "23:00",
                        "01:12"
                    ],
                    "вс": [
                        "23:00",
                        "01:12"
                    ]
                }
            },
            "1 Августа": {
                "id": "5413",
                "schedule": {
                    "пн": [
                        "23:03",
                        "01:15"
                    ],
                    "вт": [
                        "23:03",
                        "01:15"
                    ],
                    "ср": [
                        "23:03",
                        "01:15"
                    ],
                    "чт": [
                        "23:03",
                        "01:15"
                    ],
                    "пт": [
                        "23:03",
                        "01:15"
                    ],
                    "сб": [
                        "23:03",
                        "01:15"
                    ],
                    "вс": [
                        "23:03",
                        "01:15"
                    ]
                }
            },
            "Зелёная": {
                "id": "5533",
                "schedule": {
                    "пн": [
                        "23:05",
                        "01:17"
                    ],
                    "вт": [
                        "23:05",
                        "01:17"
                    ],
                    "ср": [
                        "23:05",
                        "01:17"
                    ],
                    "чт": [
                        "23:05",
                        "01:17"
                    ],
                    "пт": [
                        "23:05",
                        "01:17"
                    ],
                    "сб": [
                        "23:05",
                        "01:17"
                    ],
                    "вс": [
                        "23:05",
                        "01:17"
                    ]
                }
            },
            "Микрорайон Северный": {
                "id": "5587",
                "schedule": {
                    "пн": [
                        "23:07",
                        "01:19"
                    ],
                    "вт": [
                        "23:07",
                        "01:19"
                    ],
                    "ср": [
                        "23:07",
                        "01:19"
                    ],
                    "чт": [
                        "23:07",
                        "01:19"
                    ],
                    "пт": [
                        "23:07",
                        "01:19"
                    ],
                    "сб": [
                        "23:07",
                        "01:19"
                    ],
                    "вс": [
                        "23:07",
                        "01:19"
                    ]
                }
            },
            "Чехова": {
                "id": "36791",
                "schedule": {
                    "пн": [
                        "23:09",
                        "01:21"
                    ],
                    "вт": [
                        "23:09",
                        "01:21"
                    ],
                    "ср": [
                        "23:09",
                        "01:21"
                    ],
                    "чт": [
                        "23:09",
                        "01:21"
                    ],
                    "пт": [
                        "23:09",
                        "01:21"
                    ],
                    "сб": [
                        "23:09",
                        "01:21"
                    ],
                    "вс": [
                        "23:09",
                        "01:21"
                    ]
                }
            },
            "Школа № 11": {
                "id": "45071",
                "schedule": {
                    "пн": [
                        "23:11",
                        "01:23"
                    ],
                    "вт": [
                        "23:11",
                        "01:23"
                    ],
                    "ср": [
                        "23:11",
                        "01:23"
                    ],
                    "чт": [
                        "23:11",
                        "01:23"
                    ],
                    "пт": [
                        "23:11",
                        "01:23"
                    ],
                    "сб": [
                        "23:11",
                        "01:23"
                    ],
                    "вс": [
                        "23:11",
                        "01:23"
                    ]
                }
            },
            "Кадетское училище": {
                "id": "61037",
                "schedule": {
                    "пн": [
                        "23:12",
                        "01:24"
                    ],
                    "вт": [
                        "23:12",
                        "01:24"
                    ],
                    "ср": [
                        "23:12",
                        "01:24"
                    ],
                    "чт": [
                        "23:12",
                        "01:24"
                    ],
                    "пт": [
                        "23:12",
                        "01:24"
                    ],
                    "сб": [
                        "23:12",
                        "01:24"
                    ],
                    "вс": [
                        "23:12",
                        "01:24"
                    ]
                }
            },
            "ДОСААФ": {
                "id": "5527",
                "schedule": {
                    "пн": [
                        "23:15",
                        "01:27"
                    ],
                    "вт": [
                        "23:15",
                        "01:27"
                    ],
                    "ср": [
                        "23:15",
                        "01:27"
                    ],
                    "чт": [
                        "23:15",
                        "01:27"
                    ],
                    "пт": [
                        "23:15",
                        "01:27"
                    ],
                    "сб": [
                        "23:15",
                        "01:27"
                    ],
                    "вс": [
                        "23:15",
                        "01:27"
                    ]
                }
            },
            "Социалистическая": {
                "id": "5631",
                "schedule": {
                    "пн": [
                        "23:17",
                        "01:29"
                    ],
                    "вт": [
                        "23:17",
                        "01:29"
                    ],
                    "ср": [
                        "23:17",
                        "01:29"
                    ],
                    "чт": [
                        "23:17",
                        "01:29"
                    ],
                    "пт": [
                        "23:17",
                        "01:29"
                    ],
                    "сб": [
                        "23:17",
                        "01:29"
                    ],
                    "вс": [
                        "23:17",
                        "01:29"
                    ]
                }
            }
        },
        "Отправления с остановки": {
            "Социалистическая": {
                "id": "5631",
                "schedule": {
                    "пн": [
                        "20:44",
                        "21:56",
                        "23:17",
                        "00:16",
                        "01:30"
                    ],
                    "вт": [
                        "20:44",
                        "21:56",
                        "23:17",
                        "00:16",
                        "01:30"
                    ],
                    "ср": [
                        "20:44",
                        "21:56",
                        "23:17",
                        "00:16",
                        "01:30"
                    ],
                    "чт": [
                        "20:44",
                        "21:56",
                        "23:17",
                        "00:16",
                        "01:30"
                    ],
                    "пт": [
                        "20:44",
                        "21:56",
                        "23:17",
                        "00:16",
                        "01:30"
                    ],
                    "сб": [
                        "20:44",
                        "21:56",
                        "23:17",
                        "00:16",
                        "01:30"
                    ],
                    "вс": [
                        "20:44",
                        "21:56",
                        "23:17",
                        "00:16",
                        "01:30"
                    ]
                }
            },
            "Торговый центр": {
                "id": "5581",
                "schedule": {
                    "пн": [
                        "20:45",
                        "21:57",
                        "23:18",
                        "00:17",
                        "01:31"
                    ],
                    "вт": [
                        "20:45",
                        "21:57",
                        "23:18",
                        "00:17",
                        "01:31"
                    ],
                    "ср": [
                        "20:45",
                        "21:57",
                        "23:18",
                        "00:17",
                        "01:31"
                    ],
                    "чт": [
                        "20:45",
                        "21:57",
                        "23:18",
                        "00:17",
                        "01:31"
                    ],
                    "пт": [
                        "20:45",
                        "21:57",
                        "23:18",
                        "00:17",
                        "01:31"
                    ],
                    "сб": [
                        "20:45",
                        "21:57",
                        "23:18",
                        "00:17",
                        "01:31"
                    ],
                    "вс": [
                        "20:45",
                        "21:57",
                        "23:18",
                        "00:17",
                        "01:31"
                    ]
                }
            },
            "Школа № 8": {
                "id": "5592",
                "schedule": {
                    "пн": [
                        "20:46",
                        "21:58",
                        "23:19",
                        "00:18",
                        "01:32"
                    ],
                    "вт": [
                        "20:46",
                        "21:58",
                        "23:19",
                        "00:18",
                        "01:32"
                    ],
                    "ср": [
                        "20:46",
                        "21:58",
                        "23:19",
                        "00:18",
                        "01:32"
                    ],
                    "чт": [
                        "20:46",
                        "21:58",
                        "23:19",
                        "00:18",
                        "01:32"
                    ],
                    "пт": [
                        "20:46",
                        "21:58",
                        "23:19",
                        "00:18",
                        "01:32"
                    ],
                    "сб": [
                        "20:46",
                        "21:58",
                        "23:19",
                        "00:18",
                        "01:32"
                    ],
                    "вс": [
                        "20:46",
                        "21:58",
                        "23:19",
                        "00:18",
                        "01:32"
                    ]
                }
            },
            "Собор Архангела Михаила": {
                "id": "5487",
                "schedule": {
                    "пн": [
                        "20:47",
                        "21:59",
                        "23:20",
                        "00:19",
                        "01:33"
                    ],
                    "вт": [
                        "20:47",
                        "21:59",
                        "23:20",
                        "00:19",
                        "01:33"
                    ],
                    "ср": [
                        "20:47",
                        "21:59",
                        "23:20",
                        "00:19",
                        "01:33"
                    ],
                    "чт": [
                        "20:47",
                        "21:59",
                        "23:20",
                        "00:19",
                        "01:33"
                    ],
                    "пт": [
                        "20:47",
                        "21:59",
                        "23:20",
                        "00:19",
                        "01:33"
                    ],
                    "сб": [
                        "20:47",
                        "21:59",
                        "23:20",
                        "00:19",
                        "01:33"
                    ],
                    "вс": [
                        "20:47",
                        "21:59",
                        "23:20",
                        "00:19",
                        "01:33"
                    ]
                }
            },
            "Садовый проезд": {
                "id": "5382",
                "schedule": {
                    "пн": [
                        "20:48",
                        "22:00",
                        "23:21",
                        "00:20",
                        "01:34"
                    ],
                    "вт": [
                        "20:48",
                        "22:00",
                        "23:21",
                        "00:20",
                        "01:34"
                    ],
                    "ср": [
                        "20:48",
                        "22:00",
                        "23:21",
                        "00:20",
                        "01:34"
                    ],
                    "чт": [
                        "20:48",
                        "22:00",
                        "23:21",
                        "00:20",
                        "01:34"
                    ],
                    "пт": [
                        "20:48",
                        "22:00",
                        "23:21",
                        "00:20",
                        "01:34"
                    ],
                    "сб": [
                        "20:48",
                        "22:00",
                        "23:21",
                        "00:20",
                        "01:34"
                    ],
                    "вс": [
                        "20:48",
                        "22:00",
                        "23:21",
                        "00:20",
                        "01:34"
                    ]
                }
            },
            "Центр соцобслуживания": {
                "id": "5610",
                "schedule": {
                    "пн": [
                        "20:49",
                        "22:01",
                        "23:22",
                        "00:21",
                        "01:35"
                    ],
                    "вт": [
                        "20:49",
                        "22:01",
                        "23:22",
                        "00:21",
                        "01:35"
                    ],
                    "ср": [
                        "20:49",
                        "22:01",
                        "23:22",
                        "00:21",
                        "01:35"
                    ],
                    "чт": [
                        "20:49",
                        "22:01",
                        "23:22",
                        "00:21",
                        "01:35"
                    ],
                    "пт": [
                        "20:49",
                        "22:01",
                        "23:22",
                        "00:21",
                        "01:35"
                    ],
                    "сб": [
                        "20:49",
                        "22:01",
                        "23:22",
                        "00:21",
                        "01:35"
                    ],
                    "вс": [
                        "20:49",
                        "22:01",
                        "23:22",
                        "00:21",
                        "01:35"
                    ]
                }
            },
            "Молодёжный центр": {
                "id": "5503",
                "schedule": {
                    "пн": [
                        "20:51",
                        "22:03",
                        "23:24",
                        "00:23",
                        "01:37"
                    ],
                    "вт": [
                        "20:51",
                        "22:03",
                        "23:24",
                        "00:23",
                        "01:37"
                    ],
                    "ср": [
                        "20:51",
                        "22:03",
                        "23:24",
                        "00:23",
                        "01:37"
                    ],
                    "чт": [
                        "20:51",
                        "22:03",
                        "23:24",
                        "00:23",
                        "01:37"
                    ],
                    "пт": [
                        "20:51",
                        "22:03",
                        "23:24",
                        "00:23",
                        "01:37"
                    ],
                    "сб": [
                        "20:51",
                        "22:03",
                        "23:24",
                        "00:23",
                        "01:37"
                    ],
                    "вс": [
                        "20:51",
                        "22:03",
                        "23:24",
                        "00:23",
                        "01:37"
                    ]
                }
            },
            "Дом культуры": {
                "id": "5384",
                "schedule": {
                    "пн": [
                        "20:53",
                        "22:05",
                        "23:26",
                        "00:25",
                        "01:39"
                    ],
                    "вт": [
                        "20:53",
                        "22:05",
                        "23:26",
                        "00:25",
                        "01:39"
                    ],
                    "ср": [
                        "20:53",
                        "22:05",
                        "23:26",
                        "00:25",
                        "01:39"
                    ],
                    "чт": [
                        "20:53",
                        "22:05",
                        "23:26",
                        "00:25",
                        "01:39"
                    ],
                    "пт": [
                        "20:53",
                        "22:05",
                        "23:26",
                        "00:25",
                        "01:39"
                    ],
                    "сб": [
                        "20:53",
                        "22:05",
                        "23:26",
                        "00:25",
                        "01:39"
                    ],
                    "вс": [
                        "20:53",
                        "22:05",
                        "23:26",
                        "00:25",
                        "01:39"
                    ]
                }
            },
            "Копыльская": {
                "id": "5513",
                "schedule": {
                    "пн": [
                        "20:55",
                        "22:07",
                        "23:28",
                        "00:27",
                        "01:41"
                    ],
                    "вт": [
                        "20:55",
                        "22:07",
                        "23:28",
                        "00:27",
                        "01:41"
                    ],
                    "ср": [
                        "20:55",
                        "22:07",
                        "23:28",
                        "00:27",
                        "01:41"
                    ],
                    "чт": [
                        "20:55",
                        "22:07",
                        "23:28",
                        "00:27",
                        "01:41"
                    ],
                    "пт": [
                        "20:55",
                        "22:07",
                        "23:28",
                        "00:27",
                        "01:41"
                    ],
                    "сб": [
                        "20:55",
                        "22:07",
                        "23:28",
                        "00:27",
                        "01:41"
                    ],
                    "вс": [
                        "20:55",
                        "22:07",
                        "23:28",
                        "00:27",
                        "01:41"
                    ]
                }
            },
            "Рынок": {
                "id": "5596",
                "schedule": {
                    "пн": [
                        "20:57",
                        "22:09",
                        "23:30",
                        "00:29",
                        "01:43"
                    ],
                    "вт": [
                        "20:57",
                        "22:09",
                        "23:30",
                        "00:29",
                        "01:43"
                    ],
                    "ср": [
                        "20:57",
                        "22:09",
                        "23:30",
                        "00:29",
                        "01:43"
                    ],
                    "чт": [
                        "20:57",
                        "22:09",
                        "23:30",
                        "00:29",
                        "01:43"
                    ],
                    "пт": [
                        "20:57",
                        "22:09",
                        "23:30",
                        "00:29",
                        "01:43"
                    ],
                    "сб": [
                        "20:57",
                        "22:09",
                        "23:30",
                        "00:29",
                        "01:43"
                    ],
                    "вс": [
                        "20:57",
                        "22:09",
                        "23:30",
                        "00:29",
                        "01:43"
                    ]
                }
            },
            "Медицинский колледж": {
                "id": "5626",
                "schedule": {
                    "пн": [
                        "20:59",
                        "22:11",
                        "23:32",
                        "00:31",
                        "01:45"
                    ],
                    "вт": [
                        "20:59",
                        "22:11",
                        "23:32",
                        "00:31",
                        "01:45"
                    ],
                    "ср": [
                        "20:59",
                        "22:11",
                        "23:32",
                        "00:31",
                        "01:45"
                    ],
                    "чт": [
                        "20:59",
                        "22:11",
                        "23:32",
                        "00:31",
                        "01:45"
                    ],
                    "пт": [
                        "20:59",
                        "22:11",
                        "23:32",
                        "00:31",
                        "01:45"
                    ],
                    "сб": [
                        "20:59",
                        "22:11",
                        "23:32",
                        "00:31",
                        "01:45"
                    ],
                    "вс": [
                        "20:59",
                        "22:11",
                        "23:32",
                        "00:31",
                        "01:45"
                    ]
                }
            },
            "Школа № 2": {
                "id": "5562",
                "schedule": {
                    "пн": [
                        "21:01",
                        "22:13",
                        "23:34",
                        "00:33",
                        "01:47"
                    ],
                    "вт": [
                        "21:01",
                        "22:13",
                        "23:34",
                        "00:33",
                        "01:47"
                    ],
                    "ср": [
                        "21:01",
                        "22:13",
                        "23:34",
                        "00:33",
                        "01:47"
                    ],
                    "чт": [
                        "21:01",
                        "22:13",
                        "23:34",
                        "00:33",
                        "01:47"
                    ],
                    "пт": [
                        "21:01",
                        "22:13",
                        "23:34",
                        "00:33",
                        "01:47"
                    ],
                    "сб": [
                        "21:01",
                        "22:13",
                        "23:34",
                        "00:33",
                        "01:47"
                    ],
                    "вс": [
                        "21:01",
                        "22:13",
                        "23:34",
                        "00:33",
                        "01:47"
                    ]
                }
            },
            "Городок": {
                "id": "34466",
                "schedule": {
                    "пн": [
                        "21:02",
                        "22:14",
                        "23:35",
                        "00:34",
                        "01:48"
                    ],
                    "вт": [
                        "21:02",
                        "22:14",
                        "23:35",
                        "00:34",
                        "01:48"
                    ],
                    "ср": [
                        "21:02",
                        "22:14",
                        "23:35",
                        "00:34",
                        "01:48"
                    ],
                    "чт": [
                        "21:02",
                        "22:14",
                        "23:35",
                        "00:34",
                        "01:48"
                    ],
                    "пт": [
                        "21:02",
                        "22:14",
                        "23:35",
                        "00:34",
                        "01:48"
                    ],
                    "сб": [
                        "21:02",
                        "22:14",
                        "23:35",
                        "00:34",
                        "01:48"
                    ],
                    "вс": [
                        "21:02",
                        "22:14",
                        "23:35",
                        "00:34",
                        "01:48"
                    ]
                }
            },
            "Майский посад": {
                "id": "34478",
                "schedule": {
                    "пн": [
                        "21:03",
                        "22:15",
                        "23:36",
                        "00:35",
                        "01:49"
                    ],
                    "вт": [
                        "21:03",
                        "22:15",
                        "23:36",
                        "00:35",
                        "01:49"
                    ],
                    "ср": [
                        "21:03",
                        "22:15",
                        "23:36",
                        "00:35",
                        "01:49"
                    ],
                    "чт": [
                        "21:03",
                        "22:15",
                        "23:36",
                        "00:35",
                        "01:49"
                    ],
                    "пт": [
                        "21:03",
                        "22:15",
                        "23:36",
                        "00:35",
                        "01:49"
                    ],
                    "сб": [
                        "21:03",
                        "22:15",
                        "23:36",
                        "00:35",
                        "01:49"
                    ],
                    "вс": [
                        "21:03",
                        "22:15",
                        "23:36",
                        "00:35",
                        "01:49"
                    ]
                }
            },
            "Сыродельный комбинат": {
                "id": "34503",
                "schedule": {
                    "пн": [
                        "21:04",
                        "22:16",
                        "23:37",
                        "00:36",
                        "01:50"
                    ],
                    "вт": [
                        "21:04",
                        "22:16",
                        "23:37",
                        "00:36",
                        "01:50"
                    ],
                    "ср": [
                        "21:04",
                        "22:16",
                        "23:37",
                        "00:36",
                        "01:50"
                    ],
                    "чт": [
                        "21:04",
                        "22:16",
                        "23:37",
                        "00:36",
                        "01:50"
                    ],
                    "пт": [
                        "21:04",
                        "22:16",
                        "23:37",
                        "00:36",
                        "01:50"
                    ],
                    "сб": [
                        "21:04",
                        "22:16",
                        "23:37",
                        "00:36",
                        "01:50"
                    ],
                    "вс": [
                        "21:04",
                        "22:16",
                        "23:37",
                        "00:36",
                        "01:50"
                    ]
                }
            },
            "Автобусный парк №2": {
                "id": "34519",
                "schedule": {
                    "пн": [
                        "21:06",
                        "22:18",
                        "23:39",
                        "00:38",
                        "01:52"
                    ],
                    "вт": [
                        "21:06",
                        "22:18",
                        "23:39",
                        "00:38",
                        "01:52"
                    ],
                    "ср": [
                        "21:06",
                        "22:18",
                        "23:39",
                        "00:38",
                        "01:52"
                    ],
                    "чт": [
                        "21:06",
                        "22:18",
                        "23:39",
                        "00:38",
                        "01:52"
                    ],
                    "пт": [
                        "21:06",
                        "22:18",
                        "23:39",
                        "00:38",
                        "01:52"
                    ],
                    "сб": [
                        "21:06",
                        "22:18",
                        "23:39",
                        "00:38",
                        "01:52"
                    ],
                    "вс": [
                        "21:06",
                        "22:18",
                        "23:39",
                        "00:38",
                        "01:52"
                    ]
                }
            }
        }
    }
}