{
    "15в": {
        "Автобус №15в‍": {
            "Автобусный парк №2": {
                "id": "34519",
                "schedule": {
                    "пн": [
                        "20:07",
                        "21:20"
                    ],
                    "вт": [
                        "20:07",
                        "21:20"
                    ],
                    "ср": [
                        "20:07",
                        "21:20"
                    ],
                    "чт": [
                        "20:07",
                        "21:20"
                    ],
                    "пт": [
                        "20:07",
                        "21:20"
                    ],
                    "сб": [
                        "20:07",
                        "21:20"
                    ],
                    "вс": [
                        "20:07",
                        "21:20"
                    ]
                }
            },
            "Сыродельный комбинат": {
                "id": "34413",
                "schedule": {
                    "пн": [
                        "20:09",
                        "21:22"
                    ],
                    "вт": [
                        "20:09",
                        "21:22"
                    ],
                    "ср": [
                        "20:09",
                        "21:22"
                    ],
                    "чт": [
                        "20:09",
                        "21:22"
                    ],
                    "пт": [
                        "20:09",
                        "21:22"
                    ],
                    "сб": [
                        "20:09",
                        "21:22"
                    ],
                    "вс": [
                        "20:09",
                        "21:22"
                    ]
                }
            },
            "Майский посад": {
                "id": "34541",
                "schedule": {
                    "пн": [
                        "20:10",
                        "21:23"
                    ],
                    "вт": [
                        "20:10",
                        "21:23"
                    ],
                    "ср": [
                        "20:10",
                        "21:23"
                    ],
                    "чт": [
                        "20:10",
                        "21:23"
                    ],
                    "пт": [
                        "20:10",
                        "21:23"
                    ],
                    "сб": [
                        "20:10",
                        "21:23"
                    ],
                    "вс": [
                        "20:10",
                        "21:23"
                    ]
                }
            },
            "Городок": {
                "id": "5376",
                "schedule": {
                    "пн": [
                        "20:11",
                        "21:24"
                    ],
                    "вт": [
                        "20:11",
                        "21:24"
                    ],
                    "ср": [
                        "20:11",
                        "21:24"
                    ],
                    "чт": [
                        "20:11",
                        "21:24"
                    ],
                    "пт": [
                        "20:11",
                        "21:24"
                    ],
                    "сб": [
                        "20:11",
                        "21:24"
                    ],
                    "вс": [
                        "20:11",
                        "21:24"
                    ]
                }
            },
            "Школа № 2": {
                "id": "5429",
                "schedule": {
                    "пн": [
                        "20:12",
                        "21:25"
                    ],
                    "вт": [
                        "20:12",
                        "21:25"
                    ],
                    "ср": [
                        "20:12",
                        "21:25"
                    ],
                    "чт": [
                        "20:12",
                        "21:25"
                    ],
                    "пт": [
                        "20:12",
                        "21:25"
                    ],
                    "сб": [
                        "20:12",
                        "21:25"
                    ],
                    "вс": [
                        "20:12",
                        "21:25"
                    ]
                }
            },
            "Медицинский колледж": {
                "id": "5537",
                "schedule": {
                    "пн": [
                        "20:14",
                        "21:27"
                    ],
                    "вт": [
                        "20:14",
                        "21:27"
                    ],
                    "ср": [
                        "20:14",
                        "21:27"
                    ],
                    "чт": [
                        "20:14",
                        "21:27"
                    ],
                    "пт": [
                        "20:14",
                        "21:27"
                    ],
                    "сб": [
                        "20:14",
                        "21:27"
                    ],
                    "вс": [
                        "20:14",
                        "21:27"
                    ]
                }
            },
            "Рынок": {
                "id": "5584",
                "schedule": {
                    "пн": [
                        "20:17",
                        "21:30"
                    ],
                    "вт": [
                        "20:17",
                        "21:30"
                    ],
                    "ср": [
                        "20:17",
                        "21:30"
                    ],
                    "чт": [
                        "20:17",
                        "21:30"
                    ],
                    "пт": [
                        "20:17",
                        "21:30"
                    ],
                    "сб": [
                        "20:17",
                        "21:30"
                    ],
                    "вс": [
                        "20:17",
                        "21:30"
                    ]
                }
            },
            "Аптека № 80": {
                "id": "5553",
                "schedule": {
                    "пн": [
                        "20:19",
                        "21:32"
                    ],
                    "вт": [
                        "20:19",
                        "21:32"
                    ],
                    "ср": [
                        "20:19",
                        "21:32"
                    ],
                    "чт": [
                        "20:19",
                        "21:32"
                    ],
                    "пт": [
                        "20:19",
                        "21:32"
                    ],
                    "сб": [
                        "20:19",
                        "21:32"
                    ],
                    "вс": [
                        "20:19",
                        "21:32"
                    ]
                }
            },
            "Дом культуры": {
                "id": "5451",
                "schedule": {
                    "пн": [
                        "20:21",
                        "21:34"
                    ],
                    "вт": [
                        "20:21",
                        "21:34"
                    ],
                    "ср": [
                        "20:21",
                        "21:34"
                    ],
                    "чт": [
                        "20:21",
                        "21:34"
                    ],
                    "пт": [
                        "20:21",
                        "21:34"
                    ],
                    "сб": [
                        "20:21",
                        "21:34"
                    ],
                    "вс": [
                        "20:21",
                        "21:34"
                    ]
                }
            },
            "1 Августа": {
                "id": "5413",
                "schedule": {
                    "пн": [
                        "20:24",
                        "21:37"
                    ],
                    "вт": [
                        "20:24",
                        "21:37"
                    ],
                    "ср": [
                        "20:24",
                        "21:37"
                    ],
                    "чт": [
                        "20:24",
                        "21:37"
                    ],
                    "пт": [
                        "20:24",
                        "21:37"
                    ],
                    "сб": [
                        "20:24",
                        "21:37"
                    ],
                    "вс": [
                        "20:24",
                        "21:37"
                    ]
                }
            },
            "Зелёная": {
                "id": "5533",
                "schedule": {
                    "пн": [
                        "20:26",
                        "21:39"
                    ],
                    "вт": [
                        "20:26",
                        "21:39"
                    ],
                    "ср": [
                        "20:26",
                        "21:39"
                    ],
                    "чт": [
                        "20:26",
                        "21:39"
                    ],
                    "пт": [
                        "20:26",
                        "21:39"
                    ],
                    "сб": [
                        "20:26",
                        "21:39"
                    ],
                    "вс": [
                        "20:26",
                        "21:39"
                    ]
                }
            },
            "Микрорайон Северный": {
                "id": "5587",
                "schedule": {
                    "пн": [
                        "20:28",
                        "21:41"
                    ],
                    "вт": [
                        "20:28",
                        "21:41"
                    ],
                    "ср": [
                        "20:28",
                        "21:41"
                    ],
                    "чт": [
                        "20:28",
                        "21:41"
                    ],
                    "пт": [
                        "20:28",
                        "21:41"
                    ],
                    "сб": [
                        "20:28",
                        "21:41"
                    ],
                    "вс": [
                        "20:28",
                        "21:41"
                    ]
                }
            },
            "Чехова": {
                "id": "36791",
                "schedule": {
                    "пн": [
                        "20:30",
                        "21:43"
                    ],
                    "вт": [
                        "20:30",
                        "21:43"
                    ],
                    "ср": [
                        "20:30",
                        "21:43"
                    ],
                    "чт": [
                        "20:30",
                        "21:43"
                    ],
                    "пт": [
                        "20:30",
                        "21:43"
                    ],
                    "сб": [
                        "20:30",
                        "21:43"
                    ],
                    "вс": [
                        "20:30",
                        "21:43"
                    ]
                }
            },
            "Школа № 11": {
                "id": "45071",
                "schedule": {
                    "пн": [
                        "20:32",
                        "21:45"
                    ],
                    "вт": [
                        "20:32",
                        "21:45"
                    ],
                    "ср": [
                        "20:32",
                        "21:45"
                    ],
                    "чт": [
                        "20:32",
                        "21:45"
                    ],
                    "пт": [
                        "20:32",
                        "21:45"
                    ],
                    "сб": [
                        "20:32",
                        "21:45"
                    ],
                    "вс": [
                        "20:32",
                        "21:45"
                    ]
                }
            },
            "Кадетское училище": {
                "id": "61037",
                "schedule": {
                    "пн": [
                        "20:33",
                        "21:46"
                    ],
                    "вт": [
                        "20:33",
                        "21:46"
                    ],
                    "ср": [
                        "20:33",
                        "21:46"
                    ],
                    "чт": [
                        "20:33",
                        "21:46"
                    ],
                    "пт": [
                        "20:33",
                        "21:46"
                    ],
                    "сб": [
                        "20:33",
                        "21:46"
                    ],
                    "вс": [
                        "20:33",
                        "21:46"
                    ]
                }
            },
            "Школа № 9": {
                "id": "5525",
                "schedule": {
                    "пн": [
                        "20:35",
                        "21:48"
                    ],
                    "вт": [
                        "20:35",
                        "21:48"
                    ],
                    "ср": [
                        "20:35",
                        "21:48"
                    ],
                    "чт": [
                        "20:35",
                        "21:48"
                    ],
                    "пт": [
                        "20:35",
                        "21:48"
                    ],
                    "сб": [
                        "20:35",
                        "21:48"
                    ],
                    "вс": [
                        "20:35",
                        "21:48"
                    ]
                }
            },
            "14-й городок": {
                "id": "5378",
                "schedule": {
                    "пн": [
                        "20:37",
                        "21:50"
                    ],
                    "вт": [
                        "20:37",
                        "21:50"
                    ],
                    "ср": [
                        "20:37",
                        "21:50"
                    ],
                    "чт": [
                        "20:37",
                        "21:50"
                    ],
                    "пт": [
                        "20:37",
                        "21:50"
                    ],
                    "сб": [
                        "20:37",
                        "21:50"
                    ],
                    "вс": [
                        "20:37",
                        "21:50"
                    ]
                }
            },
            "ДОСААФ": {
                "id": "5527",
                "schedule": {
                    "пн": [
                        "20:40",
                        "21:53"
                    ],
                    "вт": [
                        "20:40",
                        "21:53"
                    ],
                    "ср": [
                        "20:40",
                        "21:53"
                    ],
                    "чт": [
                        "20:40",
                        "21:53"
                    ],
                    "пт": [
                        "20:40",
                        "21:53"
                    ],
                    "сб": [
                        "20:40",
                        "21:53"
                    ],
                    "вс": [
                        "20:40",
                        "21:53"
                    ]
                }
            },
            "Социалистическая": {
                "id": "5631",
                "schedule": {
                    "пн": [
                        "20:42",
                        "21:55"
                    ],
                    "вт": [
                        "20:42",
                        "21:55"
                    ],
                    "ср": [
                        "20:42",
                        "21:55"
                    ],
                    "чт": [
                        "20:42",
                        "21:55"
                    ],
                    "пт": [
                        "20:42",
                        "21:55"
                    ],
                    "сб": [
                        "20:42",
                        "21:55"
                    ],
                    "вс": [
                        "20:42",
                        "21:55"
                    ]
                }
            }
        },
        "Отправления с остановки": {}
    }
}