{
    "16": {
        "Автобус №16‍": {
            "Автовокзал *": {
                "id": "64730",
                "schedule": {
                    "пн": [
                        "07:05",
                        "07:45",
                        "08:40",
                        "09:40",
                        "10:45",
                        "11:50",
                        "12:50",
                        "13:41",
                        "14:46",
                        "15:51",
                        "16:31",
                        "17:24",
                        "18:41",
                        "19:21",
                        "20:44",
                        "21:20",
                        "21:56"
                    ],
                    "вт": [
                        "07:05",
                        "07:45",
                        "08:40",
                        "09:40",
                        "10:45",
                        "11:50",
                        "12:50",
                        "13:41",
                        "14:46",
                        "15:51",
                        "16:31",
                        "17:24",
                        "18:41",
                        "19:21",
                        "20:44",
                        "21:20",
                        "21:56"
                    ],
                    "ср": [
                        "07:05",
                        "07:45",
                        "08:40",
                        "09:40",
                        "10:45",
                        "11:50",
                        "12:50",
                        "13:41",
                        "14:46",
                        "15:51",
                        "16:31",
                        "17:24",
                        "18:41",
                        "19:21",
                        "20:44",
                        "21:20",
                        "21:56"
                    ],
                    "чт": [
                        "07:05",
                        "07:45",
                        "08:40",
                        "09:40",
                        "10:45",
                        "11:50",
                        "12:50",
                        "13:41",
                        "14:46",
                        "15:51",
                        "16:31",
                        "17:24",
                        "18:41",
                        "19:21",
                        "20:44",
                        "21:20",
                        "21:56"
                    ],
                    "пт": [
                        "07:05",
                        "07:45",
                        "08:40",
                        "09:40",
                        "10:45",
                        "11:50",
                        "12:50",
                        "13:41",
                        "14:46",
                        "15:51",
                        "16:31",
                        "17:24",
                        "18:41",
                        "19:21",
                        "20:44",
                        "21:20",
                        "21:56"
                    ],
                    "сб": [
                        "07:05",
                        "08:40",
                        "10:45",
                        "12:50",
                        "14:45",
                        "15:50",
                        "16:30",
                        "17:23",
                        "20:43",
                        "21:19",
                        "21:55"
                    ],
                    "вс": [
                        "07:05",
                        "08:40",
                        "10:45",
                        "12:50",
                        "14:45",
                        "15:50",
                        "16:30",
                        "17:23",
                        "20:43",
                        "21:19",
                        "21:55"
                    ]
                }
            },
            "Автовокзал": {
                "id": "5601",
                "schedule": {
                    "пн": [
                        "07:05",
                        "07:45",
                        "08:40",
                        "09:40",
                        "10:45",
                        "11:50",
                        "12:50",
                        "13:41",
                        "14:46",
                        "15:51",
                        "16:31",
                        "17:24",
                        "18:41",
                        "19:21",
                        "20:44",
                        "21:20",
                        "21:56"
                    ],
                    "вт": [
                        "07:05",
                        "07:45",
                        "08:40",
                        "09:40",
                        "10:45",
                        "11:50",
                        "12:50",
                        "13:41",
                        "14:46",
                        "15:51",
                        "16:31",
                        "17:24",
                        "18:41",
                        "19:21",
                        "20:44",
                        "21:20",
                        "21:56"
                    ],
                    "ср": [
                        "07:05",
                        "07:45",
                        "08:40",
                        "09:40",
                        "10:45",
                        "11:50",
                        "12:50",
                        "13:41",
                        "14:46",
                        "15:51",
                        "16:31",
                        "17:24",
                        "18:41",
                        "19:21",
                        "20:44",
                        "21:20",
                        "21:56"
                    ],
                    "чт": [
                        "07:05",
                        "07:45",
                        "08:40",
                        "09:40",
                        "10:45",
                        "11:50",
                        "12:50",
                        "13:41",
                        "14:46",
                        "15:51",
                        "16:31",
                        "17:24",
                        "18:41",
                        "19:21",
                        "20:44",
                        "21:20",
                        "21:56"
                    ],
                    "пт": [
                        "07:05",
                        "07:45",
                        "08:40",
                        "09:40",
                        "10:45",
                        "11:50",
                        "12:50",
                        "13:41",
                        "14:46",
                        "15:51",
                        "16:31",
                        "17:24",
                        "18:41",
                        "19:21",
                        "20:44",
                        "21:20",
                        "21:56"
                    ],
                    "сб": [
                        "07:05",
                        "08:40",
                        "10:45",
                        "12:50",
                        "14:45",
                        "15:50",
                        "16:30",
                        "17:23",
                        "20:43",
                        "21:19",
                        "21:55"
                    ],
                    "вс": [
                        "07:05",
                        "08:40",
                        "10:45",
                        "12:50",
                        "14:45",
                        "15:50",
                        "16:30",
                        "17:23",
                        "20:43",
                        "21:19",
                        "21:55"
                    ]
                }
            },
            "Магазин стройматериалов": {
                "id": "5441",
                "schedule": {
                    "пн": [
                        "07:07",
                        "07:47",
                        "08:42",
                        "09:42",
                        "10:47",
                        "11:52",
                        "12:52",
                        "13:43",
                        "14:48",
                        "15:53",
                        "16:33",
                        "17:26",
                        "18:43",
                        "19:23",
                        "20:46",
                        "21:22",
                        "21:58"
                    ],
                    "вт": [
                        "07:07",
                        "07:47",
                        "08:42",
                        "09:42",
                        "10:47",
                        "11:52",
                        "12:52",
                        "13:43",
                        "14:48",
                        "15:53",
                        "16:33",
                        "17:26",
                        "18:43",
                        "19:23",
                        "20:46",
                        "21:22",
                        "21:58"
                    ],
                    "ср": [
                        "07:07",
                        "07:47",
                        "08:42",
                        "09:42",
                        "10:47",
                        "11:52",
                        "12:52",
                        "13:43",
                        "14:48",
                        "15:53",
                        "16:33",
                        "17:26",
                        "18:43",
                        "19:23",
                        "20:46",
                        "21:22",
                        "21:58"
                    ],
                    "чт": [
                        "07:07",
                        "07:47",
                        "08:42",
                        "09:42",
                        "10:47",
                        "11:52",
                        "12:52",
                        "13:43",
                        "14:48",
                        "15:53",
                        "16:33",
                        "17:26",
                        "18:43",
                        "19:23",
                        "20:46",
                        "21:22",
                        "21:58"
                    ],
                    "пт": [
                        "07:07",
                        "07:47",
                        "08:42",
                        "09:42",
                        "10:47",
                        "11:52",
                        "12:52",
                        "13:43",
                        "14:48",
                        "15:53",
                        "16:33",
                        "17:26",
                        "18:43",
                        "19:23",
                        "20:46",
                        "21:22",
                        "21:58"
                    ],
                    "сб": [
                        "07:07",
                        "08:42",
                        "10:47",
                        "12:52",
                        "14:47",
                        "15:52",
                        "16:32",
                        "17:25",
                        "20:45",
                        "21:21",
                        "21:57"
                    ],
                    "вс": [
                        "07:07",
                        "08:42",
                        "10:47",
                        "12:52",
                        "14:47",
                        "15:52",
                        "16:32",
                        "17:25",
                        "20:45",
                        "21:21",
                        "21:57"
                    ]
                }
            },
            "Рынок": {
                "id": "5584",
                "schedule": {
                    "пн": [
                        "07:09",
                        "07:49",
                        "08:44",
                        "09:44",
                        "10:49",
                        "11:54",
                        "12:54",
                        "13:45",
                        "14:50",
                        "15:55",
                        "16:35",
                        "17:28",
                        "18:45",
                        "19:25",
                        "20:48",
                        "21:24",
                        "22:00"
                    ],
                    "вт": [
                        "07:09",
                        "07:49",
                        "08:44",
                        "09:44",
                        "10:49",
                        "11:54",
                        "12:54",
                        "13:45",
                        "14:50",
                        "15:55",
                        "16:35",
                        "17:28",
                        "18:45",
                        "19:25",
                        "20:48",
                        "21:24",
                        "22:00"
                    ],
                    "ср": [
                        "07:09",
                        "07:49",
                        "08:44",
                        "09:44",
                        "10:49",
                        "11:54",
                        "12:54",
                        "13:45",
                        "14:50",
                        "15:55",
                        "16:35",
                        "17:28",
                        "18:45",
                        "19:25",
                        "20:48",
                        "21:24",
                        "22:00"
                    ],
                    "чт": [
                        "07:09",
                        "07:49",
                        "08:44",
                        "09:44",
                        "10:49",
                        "11:54",
                        "12:54",
                        "13:45",
                        "14:50",
                        "15:55",
                        "16:35",
                        "17:28",
                        "18:45",
                        "19:25",
                        "20:48",
                        "21:24",
                        "22:00"
                    ],
                    "пт": [
                        "07:09",
                        "07:49",
                        "08:44",
                        "09:44",
                        "10:49",
                        "11:54",
                        "12:54",
                        "13:45",
                        "14:50",
                        "15:55",
                        "16:35",
                        "17:28",
                        "18:45",
                        "19:25",
                        "20:48",
                        "21:24",
                        "22:00"
                    ],
                    "сб": [
                        "07:09",
                        "08:44",
                        "10:49",
                        "12:54",
                        "14:49",
                        "15:54",
                        "16:34",
                        "17:27",
                        "20:47",
                        "21:23",
                        "21:59"
                    ],
                    "вс": [
                        "07:09",
                        "08:44",
                        "10:49",
                        "12:54",
                        "14:49",
                        "15:54",
                        "16:34",
                        "17:27",
                        "20:47",
                        "21:23",
                        "21:59"
                    ]
                }
            },
            "Аптека № 80": {
                "id": "5553",
                "schedule": {
                    "пн": [
                        "07:11",
                        "07:51",
                        "08:46",
                        "09:46",
                        "10:51",
                        "11:56",
                        "12:56",
                        "13:47",
                        "14:52",
                        "15:57",
                        "16:37",
                        "17:30",
                        "18:47",
                        "19:27",
                        "20:50",
                        "21:26",
                        "22:02"
                    ],
                    "вт": [
                        "07:11",
                        "07:51",
                        "08:46",
                        "09:46",
                        "10:51",
                        "11:56",
                        "12:56",
                        "13:47",
                        "14:52",
                        "15:57",
                        "16:37",
                        "17:30",
                        "18:47",
                        "19:27",
                        "20:50",
                        "21:26",
                        "22:02"
                    ],
                    "ср": [
                        "07:11",
                        "07:51",
                        "08:46",
                        "09:46",
                        "10:51",
                        "11:56",
                        "12:56",
                        "13:47",
                        "14:52",
                        "15:57",
                        "16:37",
                        "17:30",
                        "18:47",
                        "19:27",
                        "20:50",
                        "21:26",
                        "22:02"
                    ],
                    "чт": [
                        "07:11",
                        "07:51",
                        "08:46",
                        "09:46",
                        "10:51",
                        "11:56",
                        "12:56",
                        "13:47",
                        "14:52",
                        "15:57",
                        "16:37",
                        "17:30",
                        "18:47",
                        "19:27",
                        "20:50",
                        "21:26",
                        "22:02"
                    ],
                    "пт": [
                        "07:11",
                        "07:51",
                        "08:46",
                        "09:46",
                        "10:51",
                        "11:56",
                        "12:56",
                        "13:47",
                        "14:52",
                        "15:57",
                        "16:37",
                        "17:30",
                        "18:47",
                        "19:27",
                        "20:50",
                        "21:26",
                        "22:02"
                    ],
                    "сб": [
                        "07:11",
                        "08:46",
                        "10:51",
                        "12:56",
                        "14:51",
                        "15:56",
                        "16:36",
                        "17:29",
                        "20:49",
                        "21:25",
                        "22:01"
                    ],
                    "вс": [
                        "07:11",
                        "08:46",
                        "10:51",
                        "12:56",
                        "14:51",
                        "15:56",
                        "16:36",
                        "17:29",
                        "20:49",
                        "21:25",
                        "22:01"
                    ]
                }
            },
            "Дом культуры": {
                "id": "5451",
                "schedule": {
                    "пн": [
                        "07:13",
                        "07:53",
                        "08:48",
                        "09:48",
                        "10:53",
                        "11:58",
                        "12:58",
                        "13:49",
                        "14:54",
                        "15:59",
                        "16:39",
                        "17:32",
                        "18:49",
                        "19:29",
                        "20:52",
                        "21:28",
                        "22:04"
                    ],
                    "вт": [
                        "07:13",
                        "07:53",
                        "08:48",
                        "09:48",
                        "10:53",
                        "11:58",
                        "12:58",
                        "13:49",
                        "14:54",
                        "15:59",
                        "16:39",
                        "17:32",
                        "18:49",
                        "19:29",
                        "20:52",
                        "21:28",
                        "22:04"
                    ],
                    "ср": [
                        "07:13",
                        "07:53",
                        "08:48",
                        "09:48",
                        "10:53",
                        "11:58",
                        "12:58",
                        "13:49",
                        "14:54",
                        "15:59",
                        "16:39",
                        "17:32",
                        "18:49",
                        "19:29",
                        "20:52",
                        "21:28",
                        "22:04"
                    ],
                    "чт": [
                        "07:13",
                        "07:53",
                        "08:48",
                        "09:48",
                        "10:53",
                        "11:58",
                        "12:58",
                        "13:49",
                        "14:54",
                        "15:59",
                        "16:39",
                        "17:32",
                        "18:49",
                        "19:29",
                        "20:52",
                        "21:28",
                        "22:04"
                    ],
                    "пт": [
                        "07:13",
                        "07:53",
                        "08:48",
                        "09:48",
                        "10:53",
                        "11:58",
                        "12:58",
                        "13:49",
                        "14:54",
                        "15:59",
                        "16:39",
                        "17:32",
                        "18:49",
                        "19:29",
                        "20:52",
                        "21:28",
                        "22:04"
                    ],
                    "сб": [
                        "07:13",
                        "08:48",
                        "10:53",
                        "12:58",
                        "14:53",
                        "15:58",
                        "16:38",
                        "17:31",
                        "20:51",
                        "21:27",
                        "22:03"
                    ],
                    "вс": [
                        "07:13",
                        "08:48",
                        "10:53",
                        "12:58",
                        "14:53",
                        "15:58",
                        "16:38",
                        "17:31",
                        "20:51",
                        "21:27",
                        "22:03"
                    ]
                }
            },
            "1 Августа": {
                "id": "5413",
                "schedule": {
                    "пн": [
                        "07:16",
                        "07:56",
                        "08:51",
                        "09:51",
                        "10:56",
                        "12:01",
                        "13:01",
                        "13:52",
                        "14:57",
                        "16:02",
                        "16:42",
                        "17:35",
                        "18:52",
                        "19:32",
                        "20:55",
                        "21:31",
                        "22:07"
                    ],
                    "вт": [
                        "07:16",
                        "07:56",
                        "08:51",
                        "09:51",
                        "10:56",
                        "12:01",
                        "13:01",
                        "13:52",
                        "14:57",
                        "16:02",
                        "16:42",
                        "17:35",
                        "18:52",
                        "19:32",
                        "20:55",
                        "21:31",
                        "22:07"
                    ],
                    "ср": [
                        "07:16",
                        "07:56",
                        "08:51",
                        "09:51",
                        "10:56",
                        "12:01",
                        "13:01",
                        "13:52",
                        "14:57",
                        "16:02",
                        "16:42",
                        "17:35",
                        "18:52",
                        "19:32",
                        "20:55",
                        "21:31",
                        "22:07"
                    ],
                    "чт": [
                        "07:16",
                        "07:56",
                        "08:51",
                        "09:51",
                        "10:56",
                        "12:01",
                        "13:01",
                        "13:52",
                        "14:57",
                        "16:02",
                        "16:42",
                        "17:35",
                        "18:52",
                        "19:32",
                        "20:55",
                        "21:31",
                        "22:07"
                    ],
                    "пт": [
                        "07:16",
                        "07:56",
                        "08:51",
                        "09:51",
                        "10:56",
                        "12:01",
                        "13:01",
                        "13:52",
                        "14:57",
                        "16:02",
                        "16:42",
                        "17:35",
                        "18:52",
                        "19:32",
                        "20:55",
                        "21:31",
                        "22:07"
                    ],
                    "сб": [
                        "07:16",
                        "08:51",
                        "10:56",
                        "13:01",
                        "14:56",
                        "16:01",
                        "16:41",
                        "17:34",
                        "20:54",
                        "21:30",
                        "22:06"
                    ],
                    "вс": [
                        "07:16",
                        "08:51",
                        "10:56",
                        "13:01",
                        "14:56",
                        "16:01",
                        "16:41",
                        "17:34",
                        "20:54",
                        "21:30",
                        "22:06"
                    ]
                }
            },
            "Зелёная": {
                "id": "5533",
                "schedule": {
                    "пн": [
                        "07:18",
                        "07:58",
                        "08:53",
                        "09:53",
                        "10:58",
                        "12:03",
                        "13:03",
                        "13:54",
                        "14:59",
                        "16:04",
                        "16:44",
                        "17:37",
                        "18:54",
                        "19:34",
                        "20:57",
                        "21:33",
                        "22:09"
                    ],
                    "вт": [
                        "07:18",
                        "07:58",
                        "08:53",
                        "09:53",
                        "10:58",
                        "12:03",
                        "13:03",
                        "13:54",
                        "14:59",
                        "16:04",
                        "16:44",
                        "17:37",
                        "18:54",
                        "19:34",
                        "20:57",
                        "21:33",
                        "22:09"
                    ],
                    "ср": [
                        "07:18",
                        "07:58",
                        "08:53",
                        "09:53",
                        "10:58",
                        "12:03",
                        "13:03",
                        "13:54",
                        "14:59",
                        "16:04",
                        "16:44",
                        "17:37",
                        "18:54",
                        "19:34",
                        "20:57",
                        "21:33",
                        "22:09"
                    ],
                    "чт": [
                        "07:18",
                        "07:58",
                        "08:53",
                        "09:53",
                        "10:58",
                        "12:03",
                        "13:03",
                        "13:54",
                        "14:59",
                        "16:04",
                        "16:44",
                        "17:37",
                        "18:54",
                        "19:34",
                        "20:57",
                        "21:33",
                        "22:09"
                    ],
                    "пт": [
                        "07:18",
                        "07:58",
                        "08:53",
                        "09:53",
                        "10:58",
                        "12:03",
                        "13:03",
                        "13:54",
                        "14:59",
                        "16:04",
                        "16:44",
                        "17:37",
                        "18:54",
                        "19:34",
                        "20:57",
                        "21:33",
                        "22:09"
                    ],
                    "сб": [
                        "07:18",
                        "08:53",
                        "10:58",
                        "13:03",
                        "14:58",
                        "16:03",
                        "16:43",
                        "17:36",
                        "20:56",
                        "21:32",
                        "22:08"
                    ],
                    "вс": [
                        "07:18",
                        "08:53",
                        "10:58",
                        "13:03",
                        "14:58",
                        "16:03",
                        "16:43",
                        "17:36",
                        "20:56",
                        "21:32",
                        "22:08"
                    ]
                }
            },
            "Микрорайон Северный": {
                "id": "5587",
                "schedule": {
                    "пн": [
                        "07:20",
                        "08:00",
                        "08:55",
                        "09:55",
                        "11:00",
                        "12:05",
                        "13:05",
                        "13:56",
                        "15:01",
                        "16:06",
                        "16:46",
                        "17:39",
                        "18:56",
                        "19:36",
                        "20:59",
                        "21:35",
                        "22:11"
                    ],
                    "вт": [
                        "07:20",
                        "08:00",
                        "08:55",
                        "09:55",
                        "11:00",
                        "12:05",
                        "13:05",
                        "13:56",
                        "15:01",
                        "16:06",
                        "16:46",
                        "17:39",
                        "18:56",
                        "19:36",
                        "20:59",
                        "21:35",
                        "22:11"
                    ],
                    "ср": [
                        "07:20",
                        "08:00",
                        "08:55",
                        "09:55",
                        "11:00",
                        "12:05",
                        "13:05",
                        "13:56",
                        "15:01",
                        "16:06",
                        "16:46",
                        "17:39",
                        "18:56",
                        "19:36",
                        "20:59",
                        "21:35",
                        "22:11"
                    ],
                    "чт": [
                        "07:20",
                        "08:00",
                        "08:55",
                        "09:55",
                        "11:00",
                        "12:05",
                        "13:05",
                        "13:56",
                        "15:01",
                        "16:06",
                        "16:46",
                        "17:39",
                        "18:56",
                        "19:36",
                        "20:59",
                        "21:35",
                        "22:11"
                    ],
                    "пт": [
                        "07:20",
                        "08:00",
                        "08:55",
                        "09:55",
                        "11:00",
                        "12:05",
                        "13:05",
                        "13:56",
                        "15:01",
                        "16:06",
                        "16:46",
                        "17:39",
                        "18:56",
                        "19:36",
                        "20:59",
                        "21:35",
                        "22:11"
                    ],
                    "сб": [
                        "07:20",
                        "08:55",
                        "11:00",
                        "13:05",
                        "15:00",
                        "16:05",
                        "16:45",
                        "17:38",
                        "20:58",
                        "21:34",
                        "22:10"
                    ],
                    "вс": [
                        "07:20",
                        "08:55",
                        "11:00",
                        "13:05",
                        "15:00",
                        "16:05",
                        "16:45",
                        "17:38",
                        "20:58",
                        "21:34",
                        "22:10"
                    ]
                }
            },
            "Чехова": {
                "id": "36791",
                "schedule": {
                    "пн": [
                        "07:22",
                        "08:02",
                        "08:57",
                        "09:57",
                        "11:02",
                        "12:07",
                        "13:07",
                        "13:58",
                        "15:03",
                        "16:08",
                        "16:48",
                        "17:41",
                        "18:58",
                        "19:38",
                        "21:01",
                        "21:37",
                        "22:13"
                    ],
                    "вт": [
                        "07:22",
                        "08:02",
                        "08:57",
                        "09:57",
                        "11:02",
                        "12:07",
                        "13:07",
                        "13:58",
                        "15:03",
                        "16:08",
                        "16:48",
                        "17:41",
                        "18:58",
                        "19:38",
                        "21:01",
                        "21:37",
                        "22:13"
                    ],
                    "ср": [
                        "07:22",
                        "08:02",
                        "08:57",
                        "09:57",
                        "11:02",
                        "12:07",
                        "13:07",
                        "13:58",
                        "15:03",
                        "16:08",
                        "16:48",
                        "17:41",
                        "18:58",
                        "19:38",
                        "21:01",
                        "21:37",
                        "22:13"
                    ],
                    "чт": [
                        "07:22",
                        "08:02",
                        "08:57",
                        "09:57",
                        "11:02",
                        "12:07",
                        "13:07",
                        "13:58",
                        "15:03",
                        "16:08",
                        "16:48",
                        "17:41",
                        "18:58",
                        "19:38",
                        "21:01",
                        "21:37",
                        "22:13"
                    ],
                    "пт": [
                        "07:22",
                        "08:02",
                        "08:57",
                        "09:57",
                        "11:02",
                        "12:07",
                        "13:07",
                        "13:58",
                        "15:03",
                        "16:08",
                        "16:48",
                        "17:41",
                        "18:58",
                        "19:38",
                        "21:01",
                        "21:37",
                        "22:13"
                    ],
                    "сб": [
                        "07:22",
                        "08:57",
                        "11:02",
                        "13:07",
                        "15:02",
                        "16:07",
                        "16:47",
                        "17:40",
                        "21:00",
                        "21:36",
                        "22:12"
                    ],
                    "вс": [
                        "07:22",
                        "08:57",
                        "11:02",
                        "13:07",
                        "15:02",
                        "16:07",
                        "16:47",
                        "17:40",
                        "21:00",
                        "21:36",
                        "22:12"
                    ]
                }
            }
        },
        "Отправления с остановки": {
            "Чехова": {
                "id": "36856",
                "schedule": {
                    "пн": [
                        "06:35",
                        "07:26",
                        "08:05",
                        "09:00",
                        "10:00",
                        "11:10",
                        "12:30",
                        "13:13",
                        "14:01",
                        "15:11",
                        "16:11",
                        "17:01",
                        "17:51",
                        "19:01",
                        "19:41",
                        "21:03",
                        "21:37"
                    ],
                    "вт": [
                        "06:35",
                        "07:26",
                        "08:05",
                        "09:00",
                        "10:00",
                        "11:10",
                        "12:30",
                        "13:13",
                        "14:01",
                        "15:11",
                        "16:11",
                        "17:01",
                        "17:51",
                        "19:01",
                        "19:41",
                        "21:03",
                        "21:37"
                    ],
                    "ср": [
                        "06:35",
                        "07:26",
                        "08:05",
                        "09:00",
                        "10:00",
                        "11:10",
                        "12:30",
                        "13:13",
                        "14:01",
                        "15:11",
                        "16:11",
                        "17:01",
                        "17:51",
                        "19:01",
                        "19:41",
                        "21:03",
                        "21:37"
                    ],
                    "чт": [
                        "06:35",
                        "07:26",
                        "08:05",
                        "09:00",
                        "10:00",
                        "11:10",
                        "12:30",
                        "13:13",
                        "14:01",
                        "15:11",
                        "16:11",
                        "17:01",
                        "17:51",
                        "19:01",
                        "19:41",
                        "21:03",
                        "21:37"
                    ],
                    "пт": [
                        "06:35",
                        "07:26",
                        "08:05",
                        "09:00",
                        "10:00",
                        "11:10",
                        "12:30",
                        "13:13",
                        "14:01",
                        "15:11",
                        "16:11",
                        "17:01",
                        "17:51",
                        "19:01",
                        "19:41",
                        "21:03",
                        "21:37"
                    ],
                    "сб": [
                        "06:35",
                        "08:05",
                        "10:00",
                        "12:30",
                        "14:00",
                        "15:10",
                        "16:10",
                        "17:00",
                        "19:00",
                        "20:25",
                        "21:02",
                        "21:36"
                    ],
                    "вс": [
                        "06:35",
                        "08:05",
                        "10:00",
                        "12:30",
                        "14:00",
                        "15:10",
                        "16:10",
                        "17:00",
                        "19:00",
                        "20:25",
                        "21:02",
                        "21:36"
                    ]
                }
            },
            "Микрорайон Северный": {
                "id": "5541",
                "schedule": {
                    "пн": [
                        "06:37",
                        "07:28",
                        "08:07",
                        "09:02",
                        "10:02",
                        "11:12",
                        "12:32",
                        "13:15",
                        "14:03",
                        "15:13",
                        "16:13",
                        "17:03",
                        "17:53",
                        "19:03",
                        "19:43",
                        "21:05",
                        "21:39"
                    ],
                    "вт": [
                        "06:37",
                        "07:28",
                        "08:07",
                        "09:02",
                        "10:02",
                        "11:12",
                        "12:32",
                        "13:15",
                        "14:03",
                        "15:13",
                        "16:13",
                        "17:03",
                        "17:53",
                        "19:03",
                        "19:43",
                        "21:05",
                        "21:39"
                    ],
                    "ср": [
                        "06:37",
                        "07:28",
                        "08:07",
                        "09:02",
                        "10:02",
                        "11:12",
                        "12:32",
                        "13:15",
                        "14:03",
                        "15:13",
                        "16:13",
                        "17:03",
                        "17:53",
                        "19:03",
                        "19:43",
                        "21:05",
                        "21:39"
                    ],
                    "чт": [
                        "06:37",
                        "07:28",
                        "08:07",
                        "09:02",
                        "10:02",
                        "11:12",
                        "12:32",
                        "13:15",
                        "14:03",
                        "15:13",
                        "16:13",
                        "17:03",
                        "17:53",
                        "19:03",
                        "19:43",
                        "21:05",
                        "21:39"
                    ],
                    "пт": [
                        "06:37",
                        "07:28",
                        "08:07",
                        "09:02",
                        "10:02",
                        "11:12",
                        "12:32",
                        "13:15",
                        "14:03",
                        "15:13",
                        "16:13",
                        "17:03",
                        "17:53",
                        "19:03",
                        "19:43",
                        "21:05",
                        "21:39"
                    ],
                    "сб": [
                        "06:37",
                        "08:07",
                        "10:02",
                        "12:32",
                        "14:02",
                        "15:12",
                        "16:12",
                        "17:02",
                        "19:02",
                        "20:27",
                        "21:04",
                        "21:38"
                    ],
                    "вс": [
                        "06:37",
                        "08:07",
                        "10:02",
                        "12:32",
                        "14:02",
                        "15:12",
                        "16:12",
                        "17:02",
                        "19:02",
                        "20:27",
                        "21:04",
                        "21:38"
                    ]
                }
            },
            "Борисовца": {
                "id": "5398",
                "schedule": {
                    "пн": [
                        "06:39",
                        "07:30",
                        "08:09",
                        "09:04",
                        "10:04",
                        "11:14",
                        "12:34",
                        "13:17",
                        "14:05",
                        "15:15",
                        "16:15",
                        "17:05",
                        "17:55",
                        "19:05",
                        "19:45",
                        "21:07",
                        "21:41"
                    ],
                    "вт": [
                        "06:39",
                        "07:30",
                        "08:09",
                        "09:04",
                        "10:04",
                        "11:14",
                        "12:34",
                        "13:17",
                        "14:05",
                        "15:15",
                        "16:15",
                        "17:05",
                        "17:55",
                        "19:05",
                        "19:45",
                        "21:07",
                        "21:41"
                    ],
                    "ср": [
                        "06:39",
                        "07:30",
                        "08:09",
                        "09:04",
                        "10:04",
                        "11:14",
                        "12:34",
                        "13:17",
                        "14:05",
                        "15:15",
                        "16:15",
                        "17:05",
                        "17:55",
                        "19:05",
                        "19:45",
                        "21:07",
                        "21:41"
                    ],
                    "чт": [
                        "06:39",
                        "07:30",
                        "08:09",
                        "09:04",
                        "10:04",
                        "11:14",
                        "12:34",
                        "13:17",
                        "14:05",
                        "15:15",
                        "16:15",
                        "17:05",
                        "17:55",
                        "19:05",
                        "19:45",
                        "21:07",
                        "21:41"
                    ],
                    "пт": [
                        "06:39",
                        "07:30",
                        "08:09",
                        "09:04",
                        "10:04",
                        "11:14",
                        "12:34",
                        "13:17",
                        "14:05",
                        "15:15",
                        "16:15",
                        "17:05",
                        "17:55",
                        "19:05",
                        "19:45",
                        "21:07",
                        "21:41"
                    ],
                    "сб": [
                        "06:39",
                        "08:09",
                        "10:04",
                        "12:34",
                        "14:04",
                        "15:14",
                        "16:14",
                        "17:04",
                        "19:04",
                        "20:29",
                        "21:06",
                        "21:40"
                    ],
                    "вс": [
                        "06:39",
                        "08:09",
                        "10:04",
                        "12:34",
                        "14:04",
                        "15:14",
                        "16:14",
                        "17:04",
                        "19:04",
                        "20:29",
                        "21:06",
                        "21:40"
                    ]
                }
            },
            "Зелёная": {
                "id": "5586",
                "schedule": {
                    "пн": [
                        "06:40",
                        "07:31",
                        "08:10",
                        "09:05",
                        "10:05",
                        "11:15",
                        "12:35",
                        "13:18",
                        "14:06",
                        "15:16",
                        "16:16",
                        "17:06",
                        "17:56",
                        "19:06",
                        "19:46",
                        "21:08",
                        "21:42"
                    ],
                    "вт": [
                        "06:40",
                        "07:31",
                        "08:10",
                        "09:05",
                        "10:05",
                        "11:15",
                        "12:35",
                        "13:18",
                        "14:06",
                        "15:16",
                        "16:16",
                        "17:06",
                        "17:56",
                        "19:06",
                        "19:46",
                        "21:08",
                        "21:42"
                    ],
                    "ср": [
                        "06:40",
                        "07:31",
                        "08:10",
                        "09:05",
                        "10:05",
                        "11:15",
                        "12:35",
                        "13:18",
                        "14:06",
                        "15:16",
                        "16:16",
                        "17:06",
                        "17:56",
                        "19:06",
                        "19:46",
                        "21:08",
                        "21:42"
                    ],
                    "чт": [
                        "06:40",
                        "07:31",
                        "08:10",
                        "09:05",
                        "10:05",
                        "11:15",
                        "12:35",
                        "13:18",
                        "14:06",
                        "15:16",
                        "16:16",
                        "17:06",
                        "17:56",
                        "19:06",
                        "19:46",
                        "21:08",
                        "21:42"
                    ],
                    "пт": [
                        "06:40",
                        "07:31",
                        "08:10",
                        "09:05",
                        "10:05",
                        "11:15",
                        "12:35",
                        "13:18",
                        "14:06",
                        "15:16",
                        "16:16",
                        "17:06",
                        "17:56",
                        "19:06",
                        "19:46",
                        "21:08",
                        "21:42"
                    ],
                    "сб": [
                        "06:40",
                        "08:10",
                        "10:05",
                        "12:35",
                        "14:05",
                        "15:15",
                        "16:15",
                        "17:05",
                        "19:05",
                        "20:30",
                        "21:07",
                        "21:41"
                    ],
                    "вс": [
                        "06:40",
                        "08:10",
                        "10:05",
                        "12:35",
                        "14:05",
                        "15:15",
                        "16:15",
                        "17:05",
                        "19:05",
                        "20:30",
                        "21:07",
                        "21:41"
                    ]
                }
            },
            "1 Августа": {
                "id": "5532",
                "schedule": {
                    "пн": [
                        "06:41",
                        "07:32",
                        "08:11",
                        "09:06",
                        "10:06",
                        "11:16",
                        "12:36",
                        "13:19",
                        "14:07",
                        "15:17",
                        "16:17",
                        "17:07",
                        "17:57",
                        "19:07",
                        "19:47",
                        "21:09",
                        "21:43"
                    ],
                    "вт": [
                        "06:41",
                        "07:32",
                        "08:11",
                        "09:06",
                        "10:06",
                        "11:16",
                        "12:36",
                        "13:19",
                        "14:07",
                        "15:17",
                        "16:17",
                        "17:07",
                        "17:57",
                        "19:07",
                        "19:47",
                        "21:09",
                        "21:43"
                    ],
                    "ср": [
                        "06:41",
                        "07:32",
                        "08:11",
                        "09:06",
                        "10:06",
                        "11:16",
                        "12:36",
                        "13:19",
                        "14:07",
                        "15:17",
                        "16:17",
                        "17:07",
                        "17:57",
                        "19:07",
                        "19:47",
                        "21:09",
                        "21:43"
                    ],
                    "чт": [
                        "06:41",
                        "07:32",
                        "08:11",
                        "09:06",
                        "10:06",
                        "11:16",
                        "12:36",
                        "13:19",
                        "14:07",
                        "15:17",
                        "16:17",
                        "17:07",
                        "17:57",
                        "19:07",
                        "19:47",
                        "21:09",
                        "21:43"
                    ],
                    "пт": [
                        "06:41",
                        "07:32",
                        "08:11",
                        "09:06",
                        "10:06",
                        "11:16",
                        "12:36",
                        "13:19",
                        "14:07",
                        "15:17",
                        "16:17",
                        "17:07",
                        "17:57",
                        "19:07",
                        "19:47",
                        "21:09",
                        "21:43"
                    ],
                    "сб": [
                        "06:41",
                        "08:11",
                        "10:06",
                        "12:36",
                        "14:06",
                        "15:16",
                        "16:16",
                        "17:06",
                        "19:06",
                        "20:31",
                        "21:08",
                        "21:42"
                    ],
                    "вс": [
                        "06:41",
                        "08:11",
                        "10:06",
                        "12:36",
                        "14:06",
                        "15:16",
                        "16:16",
                        "17:06",
                        "19:06",
                        "20:31",
                        "21:08",
                        "21:42"
                    ]
                }
            },
            "Молодёжный центр": {
                "id": "5503",
                "schedule": {
                    "пн": [
                        "06:43",
                        "07:34",
                        "08:13",
                        "09:08",
                        "10:08",
                        "11:18",
                        "12:38",
                        "13:21",
                        "14:09",
                        "15:19",
                        "16:19",
                        "17:09",
                        "17:59",
                        "19:09",
                        "19:49",
                        "21:11",
                        "21:45"
                    ],
                    "вт": [
                        "06:43",
                        "07:34",
                        "08:13",
                        "09:08",
                        "10:08",
                        "11:18",
                        "12:38",
                        "13:21",
                        "14:09",
                        "15:19",
                        "16:19",
                        "17:09",
                        "17:59",
                        "19:09",
                        "19:49",
                        "21:11",
                        "21:45"
                    ],
                    "ср": [
                        "06:43",
                        "07:34",
                        "08:13",
                        "09:08",
                        "10:08",
                        "11:18",
                        "12:38",
                        "13:21",
                        "14:09",
                        "15:19",
                        "16:19",
                        "17:09",
                        "17:59",
                        "19:09",
                        "19:49",
                        "21:11",
                        "21:45"
                    ],
                    "чт": [
                        "06:43",
                        "07:34",
                        "08:13",
                        "09:08",
                        "10:08",
                        "11:18",
                        "12:38",
                        "13:21",
                        "14:09",
                        "15:19",
                        "16:19",
                        "17:09",
                        "17:59",
                        "19:09",
                        "19:49",
                        "21:11",
                        "21:45"
                    ],
                    "пт": [
                        "06:43",
                        "07:34",
                        "08:13",
                        "09:08",
                        "10:08",
                        "11:18",
                        "12:38",
                        "13:21",
                        "14:09",
                        "15:19",
                        "16:19",
                        "17:09",
                        "17:59",
                        "19:09",
                        "19:49",
                        "21:11",
                        "21:45"
                    ],
                    "сб": [
                        "06:43",
                        "08:13",
                        "10:08",
                        "12:38",
                        "14:08",
                        "15:18",
                        "16:18",
                        "17:08",
                        "19:08",
                        "20:33",
                        "21:10",
                        "21:44"
                    ],
                    "вс": [
                        "06:43",
                        "08:13",
                        "10:08",
                        "12:38",
                        "14:08",
                        "15:18",
                        "16:18",
                        "17:08",
                        "19:08",
                        "20:33",
                        "21:10",
                        "21:44"
                    ]
                }
            },
            "Дом культуры": {
                "id": "5384",
                "schedule": {
                    "пн": [
                        "06:45",
                        "07:36",
                        "08:15",
                        "09:10",
                        "10:10",
                        "11:20",
                        "12:40",
                        "13:23",
                        "14:11",
                        "15:21",
                        "16:21",
                        "17:11",
                        "18:01",
                        "19:11",
                        "19:51",
                        "21:13",
                        "21:47"
                    ],
                    "вт": [
                        "06:45",
                        "07:36",
                        "08:15",
                        "09:10",
                        "10:10",
                        "11:20",
                        "12:40",
                        "13:23",
                        "14:11",
                        "15:21",
                        "16:21",
                        "17:11",
                        "18:01",
                        "19:11",
                        "19:51",
                        "21:13",
                        "21:47"
                    ],
                    "ср": [
                        "06:45",
                        "07:36",
                        "08:15",
                        "09:10",
                        "10:10",
                        "11:20",
                        "12:40",
                        "13:23",
                        "14:11",
                        "15:21",
                        "16:21",
                        "17:11",
                        "18:01",
                        "19:11",
                        "19:51",
                        "21:13",
                        "21:47"
                    ],
                    "чт": [
                        "06:45",
                        "07:36",
                        "08:15",
                        "09:10",
                        "10:10",
                        "11:20",
                        "12:40",
                        "13:23",
                        "14:11",
                        "15:21",
                        "16:21",
                        "17:11",
                        "18:01",
                        "19:11",
                        "19:51",
                        "21:13",
                        "21:47"
                    ],
                    "пт": [
                        "06:45",
                        "07:36",
                        "08:15",
                        "09:10",
                        "10:10",
                        "11:20",
                        "12:40",
                        "13:23",
                        "14:11",
                        "15:21",
                        "16:21",
                        "17:11",
                        "18:01",
                        "19:11",
                        "19:51",
                        "21:13",
                        "21:47"
                    ],
                    "сб": [
                        "06:45",
                        "08:15",
                        "10:10",
                        "12:40",
                        "14:10",
                        "15:20",
                        "16:20",
                        "17:10",
                        "19:10",
                        "20:35",
                        "21:12",
                        "21:46"
                    ],
                    "вс": [
                        "06:45",
                        "08:15",
                        "10:10",
                        "12:40",
                        "14:10",
                        "15:20",
                        "16:20",
                        "17:10",
                        "19:10",
                        "20:35",
                        "21:12",
                        "21:46"
                    ]
                }
            },
            "Копыльская": {
                "id": "5513",
                "schedule": {
                    "пн": [
                        "06:47",
                        "07:38",
                        "08:17",
                        "09:12",
                        "10:12",
                        "11:22",
                        "12:42",
                        "13:25",
                        "14:13",
                        "15:23",
                        "16:23",
                        "17:13",
                        "18:03",
                        "19:13",
                        "19:53",
                        "21:15",
                        "21:49"
                    ],
                    "вт": [
                        "06:47",
                        "07:38",
                        "08:17",
                        "09:12",
                        "10:12",
                        "11:22",
                        "12:42",
                        "13:25",
                        "14:13",
                        "15:23",
                        "16:23",
                        "17:13",
                        "18:03",
                        "19:13",
                        "19:53",
                        "21:15",
                        "21:49"
                    ],
                    "ср": [
                        "06:47",
                        "07:38",
                        "08:17",
                        "09:12",
                        "10:12",
                        "11:22",
                        "12:42",
                        "13:25",
                        "14:13",
                        "15:23",
                        "16:23",
                        "17:13",
                        "18:03",
                        "19:13",
                        "19:53",
                        "21:15",
                        "21:49"
                    ],
                    "чт": [
                        "06:47",
                        "07:38",
                        "08:17",
                        "09:12",
                        "10:12",
                        "11:22",
                        "12:42",
                        "13:25",
                        "14:13",
                        "15:23",
                        "16:23",
                        "17:13",
                        "18:03",
                        "19:13",
                        "19:53",
                        "21:15",
                        "21:49"
                    ],
                    "пт": [
                        "06:47",
                        "07:38",
                        "08:17",
                        "09:12",
                        "10:12",
                        "11:22",
                        "12:42",
                        "13:25",
                        "14:13",
                        "15:23",
                        "16:23",
                        "17:13",
                        "18:03",
                        "19:13",
                        "19:53",
                        "21:15",
                        "21:49"
                    ],
                    "сб": [
                        "06:47",
                        "08:17",
                        "10:12",
                        "12:42",
                        "14:12",
                        "15:22",
                        "16:22",
                        "17:12",
                        "19:12",
                        "20:37",
                        "21:14",
                        "21:48"
                    ],
                    "вс": [
                        "06:47",
                        "08:17",
                        "10:12",
                        "12:42",
                        "14:12",
                        "15:22",
                        "16:22",
                        "17:12",
                        "19:12",
                        "20:37",
                        "21:14",
                        "21:48"
                    ]
                }
            },
            "Рынок": {
                "id": "5596",
                "schedule": {
                    "пн": [
                        "06:49",
                        "07:40",
                        "08:19",
                        "09:14",
                        "10:14",
                        "11:24",
                        "12:44",
                        "13:27",
                        "14:15",
                        "15:25",
                        "16:25",
                        "17:15",
                        "18:05",
                        "19:15",
                        "19:55",
                        "21:17",
                        "21:51"
                    ],
                    "вт": [
                        "06:49",
                        "07:40",
                        "08:19",
                        "09:14",
                        "10:14",
                        "11:24",
                        "12:44",
                        "13:27",
                        "14:15",
                        "15:25",
                        "16:25",
                        "17:15",
                        "18:05",
                        "19:15",
                        "19:55",
                        "21:17",
                        "21:51"
                    ],
                    "ср": [
                        "06:49",
                        "07:40",
                        "08:19",
                        "09:14",
                        "10:14",
                        "11:24",
                        "12:44",
                        "13:27",
                        "14:15",
                        "15:25",
                        "16:25",
                        "17:15",
                        "18:05",
                        "19:15",
                        "19:55",
                        "21:17",
                        "21:51"
                    ],
                    "чт": [
                        "06:49",
                        "07:40",
                        "08:19",
                        "09:14",
                        "10:14",
                        "11:24",
                        "12:44",
                        "13:27",
                        "14:15",
                        "15:25",
                        "16:25",
                        "17:15",
                        "18:05",
                        "19:15",
                        "19:55",
                        "21:17",
                        "21:51"
                    ],
                    "пт": [
                        "06:49",
                        "07:40",
                        "08:19",
                        "09:14",
                        "10:14",
                        "11:24",
                        "12:44",
                        "13:27",
                        "14:15",
                        "15:25",
                        "16:25",
                        "17:15",
                        "18:05",
                        "19:15",
                        "19:55",
                        "21:17",
                        "21:51"
                    ],
                    "сб": [
                        "06:49",
                        "08:19",
                        "10:14",
                        "12:44",
                        "14:14",
                        "15:24",
                        "16:24",
                        "17:14",
                        "19:14",
                        "20:39",
                        "21:16",
                        "21:50"
                    ],
                    "вс": [
                        "06:49",
                        "08:19",
                        "10:14",
                        "12:44",
                        "14:14",
                        "15:24",
                        "16:24",
                        "17:14",
                        "19:14",
                        "20:39",
                        "21:16",
                        "21:50"
                    ]
                }
            },
            "Магазин стройматериалов": {
                "id": "5405",
                "schedule": {
                    "пн": [
                        "06:51",
                        "07:42",
                        "08:21",
                        "09:16",
                        "10:16",
                        "11:26",
                        "12:46",
                        "13:29",
                        "14:17",
                        "15:27",
                        "16:27",
                        "17:17",
                        "18:07",
                        "19:17",
                        "19:57",
                        "21:19",
                        "21:53"
                    ],
                    "вт": [
                        "06:51",
                        "07:42",
                        "08:21",
                        "09:16",
                        "10:16",
                        "11:26",
                        "12:46",
                        "13:29",
                        "14:17",
                        "15:27",
                        "16:27",
                        "17:17",
                        "18:07",
                        "19:17",
                        "19:57",
                        "21:19",
                        "21:53"
                    ],
                    "ср": [
                        "06:51",
                        "07:42",
                        "08:21",
                        "09:16",
                        "10:16",
                        "11:26",
                        "12:46",
                        "13:29",
                        "14:17",
                        "15:27",
                        "16:27",
                        "17:17",
                        "18:07",
                        "19:17",
                        "19:57",
                        "21:19",
                        "21:53"
                    ],
                    "чт": [
                        "06:51",
                        "07:42",
                        "08:21",
                        "09:16",
                        "10:16",
                        "11:26",
                        "12:46",
                        "13:29",
                        "14:17",
                        "15:27",
                        "16:27",
                        "17:17",
                        "18:07",
                        "19:17",
                        "19:57",
                        "21:19",
                        "21:53"
                    ],
                    "пт": [
                        "06:51",
                        "07:42",
                        "08:21",
                        "09:16",
                        "10:16",
                        "11:26",
                        "12:46",
                        "13:29",
                        "14:17",
                        "15:27",
                        "16:27",
                        "17:17",
                        "18:07",
                        "19:17",
                        "19:57",
                        "21:19",
                        "21:53"
                    ],
                    "сб": [
                        "06:51",
                        "08:21",
                        "10:16",
                        "12:46",
                        "14:16",
                        "15:26",
                        "16:26",
                        "17:16",
                        "19:16",
                        "20:41",
                        "21:18",
                        "21:52"
                    ],
                    "вс": [
                        "06:51",
                        "08:21",
                        "10:16",
                        "12:46",
                        "14:16",
                        "15:26",
                        "16:26",
                        "17:16",
                        "19:16",
                        "20:41",
                        "21:18",
                        "21:52"
                    ]
                }
            },
            "Автовокзал *": {
                "id": "64730",
                "schedule": {
                    "пн": [
                        "06:52",
                        "07:43",
                        "08:22",
                        "09:17",
                        "10:17",
                        "11:27",
                        "12:47",
                        "13:30",
                        "14:18",
                        "15:28",
                        "16:28",
                        "17:18",
                        "18:08",
                        "19:18",
                        "19:58",
                        "21:20",
                        "21:54"
                    ],
                    "вт": [
                        "06:52",
                        "07:43",
                        "08:22",
                        "09:17",
                        "10:17",
                        "11:27",
                        "12:47",
                        "13:30",
                        "14:18",
                        "15:28",
                        "16:28",
                        "17:18",
                        "18:08",
                        "19:18",
                        "19:58",
                        "21:20",
                        "21:54"
                    ],
                    "ср": [
                        "06:52",
                        "07:43",
                        "08:22",
                        "09:17",
                        "10:17",
                        "11:27",
                        "12:47",
                        "13:30",
                        "14:18",
                        "15:28",
                        "16:28",
                        "17:18",
                        "18:08",
                        "19:18",
                        "19:58",
                        "21:20",
                        "21:54"
                    ],
                    "чт": [
                        "06:52",
                        "07:43",
                        "08:22",
                        "09:17",
                        "10:17",
                        "11:27",
                        "12:47",
                        "13:30",
                        "14:18",
                        "15:28",
                        "16:28",
                        "17:18",
                        "18:08",
                        "19:18",
                        "19:58",
                        "21:20",
                        "21:54"
                    ],
                    "пт": [
                        "06:52",
                        "07:43",
                        "08:22",
                        "09:17",
                        "10:17",
                        "11:27",
                        "12:47",
                        "13:30",
                        "14:18",
                        "15:28",
                        "16:28",
                        "17:18",
                        "18:08",
                        "19:18",
                        "19:58",
                        "21:20",
                        "21:54"
                    ],
                    "сб": [
                        "06:52",
                        "08:22",
                        "10:17",
                        "12:47",
                        "14:17",
                        "15:27",
                        "16:27",
                        "17:17",
                        "19:17",
                        "20:42",
                        "21:19",
                        "21:53"
                    ],
                    "вс": [
                        "06:52",
                        "08:22",
                        "10:17",
                        "12:47",
                        "14:17",
                        "15:27",
                        "16:27",
                        "17:17",
                        "19:17",
                        "20:42",
                        "21:19",
                        "21:53"
                    ]
                }
            }
        }
    }
}