{
    "16а": {
        "Автобус №16а‍": {
            "Автовокзал *": {
                "id": "64730",
                "schedule": {
                    "пн": [],
                    "вт": [],
                    "ср": [],
                    "чт": [],
                    "пт": [],
                    "сб": [
                        "19:20"
                    ],
                    "вс": [
                        "19:20"
                    ]
                }
            },
            "Автовокзал": {
                "id": "5601",
                "schedule": {
                    "пн": [],
                    "вт": [],
                    "ср": [],
                    "чт": [],
                    "пт": [],
                    "сб": [
                        "19:20"
                    ],
                    "вс": [
                        "19:20"
                    ]
                }
            },
            "Магазин стройматериалов": {
                "id": "5441",
                "schedule": {
                    "пн": [],
                    "вт": [],
                    "ср": [],
                    "чт": [],
                    "пт": [],
                    "сб": [
                        "19:22"
                    ],
                    "вс": [
                        "19:22"
                    ]
                }
            },
            "Рынок": {
                "id": "5584",
                "schedule": {
                    "пн": [],
                    "вт": [],
                    "ср": [],
                    "чт": [],
                    "пт": [],
                    "сб": [
                        "19:24"
                    ],
                    "вс": [
                        "19:24"
                    ]
                }
            },
            "Аптека № 80": {
                "id": "5553",
                "schedule": {
                    "пн": [],
                    "вт": [],
                    "ср": [],
                    "чт": [],
                    "пт": [],
                    "сб": [
                        "19:26"
                    ],
                    "вс": [
                        "19:26"
                    ]
                }
            },
            "Слуцкие Пояса": {
                "id": "13779",
                "schedule": {
                    "пн": [],
                    "вт": [],
                    "ср": [],
                    "чт": [],
                    "пт": [],
                    "сб": [
                        "19:29"
                    ],
                    "вс": [
                        "19:29"
                    ]
                }
            },
            "Проектный институт": {
                "id": "13733",
                "schedule": {
                    "пн": [],
                    "вт": [],
                    "ср": [],
                    "чт": [],
                    "пт": [],
                    "сб": [
                        "19:30"
                    ],
                    "вс": [
                        "19:30"
                    ]
                }
            },
            "Поликлиника": {
                "id": "22872",
                "schedule": {
                    "пн": [],
                    "вт": [],
                    "ср": [],
                    "чт": [],
                    "пт": [],
                    "сб": [
                        "19:32"
                    ],
                    "вс": [
                        "19:32"
                    ]
                }
            }
        },
        "Отправления с остановки": {}
    }
}