{
    "16б": {
        "Автобус №16б‍": {
            "Поликлиника": {
                "id": "22872",
                "schedule": {
                    "пн": [],
                    "вт": [],
                    "ср": [],
                    "чт": [],
                    "пт": [],
                    "сб": [
                        "07:46",
                        "09:41",
                        "12:05",
                        "13:40",
                        "18:40",
                        "20:07"
                    ],
                    "вс": [
                        "07:46",
                        "09:41",
                        "12:05",
                        "13:40",
                        "18:40",
                        "20:07"
                    ]
                }
            },
            "Гастелло": {
                "id": "22936",
                "schedule": {
                    "пн": [],
                    "вт": [],
                    "ср": [],
                    "чт": [],
                    "пт": [],
                    "сб": [
                        "07:47",
                        "09:42",
                        "12:06",
                        "13:41",
                        "18:41",
                        "20:08"
                    ],
                    "вс": [
                        "07:47",
                        "09:42",
                        "12:06",
                        "13:41",
                        "18:41",
                        "20:08"
                    ]
                }
            },
            "Проектный институт": {
                "id": "13616",
                "schedule": {
                    "пн": [],
                    "вт": [],
                    "ср": [],
                    "чт": [],
                    "пт": [],
                    "сб": [
                        "07:49",
                        "09:44",
                        "12:08",
                        "13:43",
                        "18:43",
                        "20:10"
                    ],
                    "вс": [
                        "07:49",
                        "09:44",
                        "12:08",
                        "13:43",
                        "18:43",
                        "20:10"
                    ]
                }
            },
            "Типография": {
                "id": "13738",
                "schedule": {
                    "пн": [],
                    "вт": [],
                    "ср": [],
                    "чт": [],
                    "пт": [],
                    "сб": [
                        "07:50",
                        "09:45",
                        "12:09",
                        "13:44",
                        "18:44",
                        "20:11"
                    ],
                    "вс": [
                        "07:50",
                        "09:45",
                        "12:09",
                        "13:44",
                        "18:44",
                        "20:11"
                    ]
                }
            },
            "Дом культуры": {
                "id": "5451",
                "schedule": {
                    "пн": [],
                    "вт": [],
                    "ср": [],
                    "чт": [],
                    "пт": [],
                    "сб": [
                        "07:53",
                        "09:48",
                        "12:12",
                        "13:47",
                        "18:47",
                        "20:14"
                    ],
                    "вс": [
                        "07:53",
                        "09:48",
                        "12:12",
                        "13:47",
                        "18:47",
                        "20:14"
                    ]
                }
            },
            "1 Августа": {
                "id": "5413",
                "schedule": {
                    "пн": [],
                    "вт": [],
                    "ср": [],
                    "чт": [],
                    "пт": [],
                    "сб": [
                        "07:56",
                        "09:51",
                        "12:15",
                        "13:50",
                        "18:50",
                        "20:17"
                    ],
                    "вс": [
                        "07:56",
                        "09:51",
                        "12:15",
                        "13:50",
                        "18:50",
                        "20:17"
                    ]
                }
            },
            "Зелёная": {
                "id": "5533",
                "schedule": {
                    "пн": [],
                    "вт": [],
                    "ср": [],
                    "чт": [],
                    "пт": [],
                    "сб": [
                        "07:58",
                        "09:53",
                        "12:17",
                        "13:52",
                        "18:52",
                        "20:19"
                    ],
                    "вс": [
                        "07:58",
                        "09:53",
                        "12:17",
                        "13:52",
                        "18:52",
                        "20:19"
                    ]
                }
            },
            "Микрорайон Северный": {
                "id": "5587",
                "schedule": {
                    "пн": [],
                    "вт": [],
                    "ср": [],
                    "чт": [],
                    "пт": [],
                    "сб": [
                        "08:00",
                        "09:55",
                        "12:19",
                        "13:54",
                        "18:54",
                        "20:21"
                    ],
                    "вс": [
                        "08:00",
                        "09:55",
                        "12:19",
                        "13:54",
                        "18:54",
                        "20:21"
                    ]
                }
            },
            "Чехова": {
                "id": "36791",
                "schedule": {
                    "пн": [],
                    "вт": [],
                    "ср": [],
                    "чт": [],
                    "пт": [],
                    "сб": [
                        "08:02",
                        "09:57",
                        "12:21",
                        "13:56",
                        "18:56",
                        "20:23"
                    ],
                    "вс": [
                        "08:02",
                        "09:57",
                        "12:21",
                        "13:56",
                        "18:56",
                        "20:23"
                    ]
                }
            }
        },
        "Отправления с остановки": {
            "Чехова": {
                "id": "36856",
                "schedule": {
                    "пн": [],
                    "вт": [],
                    "ср": [],
                    "чт": [],
                    "пт": [],
                    "сб": [
                        "07:26",
                        "09:00",
                        "11:10",
                        "13:10",
                        "17:50"
                    ],
                    "вс": [
                        "07:26",
                        "09:00",
                        "11:10",
                        "13:10",
                        "17:50"
                    ]
                }
            },
            "Микрорайон Северный": {
                "id": "5541",
                "schedule": {
                    "пн": [],
                    "вт": [],
                    "ср": [],
                    "чт": [],
                    "пт": [],
                    "сб": [
                        "07:28",
                        "09:02",
                        "11:12",
                        "13:12",
                        "17:52"
                    ],
                    "вс": [
                        "07:28",
                        "09:02",
                        "11:12",
                        "13:12",
                        "17:52"
                    ]
                }
            },
            "Борисовца": {
                "id": "5398",
                "schedule": {
                    "пн": [],
                    "вт": [],
                    "ср": [],
                    "чт": [],
                    "пт": [],
                    "сб": [
                        "07:30",
                        "09:04",
                        "11:14",
                        "13:14",
                        "17:54"
                    ],
                    "вс": [
                        "07:30",
                        "09:04",
                        "11:14",
                        "13:14",
                        "17:54"
                    ]
                }
            },
            "Зелёная": {
                "id": "5586",
                "schedule": {
                    "пн": [],
                    "вт": [],
                    "ср": [],
                    "чт": [],
                    "пт": [],
                    "сб": [
                        "07:31",
                        "09:05",
                        "11:15",
                        "13:15",
                        "17:55"
                    ],
                    "вс": [
                        "07:31",
                        "09:05",
                        "11:15",
                        "13:15",
                        "17:55"
                    ]
                }
            },
            "1 Августа": {
                "id": "5532",
                "schedule": {
                    "пн": [],
                    "вт": [],
                    "ср": [],
                    "чт": [],
                    "пт": [],
                    "сб": [
                        "07:32",
                        "09:06",
                        "11:16",
                        "13:16",
                        "17:56"
                    ],
                    "вс": [
                        "07:32",
                        "09:06",
                        "11:16",
                        "13:16",
                        "17:56"
                    ]
                }
            },
            "Молодёжный центр": {
                "id": "5503",
                "schedule": {
                    "пн": [],
                    "вт": [],
                    "ср": [],
                    "чт": [],
                    "пт": [],
                    "сб": [
                        "07:34",
                        "09:08",
                        "11:18",
                        "13:18",
                        "17:58"
                    ],
                    "вс": [
                        "07:34",
                        "09:08",
                        "11:18",
                        "13:18",
                        "17:58"
                    ]
                }
            },
            "Дом культуры": {
                "id": "5384",
                "schedule": {
                    "пн": [],
                    "вт": [],
                    "ср": [],
                    "чт": [],
                    "пт": [],
                    "сб": [
                        "07:36",
                        "09:10",
                        "11:20",
                        "13:20",
                        "18:00"
                    ],
                    "вс": [
                        "07:36",
                        "09:10",
                        "11:20",
                        "13:20",
                        "18:00"
                    ]
                }
            },
            "Слуцкие Пояса": {
                "id": "13779",
                "schedule": {
                    "пн": [],
                    "вт": [],
                    "ср": [],
                    "чт": [],
                    "пт": [],
                    "сб": [
                        "07:40",
                        "09:14",
                        "11:24",
                        "13:24",
                        "18:04"
                    ],
                    "вс": [
                        "07:40",
                        "09:14",
                        "11:24",
                        "13:24",
                        "18:04"
                    ]
                }
            },
            "Проектный институт": {
                "id": "13733",
                "schedule": {
                    "пн": [],
                    "вт": [],
                    "ср": [],
                    "чт": [],
                    "пт": [],
                    "сб": [
                        "07:41",
                        "09:15",
                        "11:25",
                        "13:25",
                        "18:05"
                    ],
                    "вс": [
                        "07:41",
                        "09:15",
                        "11:25",
                        "13:25",
                        "18:05"
                    ]
                }
            },
            "Поликлиника": {
                "id": "22872",
                "schedule": {
                    "пн": [],
                    "вт": [],
                    "ср": [],
                    "чт": [],
                    "пт": [],
                    "сб": [
                        "07:43",
                        "09:17",
                        "11:27",
                        "13:27",
                        "18:07"
                    ],
                    "вс": [
                        "07:43",
                        "09:17",
                        "11:27",
                        "13:27",
                        "18:07"
                    ]
                }
            }
        }
    }
}