{
    "17": {
        "Автобус №17‍": {},
        "Отправления с остановки": {
            "Чехова": {
                "id": "36856",
                "schedule": {
                    "пн": [
                        "07:35"
                    ],
                    "вт": [
                        "07:35"
                    ],
                    "ср": [
                        "07:35"
                    ],
                    "чт": [
                        "07:35"
                    ],
                    "пт": [
                        "07:35"
                    ],
                    "сб": [],
                    "вс": []
                }
            },
            "Микрорайон Северный": {
                "id": "5541",
                "schedule": {
                    "пн": [
                        "07:37"
                    ],
                    "вт": [
                        "07:37"
                    ],
                    "ср": [
                        "07:37"
                    ],
                    "чт": [
                        "07:37"
                    ],
                    "пт": [
                        "07:37"
                    ],
                    "сб": [],
                    "вс": []
                }
            },
            "Борисовца": {
                "id": "5398",
                "schedule": {
                    "пн": [
                        "07:39"
                    ],
                    "вт": [
                        "07:39"
                    ],
                    "ср": [
                        "07:39"
                    ],
                    "чт": [
                        "07:39"
                    ],
                    "пт": [
                        "07:39"
                    ],
                    "сб": [],
                    "вс": []
                }
            },
            "Зелёная": {
                "id": "5586",
                "schedule": {
                    "пн": [
                        "07:40"
                    ],
                    "вт": [
                        "07:40"
                    ],
                    "ср": [
                        "07:40"
                    ],
                    "чт": [
                        "07:40"
                    ],
                    "пт": [
                        "07:40"
                    ],
                    "сб": [],
                    "вс": []
                }
            },
            "1 Августа": {
                "id": "5532",
                "schedule": {
                    "пн": [
                        "07:41"
                    ],
                    "вт": [
                        "07:41"
                    ],
                    "ср": [
                        "07:41"
                    ],
                    "чт": [
                        "07:41"
                    ],
                    "пт": [
                        "07:41"
                    ],
                    "сб": [],
                    "вс": []
                }
            },
            "Молодёжный центр": {
                "id": "5503",
                "schedule": {
                    "пн": [
                        "07:43"
                    ],
                    "вт": [
                        "07:43"
                    ],
                    "ср": [
                        "07:43"
                    ],
                    "чт": [
                        "07:43"
                    ],
                    "пт": [
                        "07:43"
                    ],
                    "сб": [],
                    "вс": []
                }
            },
            "Дом культуры": {
                "id": "5384",
                "schedule": {
                    "пн": [
                        "07:45"
                    ],
                    "вт": [
                        "07:45"
                    ],
                    "ср": [
                        "07:45"
                    ],
                    "чт": [
                        "07:45"
                    ],
                    "пт": [
                        "07:45"
                    ],
                    "сб": [],
                    "вс": []
                }
            },
            "Копыльская": {
                "id": "5513",
                "schedule": {
                    "пн": [
                        "07:47"
                    ],
                    "вт": [
                        "07:47"
                    ],
                    "ср": [
                        "07:47"
                    ],
                    "чт": [
                        "07:47"
                    ],
                    "пт": [
                        "07:47"
                    ],
                    "сб": [],
                    "вс": []
                }
            },
            "Рынок": {
                "id": "5596",
                "schedule": {
                    "пн": [
                        "07:49"
                    ],
                    "вт": [
                        "07:49"
                    ],
                    "ср": [
                        "07:49"
                    ],
                    "чт": [
                        "07:49"
                    ],
                    "пт": [
                        "07:49"
                    ],
                    "сб": [],
                    "вс": []
                }
            },
            "Медицинский колледж": {
                "id": "5626",
                "schedule": {
                    "пн": [
                        "07:52"
                    ],
                    "вт": [
                        "07:52"
                    ],
                    "ср": [
                        "07:52"
                    ],
                    "чт": [
                        "07:52"
                    ],
                    "пт": [
                        "07:52"
                    ],
                    "сб": [],
                    "вс": []
                }
            },
            "Школа № 2": {
                "id": "5562",
                "schedule": {
                    "пн": [
                        "07:54"
                    ],
                    "вт": [
                        "07:54"
                    ],
                    "ср": [
                        "07:54"
                    ],
                    "чт": [
                        "07:54"
                    ],
                    "пт": [
                        "07:54"
                    ],
                    "сб": [],
                    "вс": []
                }
            },
            "Городок": {
                "id": "34466",
                "schedule": {
                    "пн": [
                        "07:55"
                    ],
                    "вт": [
                        "07:55"
                    ],
                    "ср": [
                        "07:55"
                    ],
                    "чт": [
                        "07:55"
                    ],
                    "пт": [
                        "07:55"
                    ],
                    "сб": [],
                    "вс": []
                }
            },
            "Майский посад": {
                "id": "34478",
                "schedule": {
                    "пн": [
                        "07:56"
                    ],
                    "вт": [
                        "07:56"
                    ],
                    "ср": [
                        "07:56"
                    ],
                    "чт": [
                        "07:56"
                    ],
                    "пт": [
                        "07:56"
                    ],
                    "сб": [],
                    "вс": []
                }
            },
            "Сыродельный комбинат": {
                "id": "34503",
                "schedule": {
                    "пн": [
                        "07:58"
                    ],
                    "вт": [
                        "07:58"
                    ],
                    "ср": [
                        "07:58"
                    ],
                    "чт": [
                        "07:58"
                    ],
                    "пт": [
                        "07:58"
                    ],
                    "сб": [],
                    "вс": []
                }
            },
            "Сахарный комбинат": {
                "id": "34402",
                "schedule": {
                    "пн": [
                        "07:59"
                    ],
                    "вт": [
                        "07:59"
                    ],
                    "ср": [
                        "07:59"
                    ],
                    "чт": [
                        "07:59"
                    ],
                    "пт": [
                        "07:59"
                    ],
                    "сб": [],
                    "вс": []
                }
            },
            "Тутаринова": {
                "id": "34362",
                "schedule": {
                    "пн": [
                        "08:01"
                    ],
                    "вт": [
                        "08:01"
                    ],
                    "ср": [
                        "08:01"
                    ],
                    "чт": [
                        "08:01"
                    ],
                    "пт": [
                        "08:01"
                    ],
                    "сб": [],
                    "вс": []
                }
            },
            "Мясокомбинат": {
                "id": "34544",
                "schedule": {
                    "пн": [
                        "08:02"
                    ],
                    "вт": [
                        "08:02"
                    ],
                    "ср": [
                        "08:02"
                    ],
                    "чт": [
                        "08:02"
                    ],
                    "пт": [
                        "08:02"
                    ],
                    "сб": [],
                    "вс": []
                }
            }
        }
    }
}