{
    "17а": {
        "Автобус №17а‍": {
            "Автовокзал *": {
                "id": "64730",
                "schedule": {
                    "пн": [
                        "06:38",
                        "07:16"
                    ],
                    "вт": [
                        "06:38",
                        "07:16"
                    ],
                    "ср": [
                        "06:38",
                        "07:16"
                    ],
                    "чт": [
                        "06:38",
                        "07:16"
                    ],
                    "пт": [
                        "06:38",
                        "07:16"
                    ],
                    "сб": [],
                    "вс": []
                }
            },
            "Автовокзал": {
                "id": "5601",
                "schedule": {
                    "пн": [
                        "06:38",
                        "07:16"
                    ],
                    "вт": [
                        "06:38",
                        "07:16"
                    ],
                    "ср": [
                        "06:38",
                        "07:16"
                    ],
                    "чт": [
                        "06:38",
                        "07:16"
                    ],
                    "пт": [
                        "06:38",
                        "07:16"
                    ],
                    "сб": [],
                    "вс": []
                }
            },
            "Магазин стройматериалов": {
                "id": "5441",
                "schedule": {
                    "пн": [
                        "06:40",
                        "07:18"
                    ],
                    "вт": [
                        "06:40",
                        "07:18"
                    ],
                    "ср": [
                        "06:40",
                        "07:18"
                    ],
                    "чт": [
                        "06:40",
                        "07:18"
                    ],
                    "пт": [
                        "06:40",
                        "07:18"
                    ],
                    "сб": [],
                    "вс": []
                }
            },
            "Рынок": {
                "id": "5584",
                "schedule": {
                    "пн": [
                        "06:42",
                        "07:20"
                    ],
                    "вт": [
                        "06:42",
                        "07:20"
                    ],
                    "ср": [
                        "06:42",
                        "07:20"
                    ],
                    "чт": [
                        "06:42",
                        "07:20"
                    ],
                    "пт": [
                        "06:42",
                        "07:20"
                    ],
                    "сб": [],
                    "вс": []
                }
            },
            "Аптека № 80": {
                "id": "5553",
                "schedule": {
                    "пн": [
                        "06:44",
                        "07:22"
                    ],
                    "вт": [
                        "06:44",
                        "07:22"
                    ],
                    "ср": [
                        "06:44",
                        "07:22"
                    ],
                    "чт": [
                        "06:44",
                        "07:22"
                    ],
                    "пт": [
                        "06:44",
                        "07:22"
                    ],
                    "сб": [],
                    "вс": []
                }
            },
            "Дом культуры": {
                "id": "5451",
                "schedule": {
                    "пн": [
                        "06:46",
                        "07:24"
                    ],
                    "вт": [
                        "06:46",
                        "07:24"
                    ],
                    "ср": [
                        "06:46",
                        "07:24"
                    ],
                    "чт": [
                        "06:46",
                        "07:24"
                    ],
                    "пт": [
                        "06:46",
                        "07:24"
                    ],
                    "сб": [],
                    "вс": []
                }
            },
            "1 Августа": {
                "id": "5413",
                "schedule": {
                    "пн": [
                        "06:49",
                        "07:27"
                    ],
                    "вт": [
                        "06:49",
                        "07:27"
                    ],
                    "ср": [
                        "06:49",
                        "07:27"
                    ],
                    "чт": [
                        "06:49",
                        "07:27"
                    ],
                    "пт": [
                        "06:49",
                        "07:27"
                    ],
                    "сб": [],
                    "вс": []
                }
            },
            "Зелёная": {
                "id": "5533",
                "schedule": {
                    "пн": [
                        "06:51",
                        "07:29"
                    ],
                    "вт": [
                        "06:51",
                        "07:29"
                    ],
                    "ср": [
                        "06:51",
                        "07:29"
                    ],
                    "чт": [
                        "06:51",
                        "07:29"
                    ],
                    "пт": [
                        "06:51",
                        "07:29"
                    ],
                    "сб": [],
                    "вс": []
                }
            },
            "Микрорайон Северный": {
                "id": "5587",
                "schedule": {
                    "пн": [
                        "06:53",
                        "07:31"
                    ],
                    "вт": [
                        "06:53",
                        "07:31"
                    ],
                    "ср": [
                        "06:53",
                        "07:31"
                    ],
                    "чт": [
                        "06:53",
                        "07:31"
                    ],
                    "пт": [
                        "06:53",
                        "07:31"
                    ],
                    "сб": [],
                    "вс": []
                }
            },
            "Чехова": {
                "id": "36791",
                "schedule": {
                    "пн": [
                        "06:55",
                        "07:33"
                    ],
                    "вт": [
                        "06:55",
                        "07:33"
                    ],
                    "ср": [
                        "06:55",
                        "07:33"
                    ],
                    "чт": [
                        "06:55",
                        "07:33"
                    ],
                    "пт": [
                        "06:55",
                        "07:33"
                    ],
                    "сб": [],
                    "вс": []
                }
            }
        },
        "Отправления с остановки": {
            "Чехова": {
                "id": "36856",
                "schedule": {
                    "пн": [
                        "06:57"
                    ],
                    "вт": [
                        "06:57"
                    ],
                    "ср": [
                        "06:57"
                    ],
                    "чт": [
                        "06:57"
                    ],
                    "пт": [
                        "06:57"
                    ],
                    "сб": [],
                    "вс": []
                }
            },
            "Микрорайон Северный": {
                "id": "5541",
                "schedule": {
                    "пн": [
                        "06:59"
                    ],
                    "вт": [
                        "06:59"
                    ],
                    "ср": [
                        "06:59"
                    ],
                    "чт": [
                        "06:59"
                    ],
                    "пт": [
                        "06:59"
                    ],
                    "сб": [],
                    "вс": []
                }
            },
            "Борисовца": {
                "id": "5398",
                "schedule": {
                    "пн": [
                        "07:01"
                    ],
                    "вт": [
                        "07:01"
                    ],
                    "ср": [
                        "07:01"
                    ],
                    "чт": [
                        "07:01"
                    ],
                    "пт": [
                        "07:01"
                    ],
                    "сб": [],
                    "вс": []
                }
            },
            "Зелёная": {
                "id": "5586",
                "schedule": {
                    "пн": [
                        "07:02"
                    ],
                    "вт": [
                        "07:02"
                    ],
                    "ср": [
                        "07:02"
                    ],
                    "чт": [
                        "07:02"
                    ],
                    "пт": [
                        "07:02"
                    ],
                    "сб": [],
                    "вс": []
                }
            },
            "1 Августа": {
                "id": "5532",
                "schedule": {
                    "пн": [
                        "07:03"
                    ],
                    "вт": [
                        "07:03"
                    ],
                    "ср": [
                        "07:03"
                    ],
                    "чт": [
                        "07:03"
                    ],
                    "пт": [
                        "07:03"
                    ],
                    "сб": [],
                    "вс": []
                }
            },
            "Молодёжный центр": {
                "id": "5503",
                "schedule": {
                    "пн": [
                        "07:05"
                    ],
                    "вт": [
                        "07:05"
                    ],
                    "ср": [
                        "07:05"
                    ],
                    "чт": [
                        "07:05"
                    ],
                    "пт": [
                        "07:05"
                    ],
                    "сб": [],
                    "вс": []
                }
            },
            "Дом культуры": {
                "id": "5384",
                "schedule": {
                    "пн": [
                        "07:07"
                    ],
                    "вт": [
                        "07:07"
                    ],
                    "ср": [
                        "07:07"
                    ],
                    "чт": [
                        "07:07"
                    ],
                    "пт": [
                        "07:07"
                    ],
                    "сб": [],
                    "вс": []
                }
            },
            "Копыльская": {
                "id": "5513",
                "schedule": {
                    "пн": [
                        "07:09"
                    ],
                    "вт": [
                        "07:09"
                    ],
                    "ср": [
                        "07:09"
                    ],
                    "чт": [
                        "07:09"
                    ],
                    "пт": [
                        "07:09"
                    ],
                    "сб": [],
                    "вс": []
                }
            },
            "Рынок": {
                "id": "5596",
                "schedule": {
                    "пн": [
                        "07:11"
                    ],
                    "вт": [
                        "07:11"
                    ],
                    "ср": [
                        "07:11"
                    ],
                    "чт": [
                        "07:11"
                    ],
                    "пт": [
                        "07:11"
                    ],
                    "сб": [],
                    "вс": []
                }
            },
            "Магазин стройматериалов": {
                "id": "5405",
                "schedule": {
                    "пн": [
                        "07:13"
                    ],
                    "вт": [
                        "07:13"
                    ],
                    "ср": [
                        "07:13"
                    ],
                    "чт": [
                        "07:13"
                    ],
                    "пт": [
                        "07:13"
                    ],
                    "сб": [],
                    "вс": []
                }
            },
            "Автовокзал *": {
                "id": "64730",
                "schedule": {
                    "пн": [
                        "07:14"
                    ],
                    "вт": [
                        "07:14"
                    ],
                    "ср": [
                        "07:14"
                    ],
                    "чт": [
                        "07:14"
                    ],
                    "пт": [
                        "07:14"
                    ],
                    "сб": [],
                    "вс": []
                }
            }
        }
    }
}