{
    "19": {
        "Автобус №19‍": {
            "Автовокзал *": {
                "id": "64730",
                "schedule": {
                    "пн": [],
                    "вт": [],
                    "ср": [],
                    "чт": [],
                    "пт": [],
                    "сб": [
                        "08:30",
                        "09:28",
                        "11:05",
                        "11:55",
                        "13:00"
                    ],
                    "вс": [
                        "08:30",
                        "09:28",
                        "11:05",
                        "11:55",
                        "13:00"
                    ]
                }
            },
            "Автовокзал": {
                "id": "5601",
                "schedule": {
                    "пн": [],
                    "вт": [],
                    "ср": [],
                    "чт": [],
                    "пт": [],
                    "сб": [
                        "08:30",
                        "09:28",
                        "11:05",
                        "11:55",
                        "13:00"
                    ],
                    "вс": [
                        "08:30",
                        "09:28",
                        "11:05",
                        "11:55",
                        "13:00"
                    ]
                }
            },
            "Магазин стройматериалов": {
                "id": "5441",
                "schedule": {
                    "пн": [],
                    "вт": [],
                    "ср": [],
                    "чт": [],
                    "пт": [],
                    "сб": [
                        "08:32",
                        "09:30",
                        "11:07",
                        "11:57",
                        "13:02"
                    ],
                    "вс": [
                        "08:32",
                        "09:30",
                        "11:07",
                        "11:57",
                        "13:02"
                    ]
                }
            },
            "Рынок": {
                "id": "5584",
                "schedule": {
                    "пн": [],
                    "вт": [],
                    "ср": [],
                    "чт": [],
                    "пт": [],
                    "сб": [
                        "08:34",
                        "09:32",
                        "11:09",
                        "11:59",
                        "13:04"
                    ],
                    "вс": [
                        "08:34",
                        "09:32",
                        "11:09",
                        "11:59",
                        "13:04"
                    ]
                }
            },
            "Аптека № 80": {
                "id": "5553",
                "schedule": {
                    "пн": [],
                    "вт": [],
                    "ср": [],
                    "чт": [],
                    "пт": [],
                    "сб": [
                        "08:36",
                        "09:34",
                        "11:11",
                        "12:01",
                        "13:06"
                    ],
                    "вс": [
                        "08:36",
                        "09:34",
                        "11:11",
                        "12:01",
                        "13:06"
                    ]
                }
            },
            "Слуцкие Пояса": {
                "id": "13779",
                "schedule": {
                    "пн": [],
                    "вт": [],
                    "ср": [],
                    "чт": [],
                    "пт": [],
                    "сб": [
                        "08:39",
                        "09:37",
                        "11:14",
                        "12:04",
                        "13:09"
                    ],
                    "вс": [
                        "08:39",
                        "09:37",
                        "11:14",
                        "12:04",
                        "13:09"
                    ]
                }
            },
            "Проектный институт": {
                "id": "13733",
                "schedule": {
                    "пн": [],
                    "вт": [],
                    "ср": [],
                    "чт": [],
                    "пт": [],
                    "сб": [
                        "08:40",
                        "09:38",
                        "11:15",
                        "12:05",
                        "13:10"
                    ],
                    "вс": [
                        "08:40",
                        "09:38",
                        "11:15",
                        "12:05",
                        "13:10"
                    ]
                }
            },
            "Уреченская": {
                "id": "13753",
                "schedule": {
                    "пн": [],
                    "вт": [],
                    "ср": [],
                    "чт": [],
                    "пт": [],
                    "сб": [
                        "08:41",
                        "09:39",
                        "11:16",
                        "12:06",
                        "13:11"
                    ],
                    "вс": [
                        "08:41",
                        "09:39",
                        "11:16",
                        "12:06",
                        "13:11"
                    ]
                }
            },
            "Экологический центр": {
                "id": "51629",
                "schedule": {
                    "пн": [],
                    "вт": [],
                    "ср": [],
                    "чт": [],
                    "пт": [],
                    "сб": [
                        "08:43",
                        "09:41",
                        "11:18",
                        "12:08",
                        "13:13"
                    ],
                    "вс": [
                        "08:43",
                        "09:41",
                        "11:18",
                        "12:08",
                        "13:13"
                    ]
                }
            },
            "Дружная": {
                "id": "51495",
                "schedule": {
                    "пн": [],
                    "вт": [],
                    "ср": [],
                    "чт": [],
                    "пт": [],
                    "сб": [
                        "08:44",
                        "09:42",
                        "11:19",
                        "12:09",
                        "13:14"
                    ],
                    "вс": [
                        "08:44",
                        "09:42",
                        "11:19",
                        "12:09",
                        "13:14"
                    ]
                }
            },
            "Любанская": {
                "id": "51506",
                "schedule": {
                    "пн": [],
                    "вт": [],
                    "ср": [],
                    "чт": [],
                    "пт": [],
                    "сб": [
                        "08:46",
                        "09:44",
                        "11:21",
                        "12:11",
                        "13:16"
                    ],
                    "вс": [
                        "08:46",
                        "09:44",
                        "11:21",
                        "12:11",
                        "13:16"
                    ]
                }
            },
            "Микрорайон Новодворцы": {
                "id": "51577",
                "schedule": {
                    "пн": [],
                    "вт": [],
                    "ср": [],
                    "чт": [],
                    "пт": [],
                    "сб": [
                        "08:47",
                        "09:45",
                        "11:22",
                        "12:12",
                        "13:17"
                    ],
                    "вс": [
                        "08:47",
                        "09:45",
                        "11:22",
                        "12:12",
                        "13:17"
                    ]
                }
            }
        },
        "Отправления с остановки": {
            "Микрорайон Новодворцы": {
                "id": "51658",
                "schedule": {
                    "пн": [],
                    "вт": [],
                    "ср": [],
                    "чт": [],
                    "пт": [],
                    "сб": [
                        "07:54",
                        "09:04",
                        "10:42",
                        "11:30",
                        "12:19",
                        "14:19"
                    ],
                    "вс": [
                        "07:54",
                        "09:04",
                        "10:42",
                        "11:30",
                        "12:19",
                        "14:19"
                    ]
                }
            },
            "Любанская": {
                "id": "51682",
                "schedule": {
                    "пн": [],
                    "вт": [],
                    "ср": [],
                    "чт": [],
                    "пт": [],
                    "сб": [
                        "07:55",
                        "09:05",
                        "10:43",
                        "11:31",
                        "12:20",
                        "14:20"
                    ],
                    "вс": [
                        "07:55",
                        "09:05",
                        "10:43",
                        "11:31",
                        "12:20",
                        "14:20"
                    ]
                }
            },
            "Дружная": {
                "id": "51632",
                "schedule": {
                    "пн": [],
                    "вт": [],
                    "ср": [],
                    "чт": [],
                    "пт": [],
                    "сб": [
                        "07:57",
                        "09:07",
                        "10:45",
                        "11:33",
                        "12:22",
                        "14:22"
                    ],
                    "вс": [
                        "07:57",
                        "09:07",
                        "10:45",
                        "11:33",
                        "12:22",
                        "14:22"
                    ]
                }
            },
            "Экологический центр": {
                "id": "51515",
                "schedule": {
                    "пн": [],
                    "вт": [],
                    "ср": [],
                    "чт": [],
                    "пт": [],
                    "сб": [
                        "07:58",
                        "09:08",
                        "10:46",
                        "11:34",
                        "12:23",
                        "14:23"
                    ],
                    "вс": [
                        "07:58",
                        "09:08",
                        "10:46",
                        "11:34",
                        "12:23",
                        "14:23"
                    ]
                }
            },
            "Уреченская": {
                "id": "22815",
                "schedule": {
                    "пн": [],
                    "вт": [],
                    "ср": [],
                    "чт": [],
                    "пт": [],
                    "сб": [
                        "08:00",
                        "09:10",
                        "10:48",
                        "11:36",
                        "12:25",
                        "14:25"
                    ],
                    "вс": [
                        "08:00",
                        "09:10",
                        "10:48",
                        "11:36",
                        "12:25",
                        "14:25"
                    ]
                }
            },
            "Проектный институт": {
                "id": "13616",
                "schedule": {
                    "пн": [],
                    "вт": [],
                    "ср": [],
                    "чт": [],
                    "пт": [],
                    "сб": [
                        "08:01",
                        "09:11",
                        "10:49",
                        "11:37",
                        "12:26",
                        "14:26"
                    ],
                    "вс": [
                        "08:01",
                        "09:11",
                        "10:49",
                        "11:37",
                        "12:26",
                        "14:26"
                    ]
                }
            },
            "Типография": {
                "id": "13738",
                "schedule": {
                    "пн": [],
                    "вт": [],
                    "ср": [],
                    "чт": [],
                    "пт": [],
                    "сб": [
                        "08:02",
                        "09:12",
                        "10:50",
                        "11:38",
                        "12:27",
                        "14:27"
                    ],
                    "вс": [
                        "08:02",
                        "09:12",
                        "10:50",
                        "11:38",
                        "12:27",
                        "14:27"
                    ]
                }
            },
            "Копыльская": {
                "id": "5513",
                "schedule": {
                    "пн": [],
                    "вт": [],
                    "ср": [],
                    "чт": [],
                    "пт": [],
                    "сб": [
                        "08:05",
                        "09:15",
                        "10:53",
                        "11:41",
                        "12:30",
                        "14:30"
                    ],
                    "вс": [
                        "08:05",
                        "09:15",
                        "10:53",
                        "11:41",
                        "12:30",
                        "14:30"
                    ]
                }
            },
            "Рынок": {
                "id": "5596",
                "schedule": {
                    "пн": [],
                    "вт": [],
                    "ср": [],
                    "чт": [],
                    "пт": [],
                    "сб": [
                        "08:07",
                        "09:17",
                        "10:55",
                        "11:43",
                        "12:32",
                        "14:32"
                    ],
                    "вс": [
                        "08:07",
                        "09:17",
                        "10:55",
                        "11:43",
                        "12:32",
                        "14:32"
                    ]
                }
            },
            "Магазин стройматериалов": {
                "id": "5405",
                "schedule": {
                    "пн": [],
                    "вт": [],
                    "ср": [],
                    "чт": [],
                    "пт": [],
                    "сб": [
                        "08:09",
                        "09:19",
                        "10:57",
                        "11:45",
                        "12:34",
                        "14:34"
                    ],
                    "вс": [
                        "08:09",
                        "09:19",
                        "10:57",
                        "11:45",
                        "12:34",
                        "14:34"
                    ]
                }
            },
            "Автовокзал *": {
                "id": "64730",
                "schedule": {
                    "пн": [],
                    "вт": [],
                    "ср": [],
                    "чт": [],
                    "пт": [],
                    "сб": [
                        "08:10",
                        "09:20",
                        "10:58",
                        "11:46",
                        "12:35",
                        "14:35"
                    ],
                    "вс": [
                        "08:10",
                        "09:20",
                        "10:58",
                        "11:46",
                        "12:35",
                        "14:35"
                    ]
                }
            }
        }
    }
}