{
    "19н": {
        "Автобус №19н‍": {
            "СЭС": {
                "id": "64513",
                "schedule": {
                    "пн": [],
                    "вт": [],
                    "ср": [],
                    "чт": [],
                    "пт": [],
                    "сб": [
                        "10:12",
                        "13:46"
                    ],
                    "вс": [
                        "10:12",
                        "13:46"
                    ]
                }
            },
            "Поселковая": {
                "id": "64622",
                "schedule": {
                    "пн": [],
                    "вт": [],
                    "ср": [],
                    "чт": [],
                    "пт": [],
                    "сб": [
                        "10:16",
                        "13:50"
                    ],
                    "вс": [
                        "10:16",
                        "13:50"
                    ]
                }
            },
            "Гаспадарчая": {
                "id": "64598",
                "schedule": {
                    "пн": [],
                    "вт": [],
                    "ср": [],
                    "чт": [],
                    "пт": [],
                    "сб": [
                        "10:17",
                        "13:51"
                    ],
                    "вс": [
                        "10:17",
                        "13:51"
                    ]
                }
            },
            "Водоканал": {
                "id": "5555",
                "schedule": {
                    "пн": [],
                    "вт": [],
                    "ср": [],
                    "чт": [],
                    "пт": [],
                    "сб": [
                        "10:18",
                        "13:52"
                    ],
                    "вс": [
                        "10:18",
                        "13:52"
                    ]
                }
            },
            "Крановый завод": {
                "id": "5460",
                "schedule": {
                    "пн": [],
                    "вт": [],
                    "ср": [],
                    "чт": [],
                    "пт": [],
                    "сб": [
                        "10:19",
                        "13:53"
                    ],
                    "вс": [
                        "10:19",
                        "13:53"
                    ]
                }
            },
            "Автовокзал": {
                "id": "5601",
                "schedule": {
                    "пн": [],
                    "вт": [],
                    "ср": [],
                    "чт": [],
                    "пт": [],
                    "сб": [
                        "10:21",
                        "13:55"
                    ],
                    "вс": [
                        "10:21",
                        "13:55"
                    ]
                }
            },
            "Магазин стройматериалов": {
                "id": "5441",
                "schedule": {
                    "пн": [],
                    "вт": [],
                    "ср": [],
                    "чт": [],
                    "пт": [],
                    "сб": [
                        "10:23",
                        "13:57"
                    ],
                    "вс": [
                        "10:23",
                        "13:57"
                    ]
                }
            },
            "Рынок": {
                "id": "5584",
                "schedule": {
                    "пн": [],
                    "вт": [],
                    "ср": [],
                    "чт": [],
                    "пт": [],
                    "сб": [
                        "10:25",
                        "13:59"
                    ],
                    "вс": [
                        "10:25",
                        "13:59"
                    ]
                }
            },
            "Аптека № 80": {
                "id": "5553",
                "schedule": {
                    "пн": [],
                    "вт": [],
                    "ср": [],
                    "чт": [],
                    "пт": [],
                    "сб": [
                        "10:27",
                        "14:01"
                    ],
                    "вс": [
                        "10:27",
                        "14:01"
                    ]
                }
            },
            "Слуцкие Пояса": {
                "id": "13779",
                "schedule": {
                    "пн": [],
                    "вт": [],
                    "ср": [],
                    "чт": [],
                    "пт": [],
                    "сб": [
                        "10:30",
                        "14:04"
                    ],
                    "вс": [
                        "10:30",
                        "14:04"
                    ]
                }
            },
            "Проектный институт": {
                "id": "13733",
                "schedule": {
                    "пн": [],
                    "вт": [],
                    "ср": [],
                    "чт": [],
                    "пт": [],
                    "сб": [
                        "10:31",
                        "14:05"
                    ],
                    "вс": [
                        "10:31",
                        "14:05"
                    ]
                }
            },
            "Уреченская": {
                "id": "13753",
                "schedule": {
                    "пн": [],
                    "вт": [],
                    "ср": [],
                    "чт": [],
                    "пт": [],
                    "сб": [
                        "10:32",
                        "14:06"
                    ],
                    "вс": [
                        "10:32",
                        "14:06"
                    ]
                }
            },
            "Экологический центр": {
                "id": "51629",
                "schedule": {
                    "пн": [],
                    "вт": [],
                    "ср": [],
                    "чт": [],
                    "пт": [],
                    "сб": [
                        "10:34",
                        "14:08"
                    ],
                    "вс": [
                        "10:34",
                        "14:08"
                    ]
                }
            },
            "Дружная": {
                "id": "51495",
                "schedule": {
                    "пн": [],
                    "вт": [],
                    "ср": [],
                    "чт": [],
                    "пт": [],
                    "сб": [
                        "10:35",
                        "14:09"
                    ],
                    "вс": [
                        "10:35",
                        "14:09"
                    ]
                }
            },
            "Любанская": {
                "id": "51506",
                "schedule": {
                    "пн": [],
                    "вт": [],
                    "ср": [],
                    "чт": [],
                    "пт": [],
                    "сб": [
                        "10:37",
                        "14:11"
                    ],
                    "вс": [
                        "10:37",
                        "14:11"
                    ]
                }
            },
            "Микрорайон Новодворцы": {
                "id": "51577",
                "schedule": {
                    "пн": [],
                    "вт": [],
                    "ср": [],
                    "чт": [],
                    "пт": [],
                    "сб": [
                        "10:38",
                        "14:12"
                    ],
                    "вс": [
                        "10:38",
                        "14:12"
                    ]
                }
            }
        },
        "Отправления с остановки": {
            "Микрорайон Новодворцы": {
                "id": "51658",
                "schedule": {
                    "пн": [],
                    "вт": [],
                    "ср": [],
                    "чт": [],
                    "пт": [],
                    "сб": [
                        "09:46",
                        "13:20"
                    ],
                    "вс": [
                        "09:46",
                        "13:20"
                    ]
                }
            },
            "Любанская": {
                "id": "51682",
                "schedule": {
                    "пн": [],
                    "вт": [],
                    "ср": [],
                    "чт": [],
                    "пт": [],
                    "сб": [
                        "09:47",
                        "13:21"
                    ],
                    "вс": [
                        "09:47",
                        "13:21"
                    ]
                }
            },
            "Дружная": {
                "id": "51632",
                "schedule": {
                    "пн": [],
                    "вт": [],
                    "ср": [],
                    "чт": [],
                    "пт": [],
                    "сб": [
                        "09:49",
                        "13:23"
                    ],
                    "вс": [
                        "09:49",
                        "13:23"
                    ]
                }
            },
            "Экологический центр": {
                "id": "51515",
                "schedule": {
                    "пн": [],
                    "вт": [],
                    "ср": [],
                    "чт": [],
                    "пт": [],
                    "сб": [
                        "09:50",
                        "13:24"
                    ],
                    "вс": [
                        "09:50",
                        "13:24"
                    ]
                }
            },
            "Уреченская": {
                "id": "22815",
                "schedule": {
                    "пн": [],
                    "вт": [],
                    "ср": [],
                    "чт": [],
                    "пт": [],
                    "сб": [
                        "09:52",
                        "13:26"
                    ],
                    "вс": [
                        "09:52",
                        "13:26"
                    ]
                }
            },
            "Проектный институт": {
                "id": "13616",
                "schedule": {
                    "пн": [],
                    "вт": [],
                    "ср": [],
                    "чт": [],
                    "пт": [],
                    "сб": [
                        "09:53",
                        "13:27"
                    ],
                    "вс": [
                        "09:53",
                        "13:27"
                    ]
                }
            },
            "Типография": {
                "id": "13738",
                "schedule": {
                    "пн": [],
                    "вт": [],
                    "ср": [],
                    "чт": [],
                    "пт": [],
                    "сб": [
                        "09:54",
                        "13:28"
                    ],
                    "вс": [
                        "09:54",
                        "13:28"
                    ]
                }
            },
            "Копыльская": {
                "id": "5513",
                "schedule": {
                    "пн": [],
                    "вт": [],
                    "ср": [],
                    "чт": [],
                    "пт": [],
                    "сб": [
                        "09:57",
                        "13:31"
                    ],
                    "вс": [
                        "09:57",
                        "13:31"
                    ]
                }
            },
            "Рынок": {
                "id": "5596",
                "schedule": {
                    "пн": [],
                    "вт": [],
                    "ср": [],
                    "чт": [],
                    "пт": [],
                    "сб": [
                        "09:59",
                        "13:33"
                    ],
                    "вс": [
                        "09:59",
                        "13:33"
                    ]
                }
            },
            "Магазин стройматериалов": {
                "id": "5405",
                "schedule": {
                    "пн": [],
                    "вт": [],
                    "ср": [],
                    "чт": [],
                    "пт": [],
                    "сб": [
                        "10:01",
                        "13:35"
                    ],
                    "вс": [
                        "10:01",
                        "13:35"
                    ]
                }
            },
            "Автовокзал": {
                "id": "5461",
                "schedule": {
                    "пн": [],
                    "вт": [],
                    "ср": [],
                    "чт": [],
                    "пт": [],
                    "сб": [
                        "10:02",
                        "13:36"
                    ],
                    "вс": [
                        "10:02",
                        "13:36"
                    ]
                }
            },
            "Крановый завод": {
                "id": "5408",
                "schedule": {
                    "пн": [],
                    "вт": [],
                    "ср": [],
                    "чт": [],
                    "пт": [],
                    "сб": [
                        "10:04",
                        "13:38"
                    ],
                    "вс": [
                        "10:04",
                        "13:38"
                    ]
                }
            },
            "Спасская": {
                "id": "64766",
                "schedule": {
                    "пн": [],
                    "вт": [],
                    "ср": [],
                    "чт": [],
                    "пт": [],
                    "сб": [
                        "10:05",
                        "13:39"
                    ],
                    "вс": [
                        "10:05",
                        "13:39"
                    ]
                }
            },
            "Водоканал": {
                "id": "5443",
                "schedule": {
                    "пн": [],
                    "вт": [],
                    "ср": [],
                    "чт": [],
                    "пт": [],
                    "сб": [
                        "10:06",
                        "13:40"
                    ],
                    "вс": [
                        "10:06",
                        "13:40"
                    ]
                }
            },
            "Гаспадарчая": {
                "id": "39528",
                "schedule": {
                    "пн": [],
                    "вт": [],
                    "ср": [],
                    "чт": [],
                    "пт": [],
                    "сб": [
                        "10:07",
                        "13:41"
                    ],
                    "вс": [
                        "10:07",
                        "13:41"
                    ]
                }
            },
            "Поселковая": {
                "id": "39444",
                "schedule": {
                    "пн": [],
                    "вт": [],
                    "ср": [],
                    "чт": [],
                    "пт": [],
                    "сб": [
                        "10:08",
                        "13:42"
                    ],
                    "вс": [
                        "10:08",
                        "13:42"
                    ]
                }
            },
            "СЭС": {
                "id": "64513",
                "schedule": {
                    "пн": [],
                    "вт": [],
                    "ср": [],
                    "чт": [],
                    "пт": [],
                    "сб": [
                        "10:12",
                        "13:46"
                    ],
                    "вс": [
                        "10:12",
                        "13:46"
                    ]
                }
            }
        }
    }
}