{
    "19п": {
        "Автобус №19п‍": {
            "Автобусный парк №2": {
                "id": "34519",
                "schedule": {
                    "пн": [],
                    "вт": [],
                    "ср": [],
                    "чт": [],
                    "пт": [],
                    "сб": [
                        "07:25"
                    ],
                    "вс": [
                        "07:25"
                    ]
                }
            },
            "Сыродельный комбинат": {
                "id": "34413",
                "schedule": {
                    "пн": [],
                    "вт": [],
                    "ср": [],
                    "чт": [],
                    "пт": [],
                    "сб": [
                        "07:27"
                    ],
                    "вс": [
                        "07:27"
                    ]
                }
            },
            "Майский посад": {
                "id": "34541",
                "schedule": {
                    "пн": [],
                    "вт": [],
                    "ср": [],
                    "чт": [],
                    "пт": [],
                    "сб": [
                        "07:28"
                    ],
                    "вс": [
                        "07:28"
                    ]
                }
            },
            "Городок": {
                "id": "5376",
                "schedule": {
                    "пн": [],
                    "вт": [],
                    "ср": [],
                    "чт": [],
                    "пт": [],
                    "сб": [
                        "07:30"
                    ],
                    "вс": [
                        "07:30"
                    ]
                }
            },
            "Школа № 2": {
                "id": "5429",
                "schedule": {
                    "пн": [],
                    "вт": [],
                    "ср": [],
                    "чт": [],
                    "пт": [],
                    "сб": [
                        "07:31"
                    ],
                    "вс": [
                        "07:31"
                    ]
                }
            },
            "Медицинский колледж": {
                "id": "5537",
                "schedule": {
                    "пн": [],
                    "вт": [],
                    "ср": [],
                    "чт": [],
                    "пт": [],
                    "сб": [
                        "07:33"
                    ],
                    "вс": [
                        "07:33"
                    ]
                }
            },
            "Рынок": {
                "id": "5584",
                "schedule": {
                    "пн": [],
                    "вт": [],
                    "ср": [],
                    "чт": [],
                    "пт": [],
                    "сб": [
                        "07:36"
                    ],
                    "вс": [
                        "07:36"
                    ]
                }
            },
            "Аптека № 80": {
                "id": "5553",
                "schedule": {
                    "пн": [],
                    "вт": [],
                    "ср": [],
                    "чт": [],
                    "пт": [],
                    "сб": [
                        "07:38"
                    ],
                    "вс": [
                        "07:38"
                    ]
                }
            },
            "Слуцкие Пояса": {
                "id": "13779",
                "schedule": {
                    "пн": [],
                    "вт": [],
                    "ср": [],
                    "чт": [],
                    "пт": [],
                    "сб": [
                        "07:41"
                    ],
                    "вс": [
                        "07:41"
                    ]
                }
            },
            "Проектный институт": {
                "id": "13733",
                "schedule": {
                    "пн": [],
                    "вт": [],
                    "ср": [],
                    "чт": [],
                    "пт": [],
                    "сб": [
                        "07:42"
                    ],
                    "вс": [
                        "07:42"
                    ]
                }
            },
            "Уреченская": {
                "id": "13753",
                "schedule": {
                    "пн": [],
                    "вт": [],
                    "ср": [],
                    "чт": [],
                    "пт": [],
                    "сб": [
                        "07:43"
                    ],
                    "вс": [
                        "07:43"
                    ]
                }
            },
            "Экологический центр": {
                "id": "51629",
                "schedule": {
                    "пн": [],
                    "вт": [],
                    "ср": [],
                    "чт": [],
                    "пт": [],
                    "сб": [
                        "07:45"
                    ],
                    "вс": [
                        "07:45"
                    ]
                }
            },
            "Дружная": {
                "id": "51495",
                "schedule": {
                    "пн": [],
                    "вт": [],
                    "ср": [],
                    "чт": [],
                    "пт": [],
                    "сб": [
                        "07:46"
                    ],
                    "вс": [
                        "07:46"
                    ]
                }
            },
            "Любанская": {
                "id": "51506",
                "schedule": {
                    "пн": [],
                    "вт": [],
                    "ср": [],
                    "чт": [],
                    "пт": [],
                    "сб": [
                        "07:48"
                    ],
                    "вс": [
                        "07:48"
                    ]
                }
            },
            "Микрорайон Новодворцы": {
                "id": "51577",
                "schedule": {
                    "пн": [],
                    "вт": [],
                    "ср": [],
                    "чт": [],
                    "пт": [],
                    "сб": [
                        "07:49"
                    ],
                    "вс": [
                        "07:49"
                    ]
                }
            }
        },
        "Отправления с остановки": {}
    }
}