{
    "20": {
        "Автобус №20‍": {
            "Чехова": {
                "id": "36856",
                "schedule": {
                    "пн": [
                        "07:23",
                        "08:04"
                    ],
                    "вт": [
                        "07:23",
                        "08:04"
                    ],
                    "ср": [
                        "07:23",
                        "08:04"
                    ],
                    "чт": [
                        "07:23",
                        "08:04"
                    ],
                    "пт": [
                        "07:23",
                        "08:04"
                    ],
                    "сб": [],
                    "вс": []
                }
            },
            "Микрорайон Северный": {
                "id": "5541",
                "schedule": {
                    "пн": [
                        "07:25",
                        "08:06"
                    ],
                    "вт": [
                        "07:25",
                        "08:06"
                    ],
                    "ср": [
                        "07:25",
                        "08:06"
                    ],
                    "чт": [
                        "07:25",
                        "08:06"
                    ],
                    "пт": [
                        "07:25",
                        "08:06"
                    ],
                    "сб": [],
                    "вс": []
                }
            },
            "Борисовца": {
                "id": "5398",
                "schedule": {
                    "пн": [
                        "07:27",
                        "08:08"
                    ],
                    "вт": [
                        "07:27",
                        "08:08"
                    ],
                    "ср": [
                        "07:27",
                        "08:08"
                    ],
                    "чт": [
                        "07:27",
                        "08:08"
                    ],
                    "пт": [
                        "07:27",
                        "08:08"
                    ],
                    "сб": [],
                    "вс": []
                }
            },
            "Зелёная": {
                "id": "5586",
                "schedule": {
                    "пн": [
                        "07:28",
                        "08:09"
                    ],
                    "вт": [
                        "07:28",
                        "08:09"
                    ],
                    "ср": [
                        "07:28",
                        "08:09"
                    ],
                    "чт": [
                        "07:28",
                        "08:09"
                    ],
                    "пт": [
                        "07:28",
                        "08:09"
                    ],
                    "сб": [],
                    "вс": []
                }
            },
            "1 Августа": {
                "id": "5532",
                "schedule": {
                    "пн": [
                        "07:29",
                        "08:10"
                    ],
                    "вт": [
                        "07:29",
                        "08:10"
                    ],
                    "ср": [
                        "07:29",
                        "08:10"
                    ],
                    "чт": [
                        "07:29",
                        "08:10"
                    ],
                    "пт": [
                        "07:29",
                        "08:10"
                    ],
                    "сб": [],
                    "вс": []
                }
            },
            "Молодёжный центр": {
                "id": "5503",
                "schedule": {
                    "пн": [
                        "07:31",
                        "08:12"
                    ],
                    "вт": [
                        "07:31",
                        "08:12"
                    ],
                    "ср": [
                        "07:31",
                        "08:12"
                    ],
                    "чт": [
                        "07:31",
                        "08:12"
                    ],
                    "пт": [
                        "07:31",
                        "08:12"
                    ],
                    "сб": [],
                    "вс": []
                }
            },
            "Дом культуры": {
                "id": "5384",
                "schedule": {
                    "пн": [
                        "07:33",
                        "08:14"
                    ],
                    "вт": [
                        "07:33",
                        "08:14"
                    ],
                    "ср": [
                        "07:33",
                        "08:14"
                    ],
                    "чт": [
                        "07:33",
                        "08:14"
                    ],
                    "пт": [
                        "07:33",
                        "08:14"
                    ],
                    "сб": [],
                    "вс": []
                }
            },
            "Слуцкие Пояса": {
                "id": "13779",
                "schedule": {
                    "пн": [
                        "07:37",
                        "08:18"
                    ],
                    "вт": [
                        "07:37",
                        "08:18"
                    ],
                    "ср": [
                        "07:37",
                        "08:18"
                    ],
                    "чт": [
                        "07:37",
                        "08:18"
                    ],
                    "пт": [
                        "07:37",
                        "08:18"
                    ],
                    "сб": [],
                    "вс": []
                }
            },
            "Проектный институт": {
                "id": "13733",
                "schedule": {
                    "пн": [
                        "07:38",
                        "08:19"
                    ],
                    "вт": [
                        "07:38",
                        "08:19"
                    ],
                    "ср": [
                        "07:38",
                        "08:19"
                    ],
                    "чт": [
                        "07:38",
                        "08:19"
                    ],
                    "пт": [
                        "07:38",
                        "08:19"
                    ],
                    "сб": [],
                    "вс": []
                }
            },
            "Поликлиника": {
                "id": "22872",
                "schedule": {
                    "пн": [
                        "07:40",
                        "08:21"
                    ],
                    "вт": [
                        "07:40",
                        "08:21"
                    ],
                    "ср": [
                        "07:40",
                        "08:21"
                    ],
                    "чт": [
                        "07:40",
                        "08:21"
                    ],
                    "пт": [
                        "07:40",
                        "08:21"
                    ],
                    "сб": [],
                    "вс": []
                }
            }
        },
        "Отправления с остановки": {
            "Поликлиника": {
                "id": "22872",
                "schedule": {
                    "пн": [
                        "07:46",
                        "08:24"
                    ],
                    "вт": [
                        "07:46",
                        "08:24"
                    ],
                    "ср": [
                        "07:46",
                        "08:24"
                    ],
                    "чт": [
                        "07:46",
                        "08:24"
                    ],
                    "пт": [
                        "07:46",
                        "08:24"
                    ],
                    "сб": [],
                    "вс": []
                }
            },
            "Гастелло": {
                "id": "22936",
                "schedule": {
                    "пн": [
                        "07:47",
                        "08:25"
                    ],
                    "вт": [
                        "07:47",
                        "08:25"
                    ],
                    "ср": [
                        "07:47",
                        "08:25"
                    ],
                    "чт": [
                        "07:47",
                        "08:25"
                    ],
                    "пт": [
                        "07:47",
                        "08:25"
                    ],
                    "сб": [],
                    "вс": []
                }
            },
            "Проектный институт": {
                "id": "13616",
                "schedule": {
                    "пн": [
                        "07:49",
                        "08:27"
                    ],
                    "вт": [
                        "07:49",
                        "08:27"
                    ],
                    "ср": [
                        "07:49",
                        "08:27"
                    ],
                    "чт": [
                        "07:49",
                        "08:27"
                    ],
                    "пт": [
                        "07:49",
                        "08:27"
                    ],
                    "сб": [],
                    "вс": []
                }
            },
            "Типография": {
                "id": "13738",
                "schedule": {
                    "пн": [
                        "07:50",
                        "08:28"
                    ],
                    "вт": [
                        "07:50",
                        "08:28"
                    ],
                    "ср": [
                        "07:50",
                        "08:28"
                    ],
                    "чт": [
                        "07:50",
                        "08:28"
                    ],
                    "пт": [
                        "07:50",
                        "08:28"
                    ],
                    "сб": [],
                    "вс": []
                }
            },
            "Дом культуры": {
                "id": "5451",
                "schedule": {
                    "пн": [
                        "07:53",
                        "08:31"
                    ],
                    "вт": [
                        "07:53",
                        "08:31"
                    ],
                    "ср": [
                        "07:53",
                        "08:31"
                    ],
                    "чт": [
                        "07:53",
                        "08:31"
                    ],
                    "пт": [
                        "07:53",
                        "08:31"
                    ],
                    "сб": [],
                    "вс": []
                }
            },
            "1 Августа": {
                "id": "5413",
                "schedule": {
                    "пн": [
                        "07:56",
                        "08:34"
                    ],
                    "вт": [
                        "07:56",
                        "08:34"
                    ],
                    "ср": [
                        "07:56",
                        "08:34"
                    ],
                    "чт": [
                        "07:56",
                        "08:34"
                    ],
                    "пт": [
                        "07:56",
                        "08:34"
                    ],
                    "сб": [],
                    "вс": []
                }
            },
            "Зелёная": {
                "id": "5533",
                "schedule": {
                    "пн": [
                        "07:58",
                        "08:36"
                    ],
                    "вт": [
                        "07:58",
                        "08:36"
                    ],
                    "ср": [
                        "07:58",
                        "08:36"
                    ],
                    "чт": [
                        "07:58",
                        "08:36"
                    ],
                    "пт": [
                        "07:58",
                        "08:36"
                    ],
                    "сб": [],
                    "вс": []
                }
            },
            "Микрорайон Северный": {
                "id": "5587",
                "schedule": {
                    "пн": [
                        "08:00",
                        "08:38"
                    ],
                    "вт": [
                        "08:00",
                        "08:38"
                    ],
                    "ср": [
                        "08:00",
                        "08:38"
                    ],
                    "чт": [
                        "08:00",
                        "08:38"
                    ],
                    "пт": [
                        "08:00",
                        "08:38"
                    ],
                    "сб": [],
                    "вс": []
                }
            },
            "Чехова": {
                "id": "36791",
                "schedule": {
                    "пн": [
                        "08:02",
                        "08:40"
                    ],
                    "вт": [
                        "08:02",
                        "08:40"
                    ],
                    "ср": [
                        "08:02",
                        "08:40"
                    ],
                    "чт": [
                        "08:02",
                        "08:40"
                    ],
                    "пт": [
                        "08:02",
                        "08:40"
                    ],
                    "сб": [],
                    "вс": []
                }
            }
        }
    }
}