{
    "20а": {
        "Автобус №20а‍": {},
        "Отправления с остановки": {
            "Чехова": {
                "id": "36856",
                "schedule": {
                    "пн": [
                        "08:47"
                    ],
                    "вт": [
                        "08:47"
                    ],
                    "ср": [
                        "08:47"
                    ],
                    "чт": [
                        "08:47"
                    ],
                    "пт": [
                        "08:47"
                    ],
                    "сб": [],
                    "вс": []
                }
            },
            "Микрорайон Северный": {
                "id": "5541",
                "schedule": {
                    "пн": [
                        "08:49"
                    ],
                    "вт": [
                        "08:49"
                    ],
                    "ср": [
                        "08:49"
                    ],
                    "чт": [
                        "08:49"
                    ],
                    "пт": [
                        "08:49"
                    ],
                    "сб": [],
                    "вс": []
                }
            },
            "Борисовца": {
                "id": "5398",
                "schedule": {
                    "пн": [
                        "08:51"
                    ],
                    "вт": [
                        "08:51"
                    ],
                    "ср": [
                        "08:51"
                    ],
                    "чт": [
                        "08:51"
                    ],
                    "пт": [
                        "08:51"
                    ],
                    "сб": [],
                    "вс": []
                }
            },
            "Зелёная": {
                "id": "5586",
                "schedule": {
                    "пн": [
                        "08:52"
                    ],
                    "вт": [
                        "08:52"
                    ],
                    "ср": [
                        "08:52"
                    ],
                    "чт": [
                        "08:52"
                    ],
                    "пт": [
                        "08:52"
                    ],
                    "сб": [],
                    "вс": []
                }
            },
            "1 Августа": {
                "id": "5532",
                "schedule": {
                    "пн": [
                        "08:53"
                    ],
                    "вт": [
                        "08:53"
                    ],
                    "ср": [
                        "08:53"
                    ],
                    "чт": [
                        "08:53"
                    ],
                    "пт": [
                        "08:53"
                    ],
                    "сб": [],
                    "вс": []
                }
            },
            "Молодёжный центр": {
                "id": "5503",
                "schedule": {
                    "пн": [
                        "08:55"
                    ],
                    "вт": [
                        "08:55"
                    ],
                    "ср": [
                        "08:55"
                    ],
                    "чт": [
                        "08:55"
                    ],
                    "пт": [
                        "08:55"
                    ],
                    "сб": [],
                    "вс": []
                }
            },
            "Дом культуры": {
                "id": "5384",
                "schedule": {
                    "пн": [
                        "08:57"
                    ],
                    "вт": [
                        "08:57"
                    ],
                    "ср": [
                        "08:57"
                    ],
                    "чт": [
                        "08:57"
                    ],
                    "пт": [
                        "08:57"
                    ],
                    "сб": [],
                    "вс": []
                }
            },
            "Копыльская": {
                "id": "5513",
                "schedule": {
                    "пн": [
                        "08:59"
                    ],
                    "вт": [
                        "08:59"
                    ],
                    "ср": [
                        "08:59"
                    ],
                    "чт": [
                        "08:59"
                    ],
                    "пт": [
                        "08:59"
                    ],
                    "сб": [],
                    "вс": []
                }
            },
            "Рынок": {
                "id": "5596",
                "schedule": {
                    "пн": [
                        "09:01"
                    ],
                    "вт": [
                        "09:01"
                    ],
                    "ср": [
                        "09:01"
                    ],
                    "чт": [
                        "09:01"
                    ],
                    "пт": [
                        "09:01"
                    ],
                    "сб": [],
                    "вс": []
                }
            },
            "Медицинский колледж": {
                "id": "5626",
                "schedule": {
                    "пн": [
                        "09:04"
                    ],
                    "вт": [
                        "09:04"
                    ],
                    "ср": [
                        "09:04"
                    ],
                    "чт": [
                        "09:04"
                    ],
                    "пт": [
                        "09:04"
                    ],
                    "сб": [],
                    "вс": []
                }
            },
            "Школа № 2": {
                "id": "5562",
                "schedule": {
                    "пн": [
                        "09:06"
                    ],
                    "вт": [
                        "09:06"
                    ],
                    "ср": [
                        "09:06"
                    ],
                    "чт": [
                        "09:06"
                    ],
                    "пт": [
                        "09:06"
                    ],
                    "сб": [],
                    "вс": []
                }
            },
            "Городок": {
                "id": "34466",
                "schedule": {
                    "пн": [
                        "09:07"
                    ],
                    "вт": [
                        "09:07"
                    ],
                    "ср": [
                        "09:07"
                    ],
                    "чт": [
                        "09:07"
                    ],
                    "пт": [
                        "09:07"
                    ],
                    "сб": [],
                    "вс": []
                }
            },
            "Майский посад": {
                "id": "34478",
                "schedule": {
                    "пн": [
                        "09:08"
                    ],
                    "вт": [
                        "09:08"
                    ],
                    "ср": [
                        "09:08"
                    ],
                    "чт": [
                        "09:08"
                    ],
                    "пт": [
                        "09:08"
                    ],
                    "сб": [],
                    "вс": []
                }
            },
            "Сыродельный комбинат": {
                "id": "34503",
                "schedule": {
                    "пн": [
                        "09:10"
                    ],
                    "вт": [
                        "09:10"
                    ],
                    "ср": [
                        "09:10"
                    ],
                    "чт": [
                        "09:10"
                    ],
                    "пт": [
                        "09:10"
                    ],
                    "сб": [],
                    "вс": []
                }
            },
            "Автобусный парк №2": {
                "id": "34519",
                "schedule": {
                    "пн": [
                        "09:12"
                    ],
                    "вт": [
                        "09:12"
                    ],
                    "ср": [
                        "09:12"
                    ],
                    "чт": [
                        "09:12"
                    ],
                    "пт": [
                        "09:12"
                    ],
                    "сб": [],
                    "вс": []
                }
            }
        }
    }
}