{
    "20н": {
        "Автобус №20н‍": {},
        "Отправления с остановки": {
            "Микрорайон Новодворцы": {
                "id": "51658",
                "schedule": {
                    "пн": [
                        "06:53"
                    ],
                    "вт": [
                        "06:53"
                    ],
                    "ср": [
                        "06:53"
                    ],
                    "чт": [
                        "06:53"
                    ],
                    "пт": [
                        "06:53"
                    ],
                    "сб": [],
                    "вс": []
                }
            },
            "Любанская": {
                "id": "51682",
                "schedule": {
                    "пн": [
                        "06:54"
                    ],
                    "вт": [
                        "06:54"
                    ],
                    "ср": [
                        "06:54"
                    ],
                    "чт": [
                        "06:54"
                    ],
                    "пт": [
                        "06:54"
                    ],
                    "сб": [],
                    "вс": []
                }
            },
            "Дружная": {
                "id": "51632",
                "schedule": {
                    "пн": [
                        "06:56"
                    ],
                    "вт": [
                        "06:56"
                    ],
                    "ср": [
                        "06:56"
                    ],
                    "чт": [
                        "06:56"
                    ],
                    "пт": [
                        "06:56"
                    ],
                    "сб": [],
                    "вс": []
                }
            },
            "Экологический центр": {
                "id": "51515",
                "schedule": {
                    "пн": [
                        "06:57"
                    ],
                    "вт": [
                        "06:57"
                    ],
                    "ср": [
                        "06:57"
                    ],
                    "чт": [
                        "06:57"
                    ],
                    "пт": [
                        "06:57"
                    ],
                    "сб": [],
                    "вс": []
                }
            },
            "Уреченская": {
                "id": "22815",
                "schedule": {
                    "пн": [
                        "06:59"
                    ],
                    "вт": [
                        "06:59"
                    ],
                    "ср": [
                        "06:59"
                    ],
                    "чт": [
                        "06:59"
                    ],
                    "пт": [
                        "06:59"
                    ],
                    "сб": [],
                    "вс": []
                }
            },
            "Проектный институт": {
                "id": "13616",
                "schedule": {
                    "пн": [
                        "07:00"
                    ],
                    "вт": [
                        "07:00"
                    ],
                    "ср": [
                        "07:00"
                    ],
                    "чт": [
                        "07:00"
                    ],
                    "пт": [
                        "07:00"
                    ],
                    "сб": [],
                    "вс": []
                }
            },
            "Типография": {
                "id": "13738",
                "schedule": {
                    "пн": [
                        "07:01"
                    ],
                    "вт": [
                        "07:01"
                    ],
                    "ср": [
                        "07:01"
                    ],
                    "чт": [
                        "07:01"
                    ],
                    "пт": [
                        "07:01"
                    ],
                    "сб": [],
                    "вс": []
                }
            },
            "Дом культуры": {
                "id": "5451",
                "schedule": {
                    "пн": [
                        "07:04"
                    ],
                    "вт": [
                        "07:04"
                    ],
                    "ср": [
                        "07:04"
                    ],
                    "чт": [
                        "07:04"
                    ],
                    "пт": [
                        "07:04"
                    ],
                    "сб": [],
                    "вс": []
                }
            },
            "1 Августа": {
                "id": "5413",
                "schedule": {
                    "пн": [
                        "07:07"
                    ],
                    "вт": [
                        "07:07"
                    ],
                    "ср": [
                        "07:07"
                    ],
                    "чт": [
                        "07:07"
                    ],
                    "пт": [
                        "07:07"
                    ],
                    "сб": [],
                    "вс": []
                }
            },
            "Зелёная": {
                "id": "5533",
                "schedule": {
                    "пн": [
                        "07:09"
                    ],
                    "вт": [
                        "07:09"
                    ],
                    "ср": [
                        "07:09"
                    ],
                    "чт": [
                        "07:09"
                    ],
                    "пт": [
                        "07:09"
                    ],
                    "сб": [],
                    "вс": []
                }
            },
            "Микрорайон Северный": {
                "id": "5587",
                "schedule": {
                    "пн": [
                        "07:11"
                    ],
                    "вт": [
                        "07:11"
                    ],
                    "ср": [
                        "07:11"
                    ],
                    "чт": [
                        "07:11"
                    ],
                    "пт": [
                        "07:11"
                    ],
                    "сб": [],
                    "вс": []
                }
            },
            "Чехова": {
                "id": "36791",
                "schedule": {
                    "пн": [
                        "07:13"
                    ],
                    "вт": [
                        "07:13"
                    ],
                    "ср": [
                        "07:13"
                    ],
                    "чт": [
                        "07:13"
                    ],
                    "пт": [
                        "07:13"
                    ],
                    "сб": [],
                    "вс": []
                }
            }
        }
    }
}