{
    "20п": {
        "Автобус №20п‍": {
            "Автобусный парк №2": {
                "id": "34519",
                "schedule": {
                    "пн": [
                        "06:26"
                    ],
                    "вт": [
                        "06:26"
                    ],
                    "ср": [
                        "06:26"
                    ],
                    "чт": [
                        "06:26"
                    ],
                    "пт": [
                        "06:26"
                    ],
                    "сб": [],
                    "вс": []
                }
            },
            "Сыродельный комбинат": {
                "id": "34413",
                "schedule": {
                    "пн": [
                        "06:28"
                    ],
                    "вт": [
                        "06:28"
                    ],
                    "ср": [
                        "06:28"
                    ],
                    "чт": [
                        "06:28"
                    ],
                    "пт": [
                        "06:28"
                    ],
                    "сб": [],
                    "вс": []
                }
            },
            "Майский посад": {
                "id": "34541",
                "schedule": {
                    "пн": [
                        "06:29"
                    ],
                    "вт": [
                        "06:29"
                    ],
                    "ср": [
                        "06:29"
                    ],
                    "чт": [
                        "06:29"
                    ],
                    "пт": [
                        "06:29"
                    ],
                    "сб": [],
                    "вс": []
                }
            },
            "Городок": {
                "id": "5376",
                "schedule": {
                    "пн": [
                        "06:31"
                    ],
                    "вт": [
                        "06:31"
                    ],
                    "ср": [
                        "06:31"
                    ],
                    "чт": [
                        "06:31"
                    ],
                    "пт": [
                        "06:31"
                    ],
                    "сб": [],
                    "вс": []
                }
            },
            "Школа № 2": {
                "id": "5429",
                "schedule": {
                    "пн": [
                        "06:32"
                    ],
                    "вт": [
                        "06:32"
                    ],
                    "ср": [
                        "06:32"
                    ],
                    "чт": [
                        "06:32"
                    ],
                    "пт": [
                        "06:32"
                    ],
                    "сб": [],
                    "вс": []
                }
            },
            "Медицинский колледж": {
                "id": "5537",
                "schedule": {
                    "пн": [
                        "06:34"
                    ],
                    "вт": [
                        "06:34"
                    ],
                    "ср": [
                        "06:34"
                    ],
                    "чт": [
                        "06:34"
                    ],
                    "пт": [
                        "06:34"
                    ],
                    "сб": [],
                    "вс": []
                }
            },
            "Рынок": {
                "id": "5584",
                "schedule": {
                    "пн": [
                        "06:37"
                    ],
                    "вт": [
                        "06:37"
                    ],
                    "ср": [
                        "06:37"
                    ],
                    "чт": [
                        "06:37"
                    ],
                    "пт": [
                        "06:37"
                    ],
                    "сб": [],
                    "вс": []
                }
            },
            "Аптека № 80": {
                "id": "5553",
                "schedule": {
                    "пн": [
                        "06:39"
                    ],
                    "вт": [
                        "06:39"
                    ],
                    "ср": [
                        "06:39"
                    ],
                    "чт": [
                        "06:39"
                    ],
                    "пт": [
                        "06:39"
                    ],
                    "сб": [],
                    "вс": []
                }
            },
            "Слуцкие Пояса": {
                "id": "13779",
                "schedule": {
                    "пн": [
                        "06:42"
                    ],
                    "вт": [
                        "06:42"
                    ],
                    "ср": [
                        "06:42"
                    ],
                    "чт": [
                        "06:42"
                    ],
                    "пт": [
                        "06:42"
                    ],
                    "сб": [],
                    "вс": []
                }
            },
            "Проектный институт": {
                "id": "13733",
                "schedule": {
                    "пн": [
                        "06:43"
                    ],
                    "вт": [
                        "06:43"
                    ],
                    "ср": [
                        "06:43"
                    ],
                    "чт": [
                        "06:43"
                    ],
                    "пт": [
                        "06:43"
                    ],
                    "сб": [],
                    "вс": []
                }
            },
            "Уреченская": {
                "id": "13753",
                "schedule": {
                    "пн": [
                        "06:44"
                    ],
                    "вт": [
                        "06:44"
                    ],
                    "ср": [
                        "06:44"
                    ],
                    "чт": [
                        "06:44"
                    ],
                    "пт": [
                        "06:44"
                    ],
                    "сб": [],
                    "вс": []
                }
            },
            "Экологический центр": {
                "id": "51629",
                "schedule": {
                    "пн": [
                        "06:46"
                    ],
                    "вт": [
                        "06:46"
                    ],
                    "ср": [
                        "06:46"
                    ],
                    "чт": [
                        "06:46"
                    ],
                    "пт": [
                        "06:46"
                    ],
                    "сб": [],
                    "вс": []
                }
            },
            "Дружная": {
                "id": "51495",
                "schedule": {
                    "пн": [
                        "06:47"
                    ],
                    "вт": [
                        "06:47"
                    ],
                    "ср": [
                        "06:47"
                    ],
                    "чт": [
                        "06:47"
                    ],
                    "пт": [
                        "06:47"
                    ],
                    "сб": [],
                    "вс": []
                }
            },
            "Любанская": {
                "id": "51506",
                "schedule": {
                    "пн": [
                        "06:49"
                    ],
                    "вт": [
                        "06:49"
                    ],
                    "ср": [
                        "06:49"
                    ],
                    "чт": [
                        "06:49"
                    ],
                    "пт": [
                        "06:49"
                    ],
                    "сб": [],
                    "вс": []
                }
            },
            "Микрорайон Новодворцы": {
                "id": "51577",
                "schedule": {
                    "пн": [
                        "06:50"
                    ],
                    "вт": [
                        "06:50"
                    ],
                    "ср": [
                        "06:50"
                    ],
                    "чт": [
                        "06:50"
                    ],
                    "пт": [
                        "06:50"
                    ],
                    "сб": [],
                    "вс": []
                }
            }
        },
        "Отправления с остановки": {}
    }
}