{
    "21": {
        "Автобус №21‍": {
            "Мясокомбинат": {
                "id": "34544",
                "schedule": {
                    "пн": [
                        "06:50",
                        "08:05",
                        "09:28",
                        "10:35",
                        "11:37",
                        "12:58",
                        "13:59"
                    ],
                    "вт": [
                        "06:50",
                        "08:05",
                        "09:28",
                        "10:35",
                        "11:37",
                        "12:58",
                        "13:59"
                    ],
                    "ср": [
                        "06:50",
                        "08:05",
                        "09:28",
                        "10:35",
                        "11:37",
                        "12:58",
                        "13:59"
                    ],
                    "чт": [
                        "06:50",
                        "08:05",
                        "09:28",
                        "10:35",
                        "11:37",
                        "12:58",
                        "13:59"
                    ],
                    "пт": [
                        "06:50",
                        "08:05",
                        "09:28",
                        "10:35",
                        "11:37",
                        "12:58",
                        "13:59"
                    ],
                    "сб": [],
                    "вс": []
                }
            },
            "Тутаринова": {
                "id": "34556",
                "schedule": {
                    "пн": [
                        "06:51",
                        "08:06",
                        "09:29",
                        "10:36",
                        "11:38",
                        "12:59",
                        "14:00"
                    ],
                    "вт": [
                        "06:51",
                        "08:06",
                        "09:29",
                        "10:36",
                        "11:38",
                        "12:59",
                        "14:00"
                    ],
                    "ср": [
                        "06:51",
                        "08:06",
                        "09:29",
                        "10:36",
                        "11:38",
                        "12:59",
                        "14:00"
                    ],
                    "чт": [
                        "06:51",
                        "08:06",
                        "09:29",
                        "10:36",
                        "11:38",
                        "12:59",
                        "14:00"
                    ],
                    "пт": [
                        "06:51",
                        "08:06",
                        "09:29",
                        "10:36",
                        "11:38",
                        "12:59",
                        "14:00"
                    ],
                    "сб": [],
                    "вс": []
                }
            },
            "Сахарный комбинат": {
                "id": "34479",
                "schedule": {
                    "пн": [
                        "06:53",
                        "08:08",
                        "09:31",
                        "10:38",
                        "11:40",
                        "13:01",
                        "14:02"
                    ],
                    "вт": [
                        "06:53",
                        "08:08",
                        "09:31",
                        "10:38",
                        "11:40",
                        "13:01",
                        "14:02"
                    ],
                    "ср": [
                        "06:53",
                        "08:08",
                        "09:31",
                        "10:38",
                        "11:40",
                        "13:01",
                        "14:02"
                    ],
                    "чт": [
                        "06:53",
                        "08:08",
                        "09:31",
                        "10:38",
                        "11:40",
                        "13:01",
                        "14:02"
                    ],
                    "пт": [
                        "06:53",
                        "08:08",
                        "09:31",
                        "10:38",
                        "11:40",
                        "13:01",
                        "14:02"
                    ],
                    "сб": [],
                    "вс": []
                }
            },
            "Сыродельный комбинат": {
                "id": "34413",
                "schedule": {
                    "пн": [
                        "06:54",
                        "08:09",
                        "09:32",
                        "10:39",
                        "11:41",
                        "13:02",
                        "14:03"
                    ],
                    "вт": [
                        "06:54",
                        "08:09",
                        "09:32",
                        "10:39",
                        "11:41",
                        "13:02",
                        "14:03"
                    ],
                    "ср": [
                        "06:54",
                        "08:09",
                        "09:32",
                        "10:39",
                        "11:41",
                        "13:02",
                        "14:03"
                    ],
                    "чт": [
                        "06:54",
                        "08:09",
                        "09:32",
                        "10:39",
                        "11:41",
                        "13:02",
                        "14:03"
                    ],
                    "пт": [
                        "06:54",
                        "08:09",
                        "09:32",
                        "10:39",
                        "11:41",
                        "13:02",
                        "14:03"
                    ],
                    "сб": [],
                    "вс": []
                }
            },
            "Майский посад": {
                "id": "34541",
                "schedule": {
                    "пн": [
                        "06:55",
                        "08:10",
                        "09:33",
                        "10:40",
                        "11:42",
                        "13:03",
                        "14:04"
                    ],
                    "вт": [
                        "06:55",
                        "08:10",
                        "09:33",
                        "10:40",
                        "11:42",
                        "13:03",
                        "14:04"
                    ],
                    "ср": [
                        "06:55",
                        "08:10",
                        "09:33",
                        "10:40",
                        "11:42",
                        "13:03",
                        "14:04"
                    ],
                    "чт": [
                        "06:55",
                        "08:10",
                        "09:33",
                        "10:40",
                        "11:42",
                        "13:03",
                        "14:04"
                    ],
                    "пт": [
                        "06:55",
                        "08:10",
                        "09:33",
                        "10:40",
                        "11:42",
                        "13:03",
                        "14:04"
                    ],
                    "сб": [],
                    "вс": []
                }
            },
            "Городок": {
                "id": "5376",
                "schedule": {
                    "пн": [
                        "06:57",
                        "08:12",
                        "09:35",
                        "10:42",
                        "11:44",
                        "13:05",
                        "14:06"
                    ],
                    "вт": [
                        "06:57",
                        "08:12",
                        "09:35",
                        "10:42",
                        "11:44",
                        "13:05",
                        "14:06"
                    ],
                    "ср": [
                        "06:57",
                        "08:12",
                        "09:35",
                        "10:42",
                        "11:44",
                        "13:05",
                        "14:06"
                    ],
                    "чт": [
                        "06:57",
                        "08:12",
                        "09:35",
                        "10:42",
                        "11:44",
                        "13:05",
                        "14:06"
                    ],
                    "пт": [
                        "06:57",
                        "08:12",
                        "09:35",
                        "10:42",
                        "11:44",
                        "13:05",
                        "14:06"
                    ],
                    "сб": [],
                    "вс": []
                }
            },
            "Школа № 2": {
                "id": "5429",
                "schedule": {
                    "пн": [
                        "06:58",
                        "08:13",
                        "09:36",
                        "10:43",
                        "11:45",
                        "13:06",
                        "14:07"
                    ],
                    "вт": [
                        "06:58",
                        "08:13",
                        "09:36",
                        "10:43",
                        "11:45",
                        "13:06",
                        "14:07"
                    ],
                    "ср": [
                        "06:58",
                        "08:13",
                        "09:36",
                        "10:43",
                        "11:45",
                        "13:06",
                        "14:07"
                    ],
                    "чт": [
                        "06:58",
                        "08:13",
                        "09:36",
                        "10:43",
                        "11:45",
                        "13:06",
                        "14:07"
                    ],
                    "пт": [
                        "06:58",
                        "08:13",
                        "09:36",
                        "10:43",
                        "11:45",
                        "13:06",
                        "14:07"
                    ],
                    "сб": [],
                    "вс": []
                }
            },
            "Медицинский колледж": {
                "id": "5537",
                "schedule": {
                    "пн": [
                        "07:00",
                        "08:15",
                        "09:38",
                        "10:45",
                        "11:47",
                        "13:08",
                        "14:09"
                    ],
                    "вт": [
                        "07:00",
                        "08:15",
                        "09:38",
                        "10:45",
                        "11:47",
                        "13:08",
                        "14:09"
                    ],
                    "ср": [
                        "07:00",
                        "08:15",
                        "09:38",
                        "10:45",
                        "11:47",
                        "13:08",
                        "14:09"
                    ],
                    "чт": [
                        "07:00",
                        "08:15",
                        "09:38",
                        "10:45",
                        "11:47",
                        "13:08",
                        "14:09"
                    ],
                    "пт": [
                        "07:00",
                        "08:15",
                        "09:38",
                        "10:45",
                        "11:47",
                        "13:08",
                        "14:09"
                    ],
                    "сб": [],
                    "вс": []
                }
            },
            "Рынок": {
                "id": "5584",
                "schedule": {
                    "пн": [
                        "07:03",
                        "08:18",
                        "09:41",
                        "10:48",
                        "11:50",
                        "13:11",
                        "14:12"
                    ],
                    "вт": [
                        "07:03",
                        "08:18",
                        "09:41",
                        "10:48",
                        "11:50",
                        "13:11",
                        "14:12"
                    ],
                    "ср": [
                        "07:03",
                        "08:18",
                        "09:41",
                        "10:48",
                        "11:50",
                        "13:11",
                        "14:12"
                    ],
                    "чт": [
                        "07:03",
                        "08:18",
                        "09:41",
                        "10:48",
                        "11:50",
                        "13:11",
                        "14:12"
                    ],
                    "пт": [
                        "07:03",
                        "08:18",
                        "09:41",
                        "10:48",
                        "11:50",
                        "13:11",
                        "14:12"
                    ],
                    "сб": [],
                    "вс": []
                }
            },
            "Аптека № 80": {
                "id": "5553",
                "schedule": {
                    "пн": [
                        "07:05",
                        "08:20",
                        "09:43",
                        "10:50",
                        "11:52",
                        "13:13",
                        "14:14"
                    ],
                    "вт": [
                        "07:05",
                        "08:20",
                        "09:43",
                        "10:50",
                        "11:52",
                        "13:13",
                        "14:14"
                    ],
                    "ср": [
                        "07:05",
                        "08:20",
                        "09:43",
                        "10:50",
                        "11:52",
                        "13:13",
                        "14:14"
                    ],
                    "чт": [
                        "07:05",
                        "08:20",
                        "09:43",
                        "10:50",
                        "11:52",
                        "13:13",
                        "14:14"
                    ],
                    "пт": [
                        "07:05",
                        "08:20",
                        "09:43",
                        "10:50",
                        "11:52",
                        "13:13",
                        "14:14"
                    ],
                    "сб": [],
                    "вс": []
                }
            },
            "Дом культуры": {
                "id": "5451",
                "schedule": {
                    "пн": [
                        "07:07",
                        "08:22",
                        "09:45",
                        "10:52",
                        "11:54",
                        "13:15",
                        "14:16"
                    ],
                    "вт": [
                        "07:07",
                        "08:22",
                        "09:45",
                        "10:52",
                        "11:54",
                        "13:15",
                        "14:16"
                    ],
                    "ср": [
                        "07:07",
                        "08:22",
                        "09:45",
                        "10:52",
                        "11:54",
                        "13:15",
                        "14:16"
                    ],
                    "чт": [
                        "07:07",
                        "08:22",
                        "09:45",
                        "10:52",
                        "11:54",
                        "13:15",
                        "14:16"
                    ],
                    "пт": [
                        "07:07",
                        "08:22",
                        "09:45",
                        "10:52",
                        "11:54",
                        "13:15",
                        "14:16"
                    ],
                    "сб": [],
                    "вс": []
                }
            },
            "Молодёжный центр": {
                "id": "5608",
                "schedule": {
                    "пн": [
                        "07:09",
                        "08:24",
                        "09:47",
                        "10:54",
                        "11:56",
                        "13:17",
                        "14:18"
                    ],
                    "вт": [
                        "07:09",
                        "08:24",
                        "09:47",
                        "10:54",
                        "11:56",
                        "13:17",
                        "14:18"
                    ],
                    "ср": [
                        "07:09",
                        "08:24",
                        "09:47",
                        "10:54",
                        "11:56",
                        "13:17",
                        "14:18"
                    ],
                    "чт": [
                        "07:09",
                        "08:24",
                        "09:47",
                        "10:54",
                        "11:56",
                        "13:17",
                        "14:18"
                    ],
                    "пт": [
                        "07:09",
                        "08:24",
                        "09:47",
                        "10:54",
                        "11:56",
                        "13:17",
                        "14:18"
                    ],
                    "сб": [],
                    "вс": []
                }
            },
            "Советская": {
                "id": "5432",
                "schedule": {
                    "пн": [
                        "07:11",
                        "08:26",
                        "09:49",
                        "10:56",
                        "11:58",
                        "13:19",
                        "14:20"
                    ],
                    "вт": [
                        "07:11",
                        "08:26",
                        "09:49",
                        "10:56",
                        "11:58",
                        "13:19",
                        "14:20"
                    ],
                    "ср": [
                        "07:11",
                        "08:26",
                        "09:49",
                        "10:56",
                        "11:58",
                        "13:19",
                        "14:20"
                    ],
                    "чт": [
                        "07:11",
                        "08:26",
                        "09:49",
                        "10:56",
                        "11:58",
                        "13:19",
                        "14:20"
                    ],
                    "пт": [
                        "07:11",
                        "08:26",
                        "09:49",
                        "10:56",
                        "11:58",
                        "13:19",
                        "14:20"
                    ],
                    "сб": [],
                    "вс": []
                }
            },
            "Пушкина": {
                "id": "5529",
                "schedule": {
                    "пн": [
                        "07:13",
                        "08:28",
                        "09:51",
                        "10:58",
                        "12:00",
                        "13:21",
                        "14:22"
                    ],
                    "вт": [
                        "07:13",
                        "08:28",
                        "09:51",
                        "10:58",
                        "12:00",
                        "13:21",
                        "14:22"
                    ],
                    "ср": [
                        "07:13",
                        "08:28",
                        "09:51",
                        "10:58",
                        "12:00",
                        "13:21",
                        "14:22"
                    ],
                    "чт": [
                        "07:13",
                        "08:28",
                        "09:51",
                        "10:58",
                        "12:00",
                        "13:21",
                        "14:22"
                    ],
                    "пт": [
                        "07:13",
                        "08:28",
                        "09:51",
                        "10:58",
                        "12:00",
                        "13:21",
                        "14:22"
                    ],
                    "сб": [],
                    "вс": []
                }
            },
            "Суворова": {
                "id": "5505",
                "schedule": {
                    "пн": [
                        "07:14",
                        "08:29",
                        "09:52",
                        "10:59",
                        "12:01",
                        "13:22",
                        "14:23"
                    ],
                    "вт": [
                        "07:14",
                        "08:29",
                        "09:52",
                        "10:59",
                        "12:01",
                        "13:22",
                        "14:23"
                    ],
                    "ср": [
                        "07:14",
                        "08:29",
                        "09:52",
                        "10:59",
                        "12:01",
                        "13:22",
                        "14:23"
                    ],
                    "чт": [
                        "07:14",
                        "08:29",
                        "09:52",
                        "10:59",
                        "12:01",
                        "13:22",
                        "14:23"
                    ],
                    "пт": [
                        "07:14",
                        "08:29",
                        "09:52",
                        "10:59",
                        "12:01",
                        "13:22",
                        "14:23"
                    ],
                    "сб": [],
                    "вс": []
                }
            },
            "Геологоразведка": {
                "id": "5546",
                "schedule": {
                    "пн": [
                        "07:15",
                        "08:30",
                        "09:53",
                        "11:00",
                        "12:02",
                        "13:23",
                        "14:24"
                    ],
                    "вт": [
                        "07:15",
                        "08:30",
                        "09:53",
                        "11:00",
                        "12:02",
                        "13:23",
                        "14:24"
                    ],
                    "ср": [
                        "07:15",
                        "08:30",
                        "09:53",
                        "11:00",
                        "12:02",
                        "13:23",
                        "14:24"
                    ],
                    "чт": [
                        "07:15",
                        "08:30",
                        "09:53",
                        "11:00",
                        "12:02",
                        "13:23",
                        "14:24"
                    ],
                    "пт": [
                        "07:15",
                        "08:30",
                        "09:53",
                        "11:00",
                        "12:02",
                        "13:23",
                        "14:24"
                    ],
                    "сб": [],
                    "вс": []
                }
            },
            "Кадетское училище": {
                "id": "61127",
                "schedule": {
                    "пн": [
                        "07:16",
                        "08:31",
                        "09:54",
                        "11:01",
                        "12:03",
                        "13:24",
                        "14:25"
                    ],
                    "вт": [
                        "07:16",
                        "08:31",
                        "09:54",
                        "11:01",
                        "12:03",
                        "13:24",
                        "14:25"
                    ],
                    "ср": [
                        "07:16",
                        "08:31",
                        "09:54",
                        "11:01",
                        "12:03",
                        "13:24",
                        "14:25"
                    ],
                    "чт": [
                        "07:16",
                        "08:31",
                        "09:54",
                        "11:01",
                        "12:03",
                        "13:24",
                        "14:25"
                    ],
                    "пт": [
                        "07:16",
                        "08:31",
                        "09:54",
                        "11:01",
                        "12:03",
                        "13:24",
                        "14:25"
                    ],
                    "сб": [],
                    "вс": []
                }
            },
            "Магистральная": {
                "id": "54181",
                "schedule": {
                    "пн": [
                        "07:17",
                        "08:32",
                        "09:55",
                        "11:02",
                        "12:04",
                        "13:25",
                        "14:26"
                    ],
                    "вт": [
                        "07:17",
                        "08:32",
                        "09:55",
                        "11:02",
                        "12:04",
                        "13:25",
                        "14:26"
                    ],
                    "ср": [
                        "07:17",
                        "08:32",
                        "09:55",
                        "11:02",
                        "12:04",
                        "13:25",
                        "14:26"
                    ],
                    "чт": [
                        "07:17",
                        "08:32",
                        "09:55",
                        "11:02",
                        "12:04",
                        "13:25",
                        "14:26"
                    ],
                    "пт": [
                        "07:17",
                        "08:32",
                        "09:55",
                        "11:02",
                        "12:04",
                        "13:25",
                        "14:26"
                    ],
                    "сб": [],
                    "вс": []
                }
            },
            "Ивановского": {
                "id": "5561",
                "schedule": {
                    "пн": [
                        "07:18",
                        "08:33",
                        "09:56",
                        "11:03",
                        "12:05",
                        "13:26",
                        "14:27"
                    ],
                    "вт": [
                        "07:18",
                        "08:33",
                        "09:56",
                        "11:03",
                        "12:05",
                        "13:26",
                        "14:27"
                    ],
                    "ср": [
                        "07:18",
                        "08:33",
                        "09:56",
                        "11:03",
                        "12:05",
                        "13:26",
                        "14:27"
                    ],
                    "чт": [
                        "07:18",
                        "08:33",
                        "09:56",
                        "11:03",
                        "12:05",
                        "13:26",
                        "14:27"
                    ],
                    "пт": [
                        "07:18",
                        "08:33",
                        "09:56",
                        "11:03",
                        "12:05",
                        "13:26",
                        "14:27"
                    ],
                    "сб": [],
                    "вс": []
                }
            }
        },
        "Отправления с остановки": {
            "Ивановского": {
                "id": "5424",
                "schedule": {
                    "пн": [
                        "15:41",
                        "16:40",
                        "17:50"
                    ],
                    "вт": [
                        "15:41",
                        "16:40",
                        "17:50"
                    ],
                    "ср": [
                        "15:41",
                        "16:40",
                        "17:50"
                    ],
                    "чт": [
                        "15:41",
                        "16:40",
                        "17:50"
                    ],
                    "пт": [
                        "15:41",
                        "16:40",
                        "17:50"
                    ],
                    "сб": [],
                    "вс": []
                }
            },
            "Магистральная": {
                "id": "45065",
                "schedule": {
                    "пн": [
                        "15:42",
                        "16:41",
                        "17:51"
                    ],
                    "вт": [
                        "15:42",
                        "16:41",
                        "17:51"
                    ],
                    "ср": [
                        "15:42",
                        "16:41",
                        "17:51"
                    ],
                    "чт": [
                        "15:42",
                        "16:41",
                        "17:51"
                    ],
                    "пт": [
                        "15:42",
                        "16:41",
                        "17:51"
                    ],
                    "сб": [],
                    "вс": []
                }
            },
            "Кадетское училище": {
                "id": "61037",
                "schedule": {
                    "пн": [
                        "15:43",
                        "16:42",
                        "17:52"
                    ],
                    "вт": [
                        "15:43",
                        "16:42",
                        "17:52"
                    ],
                    "ср": [
                        "15:43",
                        "16:42",
                        "17:52"
                    ],
                    "чт": [
                        "15:43",
                        "16:42",
                        "17:52"
                    ],
                    "пт": [
                        "15:43",
                        "16:42",
                        "17:52"
                    ],
                    "сб": [],
                    "вс": []
                }
            },
            "Суворова": {
                "id": "5577",
                "schedule": {
                    "пн": [
                        "15:44",
                        "16:43",
                        "17:53"
                    ],
                    "вт": [
                        "15:44",
                        "16:43",
                        "17:53"
                    ],
                    "ср": [
                        "15:44",
                        "16:43",
                        "17:53"
                    ],
                    "чт": [
                        "15:44",
                        "16:43",
                        "17:53"
                    ],
                    "пт": [
                        "15:44",
                        "16:43",
                        "17:53"
                    ],
                    "сб": [],
                    "вс": []
                }
            },
            "Пушкина": {
                "id": "5585",
                "schedule": {
                    "пн": [
                        "15:45",
                        "16:44",
                        "17:54"
                    ],
                    "вт": [
                        "15:45",
                        "16:44",
                        "17:54"
                    ],
                    "ср": [
                        "15:45",
                        "16:44",
                        "17:54"
                    ],
                    "чт": [
                        "15:45",
                        "16:44",
                        "17:54"
                    ],
                    "пт": [
                        "15:45",
                        "16:44",
                        "17:54"
                    ],
                    "сб": [],
                    "вс": []
                }
            },
            "Советская": {
                "id": "5547",
                "schedule": {
                    "пн": [
                        "15:47",
                        "16:46",
                        "17:56"
                    ],
                    "вт": [
                        "15:47",
                        "16:46",
                        "17:56"
                    ],
                    "ср": [
                        "15:47",
                        "16:46",
                        "17:56"
                    ],
                    "чт": [
                        "15:47",
                        "16:46",
                        "17:56"
                    ],
                    "пт": [
                        "15:47",
                        "16:46",
                        "17:56"
                    ],
                    "сб": [],
                    "вс": []
                }
            },
            "Молодёжный центр": {
                "id": "5503",
                "schedule": {
                    "пн": [
                        "15:49",
                        "16:48",
                        "17:58"
                    ],
                    "вт": [
                        "15:49",
                        "16:48",
                        "17:58"
                    ],
                    "ср": [
                        "15:49",
                        "16:48",
                        "17:58"
                    ],
                    "чт": [
                        "15:49",
                        "16:48",
                        "17:58"
                    ],
                    "пт": [
                        "15:49",
                        "16:48",
                        "17:58"
                    ],
                    "сб": [],
                    "вс": []
                }
            },
            "Дом культуры": {
                "id": "5384",
                "schedule": {
                    "пн": [
                        "15:51",
                        "16:50",
                        "18:00"
                    ],
                    "вт": [
                        "15:51",
                        "16:50",
                        "18:00"
                    ],
                    "ср": [
                        "15:51",
                        "16:50",
                        "18:00"
                    ],
                    "чт": [
                        "15:51",
                        "16:50",
                        "18:00"
                    ],
                    "пт": [
                        "15:51",
                        "16:50",
                        "18:00"
                    ],
                    "сб": [],
                    "вс": []
                }
            },
            "Копыльская": {
                "id": "5513",
                "schedule": {
                    "пн": [
                        "15:53",
                        "16:52",
                        "18:02"
                    ],
                    "вт": [
                        "15:53",
                        "16:52",
                        "18:02"
                    ],
                    "ср": [
                        "15:53",
                        "16:52",
                        "18:02"
                    ],
                    "чт": [
                        "15:53",
                        "16:52",
                        "18:02"
                    ],
                    "пт": [
                        "15:53",
                        "16:52",
                        "18:02"
                    ],
                    "сб": [],
                    "вс": []
                }
            },
            "Рынок": {
                "id": "5596",
                "schedule": {
                    "пн": [
                        "15:55",
                        "16:54",
                        "18:04"
                    ],
                    "вт": [
                        "15:55",
                        "16:54",
                        "18:04"
                    ],
                    "ср": [
                        "15:55",
                        "16:54",
                        "18:04"
                    ],
                    "чт": [
                        "15:55",
                        "16:54",
                        "18:04"
                    ],
                    "пт": [
                        "15:55",
                        "16:54",
                        "18:04"
                    ],
                    "сб": [],
                    "вс": []
                }
            },
            "Медицинский колледж": {
                "id": "5626",
                "schedule": {
                    "пн": [
                        "15:58",
                        "16:57",
                        "18:07"
                    ],
                    "вт": [
                        "15:58",
                        "16:57",
                        "18:07"
                    ],
                    "ср": [
                        "15:58",
                        "16:57",
                        "18:07"
                    ],
                    "чт": [
                        "15:58",
                        "16:57",
                        "18:07"
                    ],
                    "пт": [
                        "15:58",
                        "16:57",
                        "18:07"
                    ],
                    "сб": [],
                    "вс": []
                }
            },
            "Школа № 2": {
                "id": "5562",
                "schedule": {
                    "пн": [
                        "16:00",
                        "16:59",
                        "18:09"
                    ],
                    "вт": [
                        "16:00",
                        "16:59",
                        "18:09"
                    ],
                    "ср": [
                        "16:00",
                        "16:59",
                        "18:09"
                    ],
                    "чт": [
                        "16:00",
                        "16:59",
                        "18:09"
                    ],
                    "пт": [
                        "16:00",
                        "16:59",
                        "18:09"
                    ],
                    "сб": [],
                    "вс": []
                }
            },
            "Городок": {
                "id": "34466",
                "schedule": {
                    "пн": [
                        "16:01",
                        "17:00",
                        "18:10"
                    ],
                    "вт": [
                        "16:01",
                        "17:00",
                        "18:10"
                    ],
                    "ср": [
                        "16:01",
                        "17:00",
                        "18:10"
                    ],
                    "чт": [
                        "16:01",
                        "17:00",
                        "18:10"
                    ],
                    "пт": [
                        "16:01",
                        "17:00",
                        "18:10"
                    ],
                    "сб": [],
                    "вс": []
                }
            },
            "Майский посад": {
                "id": "34478",
                "schedule": {
                    "пн": [
                        "16:02",
                        "17:01",
                        "18:11"
                    ],
                    "вт": [
                        "16:02",
                        "17:01",
                        "18:11"
                    ],
                    "ср": [
                        "16:02",
                        "17:01",
                        "18:11"
                    ],
                    "чт": [
                        "16:02",
                        "17:01",
                        "18:11"
                    ],
                    "пт": [
                        "16:02",
                        "17:01",
                        "18:11"
                    ],
                    "сб": [],
                    "вс": []
                }
            },
            "Сыродельный комбинат": {
                "id": "34503",
                "schedule": {
                    "пн": [
                        "16:04",
                        "17:03",
                        "18:13"
                    ],
                    "вт": [
                        "16:04",
                        "17:03",
                        "18:13"
                    ],
                    "ср": [
                        "16:04",
                        "17:03",
                        "18:13"
                    ],
                    "чт": [
                        "16:04",
                        "17:03",
                        "18:13"
                    ],
                    "пт": [
                        "16:04",
                        "17:03",
                        "18:13"
                    ],
                    "сб": [],
                    "вс": []
                }
            },
            "Сахарный комбинат": {
                "id": "34402",
                "schedule": {
                    "пн": [
                        "16:05",
                        "17:04",
                        "18:14"
                    ],
                    "вт": [
                        "16:05",
                        "17:04",
                        "18:14"
                    ],
                    "ср": [
                        "16:05",
                        "17:04",
                        "18:14"
                    ],
                    "чт": [
                        "16:05",
                        "17:04",
                        "18:14"
                    ],
                    "пт": [
                        "16:05",
                        "17:04",
                        "18:14"
                    ],
                    "сб": [],
                    "вс": []
                }
            },
            "Тутаринова": {
                "id": "34362",
                "schedule": {
                    "пн": [
                        "16:07",
                        "17:06",
                        "18:16"
                    ],
                    "вт": [
                        "16:07",
                        "17:06",
                        "18:16"
                    ],
                    "ср": [
                        "16:07",
                        "17:06",
                        "18:16"
                    ],
                    "чт": [
                        "16:07",
                        "17:06",
                        "18:16"
                    ],
                    "пт": [
                        "16:07",
                        "17:06",
                        "18:16"
                    ],
                    "сб": [],
                    "вс": []
                }
            },
            "Мясокомбинат": {
                "id": "34544",
                "schedule": {
                    "пн": [
                        "16:08",
                        "17:07",
                        "18:17"
                    ],
                    "вт": [
                        "16:08",
                        "17:07",
                        "18:17"
                    ],
                    "ср": [
                        "16:08",
                        "17:07",
                        "18:17"
                    ],
                    "чт": [
                        "16:08",
                        "17:07",
                        "18:17"
                    ],
                    "пт": [
                        "16:08",
                        "17:07",
                        "18:17"
                    ],
                    "сб": [],
                    "вс": []
                }
            }
        }
    }
}