{
    "21з": {
        "Автобус №21з‍": {
            "Мясокомбинат": {
                "id": "34544",
                "schedule": {
                    "пн": [
                        "15:15",
                        "16:14",
                        "17:24"
                    ],
                    "вт": [
                        "15:15",
                        "16:14",
                        "17:24"
                    ],
                    "ср": [
                        "15:15",
                        "16:14",
                        "17:24"
                    ],
                    "чт": [
                        "15:15",
                        "16:14",
                        "17:24"
                    ],
                    "пт": [
                        "15:15",
                        "16:14",
                        "17:24"
                    ],
                    "сб": [],
                    "вс": []
                }
            },
            "Тутаринова": {
                "id": "34556",
                "schedule": {
                    "пн": [
                        "15:16",
                        "16:15",
                        "17:25"
                    ],
                    "вт": [
                        "15:16",
                        "16:15",
                        "17:25"
                    ],
                    "ср": [
                        "15:16",
                        "16:15",
                        "17:25"
                    ],
                    "чт": [
                        "15:16",
                        "16:15",
                        "17:25"
                    ],
                    "пт": [
                        "15:16",
                        "16:15",
                        "17:25"
                    ],
                    "сб": [],
                    "вс": []
                }
            },
            "Сахарный комбинат": {
                "id": "34479",
                "schedule": {
                    "пн": [
                        "15:18",
                        "16:17",
                        "17:27"
                    ],
                    "вт": [
                        "15:18",
                        "16:17",
                        "17:27"
                    ],
                    "ср": [
                        "15:18",
                        "16:17",
                        "17:27"
                    ],
                    "чт": [
                        "15:18",
                        "16:17",
                        "17:27"
                    ],
                    "пт": [
                        "15:18",
                        "16:17",
                        "17:27"
                    ],
                    "сб": [],
                    "вс": []
                }
            },
            "Сыродельный комбинат": {
                "id": "34413",
                "schedule": {
                    "пн": [
                        "15:19",
                        "16:18",
                        "17:28"
                    ],
                    "вт": [
                        "15:19",
                        "16:18",
                        "17:28"
                    ],
                    "ср": [
                        "15:19",
                        "16:18",
                        "17:28"
                    ],
                    "чт": [
                        "15:19",
                        "16:18",
                        "17:28"
                    ],
                    "пт": [
                        "15:19",
                        "16:18",
                        "17:28"
                    ],
                    "сб": [],
                    "вс": []
                }
            },
            "Майский посад": {
                "id": "34541",
                "schedule": {
                    "пн": [
                        "15:20",
                        "16:19",
                        "17:29"
                    ],
                    "вт": [
                        "15:20",
                        "16:19",
                        "17:29"
                    ],
                    "ср": [
                        "15:20",
                        "16:19",
                        "17:29"
                    ],
                    "чт": [
                        "15:20",
                        "16:19",
                        "17:29"
                    ],
                    "пт": [
                        "15:20",
                        "16:19",
                        "17:29"
                    ],
                    "сб": [],
                    "вс": []
                }
            },
            "Городок": {
                "id": "5376",
                "schedule": {
                    "пн": [
                        "15:22",
                        "16:21",
                        "17:31"
                    ],
                    "вт": [
                        "15:22",
                        "16:21",
                        "17:31"
                    ],
                    "ср": [
                        "15:22",
                        "16:21",
                        "17:31"
                    ],
                    "чт": [
                        "15:22",
                        "16:21",
                        "17:31"
                    ],
                    "пт": [
                        "15:22",
                        "16:21",
                        "17:31"
                    ],
                    "сб": [],
                    "вс": []
                }
            },
            "Школа № 2": {
                "id": "5429",
                "schedule": {
                    "пн": [
                        "15:23",
                        "16:22",
                        "17:32"
                    ],
                    "вт": [
                        "15:23",
                        "16:22",
                        "17:32"
                    ],
                    "ср": [
                        "15:23",
                        "16:22",
                        "17:32"
                    ],
                    "чт": [
                        "15:23",
                        "16:22",
                        "17:32"
                    ],
                    "пт": [
                        "15:23",
                        "16:22",
                        "17:32"
                    ],
                    "сб": [],
                    "вс": []
                }
            },
            "Медицинский колледж": {
                "id": "5537",
                "schedule": {
                    "пн": [
                        "15:25",
                        "16:24",
                        "17:34"
                    ],
                    "вт": [
                        "15:25",
                        "16:24",
                        "17:34"
                    ],
                    "ср": [
                        "15:25",
                        "16:24",
                        "17:34"
                    ],
                    "чт": [
                        "15:25",
                        "16:24",
                        "17:34"
                    ],
                    "пт": [
                        "15:25",
                        "16:24",
                        "17:34"
                    ],
                    "сб": [],
                    "вс": []
                }
            },
            "Рынок": {
                "id": "5584",
                "schedule": {
                    "пн": [
                        "15:28",
                        "16:27",
                        "17:37"
                    ],
                    "вт": [
                        "15:28",
                        "16:27",
                        "17:37"
                    ],
                    "ср": [
                        "15:28",
                        "16:27",
                        "17:37"
                    ],
                    "чт": [
                        "15:28",
                        "16:27",
                        "17:37"
                    ],
                    "пт": [
                        "15:28",
                        "16:27",
                        "17:37"
                    ],
                    "сб": [],
                    "вс": []
                }
            },
            "Аптека № 80": {
                "id": "5553",
                "schedule": {
                    "пн": [
                        "15:30",
                        "16:29",
                        "17:39"
                    ],
                    "вт": [
                        "15:30",
                        "16:29",
                        "17:39"
                    ],
                    "ср": [
                        "15:30",
                        "16:29",
                        "17:39"
                    ],
                    "чт": [
                        "15:30",
                        "16:29",
                        "17:39"
                    ],
                    "пт": [
                        "15:30",
                        "16:29",
                        "17:39"
                    ],
                    "сб": [],
                    "вс": []
                }
            },
            "Дом культуры": {
                "id": "5451",
                "schedule": {
                    "пн": [
                        "15:32",
                        "16:31",
                        "17:41"
                    ],
                    "вт": [
                        "15:32",
                        "16:31",
                        "17:41"
                    ],
                    "ср": [
                        "15:32",
                        "16:31",
                        "17:41"
                    ],
                    "чт": [
                        "15:32",
                        "16:31",
                        "17:41"
                    ],
                    "пт": [
                        "15:32",
                        "16:31",
                        "17:41"
                    ],
                    "сб": [],
                    "вс": []
                }
            },
            "1 Августа": {
                "id": "5413",
                "schedule": {
                    "пн": [
                        "15:35",
                        "16:34",
                        "17:44"
                    ],
                    "вт": [
                        "15:35",
                        "16:34",
                        "17:44"
                    ],
                    "ср": [
                        "15:35",
                        "16:34",
                        "17:44"
                    ],
                    "чт": [
                        "15:35",
                        "16:34",
                        "17:44"
                    ],
                    "пт": [
                        "15:35",
                        "16:34",
                        "17:44"
                    ],
                    "сб": [],
                    "вс": []
                }
            },
            "Зелёная": {
                "id": "5533",
                "schedule": {
                    "пн": [
                        "15:37",
                        "16:36",
                        "17:46"
                    ],
                    "вт": [
                        "15:37",
                        "16:36",
                        "17:46"
                    ],
                    "ср": [
                        "15:37",
                        "16:36",
                        "17:46"
                    ],
                    "чт": [
                        "15:37",
                        "16:36",
                        "17:46"
                    ],
                    "пт": [
                        "15:37",
                        "16:36",
                        "17:46"
                    ],
                    "сб": [],
                    "вс": []
                }
            },
            "Микрорайон Северный": {
                "id": "5587",
                "schedule": {
                    "пн": [
                        "15:39",
                        "16:38",
                        "17:48"
                    ],
                    "вт": [
                        "15:39",
                        "16:38",
                        "17:48"
                    ],
                    "ср": [
                        "15:39",
                        "16:38",
                        "17:48"
                    ],
                    "чт": [
                        "15:39",
                        "16:38",
                        "17:48"
                    ],
                    "пт": [
                        "15:39",
                        "16:38",
                        "17:48"
                    ],
                    "сб": [],
                    "вс": []
                }
            },
            "Ивановского": {
                "id": "5424",
                "schedule": {
                    "пн": [
                        "15:40",
                        "16:39",
                        "17:49"
                    ],
                    "вт": [
                        "15:40",
                        "16:39",
                        "17:49"
                    ],
                    "ср": [
                        "15:40",
                        "16:39",
                        "17:49"
                    ],
                    "чт": [
                        "15:40",
                        "16:39",
                        "17:49"
                    ],
                    "пт": [
                        "15:40",
                        "16:39",
                        "17:49"
                    ],
                    "сб": [],
                    "вс": []
                }
            }
        },
        "Отправления с остановки": {
            "Ивановского": {
                "id": "5561",
                "schedule": {
                    "пн": [
                        "07:20",
                        "08:35",
                        "09:58",
                        "11:05",
                        "12:07",
                        "13:27",
                        "14:28"
                    ],
                    "вт": [
                        "07:20",
                        "08:35",
                        "09:58",
                        "11:05",
                        "12:07",
                        "13:27",
                        "14:28"
                    ],
                    "ср": [
                        "07:20",
                        "08:35",
                        "09:58",
                        "11:05",
                        "12:07",
                        "13:27",
                        "14:28"
                    ],
                    "чт": [
                        "07:20",
                        "08:35",
                        "09:58",
                        "11:05",
                        "12:07",
                        "13:27",
                        "14:28"
                    ],
                    "пт": [
                        "07:20",
                        "08:35",
                        "09:58",
                        "11:05",
                        "12:07",
                        "13:27",
                        "14:28"
                    ],
                    "сб": [],
                    "вс": []
                }
            },
            "Микрорайон Северный": {
                "id": "5541",
                "schedule": {
                    "пн": [
                        "07:22",
                        "08:37",
                        "10:00",
                        "11:07",
                        "12:09",
                        "13:29",
                        "14:30"
                    ],
                    "вт": [
                        "07:22",
                        "08:37",
                        "10:00",
                        "11:07",
                        "12:09",
                        "13:29",
                        "14:30"
                    ],
                    "ср": [
                        "07:22",
                        "08:37",
                        "10:00",
                        "11:07",
                        "12:09",
                        "13:29",
                        "14:30"
                    ],
                    "чт": [
                        "07:22",
                        "08:37",
                        "10:00",
                        "11:07",
                        "12:09",
                        "13:29",
                        "14:30"
                    ],
                    "пт": [
                        "07:22",
                        "08:37",
                        "10:00",
                        "11:07",
                        "12:09",
                        "13:29",
                        "14:30"
                    ],
                    "сб": [],
                    "вс": []
                }
            },
            "Борисовца": {
                "id": "5398",
                "schedule": {
                    "пн": [
                        "07:24",
                        "08:39",
                        "10:02",
                        "11:09",
                        "12:11",
                        "13:31",
                        "14:32"
                    ],
                    "вт": [
                        "07:24",
                        "08:39",
                        "10:02",
                        "11:09",
                        "12:11",
                        "13:31",
                        "14:32"
                    ],
                    "ср": [
                        "07:24",
                        "08:39",
                        "10:02",
                        "11:09",
                        "12:11",
                        "13:31",
                        "14:32"
                    ],
                    "чт": [
                        "07:24",
                        "08:39",
                        "10:02",
                        "11:09",
                        "12:11",
                        "13:31",
                        "14:32"
                    ],
                    "пт": [
                        "07:24",
                        "08:39",
                        "10:02",
                        "11:09",
                        "12:11",
                        "13:31",
                        "14:32"
                    ],
                    "сб": [],
                    "вс": []
                }
            },
            "Зелёная": {
                "id": "5586",
                "schedule": {
                    "пн": [
                        "07:25",
                        "08:40",
                        "10:03",
                        "11:10",
                        "12:12",
                        "13:32",
                        "14:33"
                    ],
                    "вт": [
                        "07:25",
                        "08:40",
                        "10:03",
                        "11:10",
                        "12:12",
                        "13:32",
                        "14:33"
                    ],
                    "ср": [
                        "07:25",
                        "08:40",
                        "10:03",
                        "11:10",
                        "12:12",
                        "13:32",
                        "14:33"
                    ],
                    "чт": [
                        "07:25",
                        "08:40",
                        "10:03",
                        "11:10",
                        "12:12",
                        "13:32",
                        "14:33"
                    ],
                    "пт": [
                        "07:25",
                        "08:40",
                        "10:03",
                        "11:10",
                        "12:12",
                        "13:32",
                        "14:33"
                    ],
                    "сб": [],
                    "вс": []
                }
            },
            "1 Августа": {
                "id": "5532",
                "schedule": {
                    "пн": [
                        "07:26",
                        "08:41",
                        "10:04",
                        "11:11",
                        "12:13",
                        "13:33",
                        "14:34"
                    ],
                    "вт": [
                        "07:26",
                        "08:41",
                        "10:04",
                        "11:11",
                        "12:13",
                        "13:33",
                        "14:34"
                    ],
                    "ср": [
                        "07:26",
                        "08:41",
                        "10:04",
                        "11:11",
                        "12:13",
                        "13:33",
                        "14:34"
                    ],
                    "чт": [
                        "07:26",
                        "08:41",
                        "10:04",
                        "11:11",
                        "12:13",
                        "13:33",
                        "14:34"
                    ],
                    "пт": [
                        "07:26",
                        "08:41",
                        "10:04",
                        "11:11",
                        "12:13",
                        "13:33",
                        "14:34"
                    ],
                    "сб": [],
                    "вс": []
                }
            },
            "Молодёжный центр": {
                "id": "5503",
                "schedule": {
                    "пн": [
                        "07:28",
                        "08:43",
                        "10:06",
                        "11:13",
                        "12:15",
                        "13:35",
                        "14:36"
                    ],
                    "вт": [
                        "07:28",
                        "08:43",
                        "10:06",
                        "11:13",
                        "12:15",
                        "13:35",
                        "14:36"
                    ],
                    "ср": [
                        "07:28",
                        "08:43",
                        "10:06",
                        "11:13",
                        "12:15",
                        "13:35",
                        "14:36"
                    ],
                    "чт": [
                        "07:28",
                        "08:43",
                        "10:06",
                        "11:13",
                        "12:15",
                        "13:35",
                        "14:36"
                    ],
                    "пт": [
                        "07:28",
                        "08:43",
                        "10:06",
                        "11:13",
                        "12:15",
                        "13:35",
                        "14:36"
                    ],
                    "сб": [],
                    "вс": []
                }
            },
            "Дом культуры": {
                "id": "5384",
                "schedule": {
                    "пн": [
                        "07:30",
                        "08:45",
                        "10:08",
                        "11:15",
                        "12:17",
                        "13:37",
                        "14:38"
                    ],
                    "вт": [
                        "07:30",
                        "08:45",
                        "10:08",
                        "11:15",
                        "12:17",
                        "13:37",
                        "14:38"
                    ],
                    "ср": [
                        "07:30",
                        "08:45",
                        "10:08",
                        "11:15",
                        "12:17",
                        "13:37",
                        "14:38"
                    ],
                    "чт": [
                        "07:30",
                        "08:45",
                        "10:08",
                        "11:15",
                        "12:17",
                        "13:37",
                        "14:38"
                    ],
                    "пт": [
                        "07:30",
                        "08:45",
                        "10:08",
                        "11:15",
                        "12:17",
                        "13:37",
                        "14:38"
                    ],
                    "сб": [],
                    "вс": []
                }
            },
            "Копыльская": {
                "id": "5513",
                "schedule": {
                    "пн": [
                        "07:32",
                        "08:47",
                        "10:10",
                        "11:17",
                        "12:19",
                        "13:39",
                        "14:40"
                    ],
                    "вт": [
                        "07:32",
                        "08:47",
                        "10:10",
                        "11:17",
                        "12:19",
                        "13:39",
                        "14:40"
                    ],
                    "ср": [
                        "07:32",
                        "08:47",
                        "10:10",
                        "11:17",
                        "12:19",
                        "13:39",
                        "14:40"
                    ],
                    "чт": [
                        "07:32",
                        "08:47",
                        "10:10",
                        "11:17",
                        "12:19",
                        "13:39",
                        "14:40"
                    ],
                    "пт": [
                        "07:32",
                        "08:47",
                        "10:10",
                        "11:17",
                        "12:19",
                        "13:39",
                        "14:40"
                    ],
                    "сб": [],
                    "вс": []
                }
            },
            "Рынок": {
                "id": "5596",
                "schedule": {
                    "пн": [
                        "07:34",
                        "08:49",
                        "10:12",
                        "11:19",
                        "12:21",
                        "13:41",
                        "14:42"
                    ],
                    "вт": [
                        "07:34",
                        "08:49",
                        "10:12",
                        "11:19",
                        "12:21",
                        "13:41",
                        "14:42"
                    ],
                    "ср": [
                        "07:34",
                        "08:49",
                        "10:12",
                        "11:19",
                        "12:21",
                        "13:41",
                        "14:42"
                    ],
                    "чт": [
                        "07:34",
                        "08:49",
                        "10:12",
                        "11:19",
                        "12:21",
                        "13:41",
                        "14:42"
                    ],
                    "пт": [
                        "07:34",
                        "08:49",
                        "10:12",
                        "11:19",
                        "12:21",
                        "13:41",
                        "14:42"
                    ],
                    "сб": [],
                    "вс": []
                }
            },
            "Медицинский колледж": {
                "id": "5626",
                "schedule": {
                    "пн": [
                        "07:37",
                        "08:52",
                        "10:15",
                        "11:22",
                        "12:24",
                        "13:44",
                        "14:45"
                    ],
                    "вт": [
                        "07:37",
                        "08:52",
                        "10:15",
                        "11:22",
                        "12:24",
                        "13:44",
                        "14:45"
                    ],
                    "ср": [
                        "07:37",
                        "08:52",
                        "10:15",
                        "11:22",
                        "12:24",
                        "13:44",
                        "14:45"
                    ],
                    "чт": [
                        "07:37",
                        "08:52",
                        "10:15",
                        "11:22",
                        "12:24",
                        "13:44",
                        "14:45"
                    ],
                    "пт": [
                        "07:37",
                        "08:52",
                        "10:15",
                        "11:22",
                        "12:24",
                        "13:44",
                        "14:45"
                    ],
                    "сб": [],
                    "вс": []
                }
            },
            "Школа № 2": {
                "id": "5562",
                "schedule": {
                    "пн": [
                        "07:39",
                        "08:54",
                        "10:17",
                        "11:24",
                        "12:26",
                        "13:46",
                        "14:47"
                    ],
                    "вт": [
                        "07:39",
                        "08:54",
                        "10:17",
                        "11:24",
                        "12:26",
                        "13:46",
                        "14:47"
                    ],
                    "ср": [
                        "07:39",
                        "08:54",
                        "10:17",
                        "11:24",
                        "12:26",
                        "13:46",
                        "14:47"
                    ],
                    "чт": [
                        "07:39",
                        "08:54",
                        "10:17",
                        "11:24",
                        "12:26",
                        "13:46",
                        "14:47"
                    ],
                    "пт": [
                        "07:39",
                        "08:54",
                        "10:17",
                        "11:24",
                        "12:26",
                        "13:46",
                        "14:47"
                    ],
                    "сб": [],
                    "вс": []
                }
            },
            "Городок": {
                "id": "34466",
                "schedule": {
                    "пн": [
                        "07:40",
                        "08:55",
                        "10:18",
                        "11:25",
                        "12:27",
                        "13:47",
                        "14:48"
                    ],
                    "вт": [
                        "07:40",
                        "08:55",
                        "10:18",
                        "11:25",
                        "12:27",
                        "13:47",
                        "14:48"
                    ],
                    "ср": [
                        "07:40",
                        "08:55",
                        "10:18",
                        "11:25",
                        "12:27",
                        "13:47",
                        "14:48"
                    ],
                    "чт": [
                        "07:40",
                        "08:55",
                        "10:18",
                        "11:25",
                        "12:27",
                        "13:47",
                        "14:48"
                    ],
                    "пт": [
                        "07:40",
                        "08:55",
                        "10:18",
                        "11:25",
                        "12:27",
                        "13:47",
                        "14:48"
                    ],
                    "сб": [],
                    "вс": []
                }
            },
            "Майский посад": {
                "id": "34478",
                "schedule": {
                    "пн": [
                        "07:41",
                        "08:56",
                        "10:19",
                        "11:26",
                        "12:28",
                        "13:48",
                        "14:49"
                    ],
                    "вт": [
                        "07:41",
                        "08:56",
                        "10:19",
                        "11:26",
                        "12:28",
                        "13:48",
                        "14:49"
                    ],
                    "ср": [
                        "07:41",
                        "08:56",
                        "10:19",
                        "11:26",
                        "12:28",
                        "13:48",
                        "14:49"
                    ],
                    "чт": [
                        "07:41",
                        "08:56",
                        "10:19",
                        "11:26",
                        "12:28",
                        "13:48",
                        "14:49"
                    ],
                    "пт": [
                        "07:41",
                        "08:56",
                        "10:19",
                        "11:26",
                        "12:28",
                        "13:48",
                        "14:49"
                    ],
                    "сб": [],
                    "вс": []
                }
            },
            "Сыродельный комбинат": {
                "id": "34503",
                "schedule": {
                    "пн": [
                        "07:43",
                        "08:58",
                        "10:21",
                        "11:28",
                        "12:30",
                        "13:50",
                        "14:51"
                    ],
                    "вт": [
                        "07:43",
                        "08:58",
                        "10:21",
                        "11:28",
                        "12:30",
                        "13:50",
                        "14:51"
                    ],
                    "ср": [
                        "07:43",
                        "08:58",
                        "10:21",
                        "11:28",
                        "12:30",
                        "13:50",
                        "14:51"
                    ],
                    "чт": [
                        "07:43",
                        "08:58",
                        "10:21",
                        "11:28",
                        "12:30",
                        "13:50",
                        "14:51"
                    ],
                    "пт": [
                        "07:43",
                        "08:58",
                        "10:21",
                        "11:28",
                        "12:30",
                        "13:50",
                        "14:51"
                    ],
                    "сб": [],
                    "вс": []
                }
            },
            "Сахарный комбинат": {
                "id": "34402",
                "schedule": {
                    "пн": [
                        "07:44",
                        "08:59",
                        "10:22",
                        "11:29",
                        "12:31",
                        "13:51",
                        "14:52"
                    ],
                    "вт": [
                        "07:44",
                        "08:59",
                        "10:22",
                        "11:29",
                        "12:31",
                        "13:51",
                        "14:52"
                    ],
                    "ср": [
                        "07:44",
                        "08:59",
                        "10:22",
                        "11:29",
                        "12:31",
                        "13:51",
                        "14:52"
                    ],
                    "чт": [
                        "07:44",
                        "08:59",
                        "10:22",
                        "11:29",
                        "12:31",
                        "13:51",
                        "14:52"
                    ],
                    "пт": [
                        "07:44",
                        "08:59",
                        "10:22",
                        "11:29",
                        "12:31",
                        "13:51",
                        "14:52"
                    ],
                    "сб": [],
                    "вс": []
                }
            },
            "Тутаринова": {
                "id": "34362",
                "schedule": {
                    "пн": [
                        "07:46",
                        "09:01",
                        "10:24",
                        "11:31",
                        "12:33",
                        "13:53",
                        "14:54"
                    ],
                    "вт": [
                        "07:46",
                        "09:01",
                        "10:24",
                        "11:31",
                        "12:33",
                        "13:53",
                        "14:54"
                    ],
                    "ср": [
                        "07:46",
                        "09:01",
                        "10:24",
                        "11:31",
                        "12:33",
                        "13:53",
                        "14:54"
                    ],
                    "чт": [
                        "07:46",
                        "09:01",
                        "10:24",
                        "11:31",
                        "12:33",
                        "13:53",
                        "14:54"
                    ],
                    "пт": [
                        "07:46",
                        "09:01",
                        "10:24",
                        "11:31",
                        "12:33",
                        "13:53",
                        "14:54"
                    ],
                    "сб": [],
                    "вс": []
                }
            },
            "Мясокомбинат": {
                "id": "34544",
                "schedule": {
                    "пн": [
                        "07:47",
                        "09:02",
                        "10:25",
                        "11:32",
                        "12:34",
                        "13:54",
                        "14:55"
                    ],
                    "вт": [
                        "07:47",
                        "09:02",
                        "10:25",
                        "11:32",
                        "12:34",
                        "13:54",
                        "14:55"
                    ],
                    "ср": [
                        "07:47",
                        "09:02",
                        "10:25",
                        "11:32",
                        "12:34",
                        "13:54",
                        "14:55"
                    ],
                    "чт": [
                        "07:47",
                        "09:02",
                        "10:25",
                        "11:32",
                        "12:34",
                        "13:54",
                        "14:55"
                    ],
                    "пт": [
                        "07:47",
                        "09:02",
                        "10:25",
                        "11:32",
                        "12:34",
                        "13:54",
                        "14:55"
                    ],
                    "сб": [],
                    "вс": []
                }
            }
        }
    }
}