{
    "2з": {
        "Мясокомбинат - Микрорайон Новодворцы": {
            "Мясокомбинат": {
                "id": "34544",
                "schedule": {
                    "пн": [],
                    "вт": [],
                    "ср": [],
                    "чт": [],
                    "пт": [],
                    "сб": [
                        "21:35"
                    ],
                    "вс": [
                        "21:35"
                    ]
                }
            },
            "Тутаринова": {
                "id": "34556",
                "schedule": {
                    "пн": [],
                    "вт": [],
                    "ср": [],
                    "чт": [],
                    "пт": [],
                    "сб": [
                        "21:36"
                    ],
                    "вс": [
                        "21:36"
                    ]
                }
            },
            "Сахарный комбинат": {
                "id": "34479",
                "schedule": {
                    "пн": [],
                    "вт": [],
                    "ср": [],
                    "чт": [],
                    "пт": [],
                    "сб": [
                        "21:38"
                    ],
                    "вс": [
                        "21:38"
                    ]
                }
            },
            "Автобусный парк №2": {
                "id": "34519",
                "schedule": {
                    "пн": [],
                    "вт": [],
                    "ср": [],
                    "чт": [],
                    "пт": [],
                    "сб": [
                        "21:40"
                    ],
                    "вс": [
                        "21:40"
                    ]
                }
            },
            "Сыродельный комбинат": {
                "id": "34413",
                "schedule": {
                    "пн": [],
                    "вт": [],
                    "ср": [],
                    "чт": [],
                    "пт": [],
                    "сб": [
                        "21:42"
                    ],
                    "вс": [
                        "21:42"
                    ]
                }
            },
            "Майский посад": {
                "id": "34541",
                "schedule": {
                    "пн": [],
                    "вт": [],
                    "ср": [],
                    "чт": [],
                    "пт": [],
                    "сб": [
                        "21:43"
                    ],
                    "вс": [
                        "21:43"
                    ]
                }
            },
            "Городок": {
                "id": "5376",
                "schedule": {
                    "пн": [],
                    "вт": [],
                    "ср": [],
                    "чт": [],
                    "пт": [],
                    "сб": [
                        "21:45"
                    ],
                    "вс": [
                        "21:45"
                    ]
                }
            },
            "Школа № 2": {
                "id": "5429",
                "schedule": {
                    "пн": [],
                    "вт": [],
                    "ср": [],
                    "чт": [],
                    "пт": [],
                    "сб": [
                        "21:46"
                    ],
                    "вс": [
                        "21:46"
                    ]
                }
            },
            "Медицинский колледж": {
                "id": "5537",
                "schedule": {
                    "пн": [],
                    "вт": [],
                    "ср": [],
                    "чт": [],
                    "пт": [],
                    "сб": [
                        "21:48"
                    ],
                    "вс": [
                        "21:48"
                    ]
                }
            },
            "Рынок": {
                "id": "5584",
                "schedule": {
                    "пн": [],
                    "вт": [],
                    "ср": [],
                    "чт": [],
                    "пт": [],
                    "сб": [
                        "21:51"
                    ],
                    "вс": [
                        "21:51"
                    ]
                }
            },
            "Аптека № 80": {
                "id": "5553",
                "schedule": {
                    "пн": [],
                    "вт": [],
                    "ср": [],
                    "чт": [],
                    "пт": [],
                    "сб": [
                        "21:53"
                    ],
                    "вс": [
                        "21:53"
                    ]
                }
            },
            "Слуцкие Пояса": {
                "id": "13779",
                "schedule": {
                    "пн": [],
                    "вт": [],
                    "ср": [],
                    "чт": [],
                    "пт": [],
                    "сб": [
                        "21:56"
                    ],
                    "вс": [
                        "21:56"
                    ]
                }
            },
            "Проектный институт": {
                "id": "13733",
                "schedule": {
                    "пн": [],
                    "вт": [],
                    "ср": [],
                    "чт": [],
                    "пт": [],
                    "сб": [
                        "21:57"
                    ],
                    "вс": [
                        "21:57"
                    ]
                }
            },
            "Уреченская": {
                "id": "13753",
                "schedule": {
                    "пн": [],
                    "вт": [],
                    "ср": [],
                    "чт": [],
                    "пт": [],
                    "сб": [
                        "21:58"
                    ],
                    "вс": [
                        "21:58"
                    ]
                }
            },
            "Экологический центр": {
                "id": "51629",
                "schedule": {
                    "пн": [],
                    "вт": [],
                    "ср": [],
                    "чт": [],
                    "пт": [],
                    "сб": [
                        "22:00"
                    ],
                    "вс": [
                        "22:00"
                    ]
                }
            },
            "Дружная": {
                "id": "51495",
                "schedule": {
                    "пн": [],
                    "вт": [],
                    "ср": [],
                    "чт": [],
                    "пт": [],
                    "сб": [
                        "22:01"
                    ],
                    "вс": [
                        "22:01"
                    ]
                }
            },
            "Любанская": {
                "id": "51506",
                "schedule": {
                    "пн": [],
                    "вт": [],
                    "ср": [],
                    "чт": [],
                    "пт": [],
                    "сб": [
                        "22:03"
                    ],
                    "вс": [
                        "22:03"
                    ]
                }
            },
            "Микрорайон Новодворцы": {
                "id": "51577",
                "schedule": {
                    "пн": [],
                    "вт": [],
                    "ср": [],
                    "чт": [],
                    "пт": [],
                    "сб": [
                        "22:04"
                    ],
                    "вс": [
                        "22:04"
                    ]
                }
            }
        },
        "": {}
    }
}