{
    "2н": {
        "Мясокомбинат - Микрорайон Новодворцы": {
            "Мясокомбинат": {
                "id": "34544",
                "schedule": {
                    "пн": [
                        "08:50",
                        "09:35",
                        "14:06",
                        "15:10",
                        "17:54",
                        "18:36",
                        "20:30",
                        "21:17",
                        "22:43"
                    ],
                    "вт": [
                        "08:50",
                        "09:35",
                        "14:06",
                        "15:10",
                        "17:54",
                        "18:36",
                        "20:30",
                        "21:17",
                        "22:43"
                    ],
                    "ср": [
                        "08:50",
                        "09:35",
                        "14:06",
                        "15:10",
                        "17:54",
                        "18:36",
                        "20:30",
                        "21:17",
                        "22:43"
                    ],
                    "чт": [
                        "08:50",
                        "09:35",
                        "14:06",
                        "15:10",
                        "17:54",
                        "18:36",
                        "20:30",
                        "21:17",
                        "22:43"
                    ],
                    "пт": [
                        "08:50",
                        "09:35",
                        "14:06",
                        "15:10",
                        "17:54",
                        "18:36",
                        "20:30",
                        "21:17",
                        "22:43"
                    ],
                    "сб": [],
                    "вс": []
                }
            },
            "Тутаринова": {
                "id": "34556",
                "schedule": {
                    "пн": [
                        "08:51",
                        "09:36",
                        "14:07",
                        "15:11",
                        "17:55",
                        "18:37",
                        "20:31",
                        "21:18",
                        "22:44"
                    ],
                    "вт": [
                        "08:51",
                        "09:36",
                        "14:07",
                        "15:11",
                        "17:55",
                        "18:37",
                        "20:31",
                        "21:18",
                        "22:44"
                    ],
                    "ср": [
                        "08:51",
                        "09:36",
                        "14:07",
                        "15:11",
                        "17:55",
                        "18:37",
                        "20:31",
                        "21:18",
                        "22:44"
                    ],
                    "чт": [
                        "08:51",
                        "09:36",
                        "14:07",
                        "15:11",
                        "17:55",
                        "18:37",
                        "20:31",
                        "21:18",
                        "22:44"
                    ],
                    "пт": [
                        "08:51",
                        "09:36",
                        "14:07",
                        "15:11",
                        "17:55",
                        "18:37",
                        "20:31",
                        "21:18",
                        "22:44"
                    ],
                    "сб": [],
                    "вс": []
                }
            },
            "Сахарный комбинат": {
                "id": "34479",
                "schedule": {
                    "пн": [
                        "08:53",
                        "09:38",
                        "14:09",
                        "15:13",
                        "17:57",
                        "18:39",
                        "20:33",
                        "21:20",
                        "22:46"
                    ],
                    "вт": [
                        "08:53",
                        "09:38",
                        "14:09",
                        "15:13",
                        "17:57",
                        "18:39",
                        "20:33",
                        "21:20",
                        "22:46"
                    ],
                    "ср": [
                        "08:53",
                        "09:38",
                        "14:09",
                        "15:13",
                        "17:57",
                        "18:39",
                        "20:33",
                        "21:20",
                        "22:46"
                    ],
                    "чт": [
                        "08:53",
                        "09:38",
                        "14:09",
                        "15:13",
                        "17:57",
                        "18:39",
                        "20:33",
                        "21:20",
                        "22:46"
                    ],
                    "пт": [
                        "08:53",
                        "09:38",
                        "14:09",
                        "15:13",
                        "17:57",
                        "18:39",
                        "20:33",
                        "21:20",
                        "22:46"
                    ],
                    "сб": [],
                    "вс": []
                }
            },
            "Сыродельный комбинат": {
                "id": "34413",
                "schedule": {
                    "пн": [
                        "08:54",
                        "09:39",
                        "14:10",
                        "15:14",
                        "17:58",
                        "18:40",
                        "20:34",
                        "21:21",
                        "22:47"
                    ],
                    "вт": [
                        "08:54",
                        "09:39",
                        "14:10",
                        "15:14",
                        "17:58",
                        "18:40",
                        "20:34",
                        "21:21",
                        "22:47"
                    ],
                    "ср": [
                        "08:54",
                        "09:39",
                        "14:10",
                        "15:14",
                        "17:58",
                        "18:40",
                        "20:34",
                        "21:21",
                        "22:47"
                    ],
                    "чт": [
                        "08:54",
                        "09:39",
                        "14:10",
                        "15:14",
                        "17:58",
                        "18:40",
                        "20:34",
                        "21:21",
                        "22:47"
                    ],
                    "пт": [
                        "08:54",
                        "09:39",
                        "14:10",
                        "15:14",
                        "17:58",
                        "18:40",
                        "20:34",
                        "21:21",
                        "22:47"
                    ],
                    "сб": [],
                    "вс": []
                }
            },
            "Майский посад": {
                "id": "34541",
                "schedule": {
                    "пн": [
                        "08:55",
                        "09:40",
                        "14:11",
                        "15:15",
                        "17:59",
                        "18:41",
                        "20:35",
                        "21:22",
                        "22:48"
                    ],
                    "вт": [
                        "08:55",
                        "09:40",
                        "14:11",
                        "15:15",
                        "17:59",
                        "18:41",
                        "20:35",
                        "21:22",
                        "22:48"
                    ],
                    "ср": [
                        "08:55",
                        "09:40",
                        "14:11",
                        "15:15",
                        "17:59",
                        "18:41",
                        "20:35",
                        "21:22",
                        "22:48"
                    ],
                    "чт": [
                        "08:55",
                        "09:40",
                        "14:11",
                        "15:15",
                        "17:59",
                        "18:41",
                        "20:35",
                        "21:22",
                        "22:48"
                    ],
                    "пт": [
                        "08:55",
                        "09:40",
                        "14:11",
                        "15:15",
                        "17:59",
                        "18:41",
                        "20:35",
                        "21:22",
                        "22:48"
                    ],
                    "сб": [],
                    "вс": []
                }
            },
            "Городок": {
                "id": "5376",
                "schedule": {
                    "пн": [
                        "08:57",
                        "09:42",
                        "14:13",
                        "15:17",
                        "18:01",
                        "18:43",
                        "20:37",
                        "21:24",
                        "22:50"
                    ],
                    "вт": [
                        "08:57",
                        "09:42",
                        "14:13",
                        "15:17",
                        "18:01",
                        "18:43",
                        "20:37",
                        "21:24",
                        "22:50"
                    ],
                    "ср": [
                        "08:57",
                        "09:42",
                        "14:13",
                        "15:17",
                        "18:01",
                        "18:43",
                        "20:37",
                        "21:24",
                        "22:50"
                    ],
                    "чт": [
                        "08:57",
                        "09:42",
                        "14:13",
                        "15:17",
                        "18:01",
                        "18:43",
                        "20:37",
                        "21:24",
                        "22:50"
                    ],
                    "пт": [
                        "08:57",
                        "09:42",
                        "14:13",
                        "15:17",
                        "18:01",
                        "18:43",
                        "20:37",
                        "21:24",
                        "22:50"
                    ],
                    "сб": [],
                    "вс": []
                }
            },
            "Школа № 2": {
                "id": "5429",
                "schedule": {
                    "пн": [
                        "08:58",
                        "09:43",
                        "14:14",
                        "15:18",
                        "18:02",
                        "18:44",
                        "20:38",
                        "21:25",
                        "22:51"
                    ],
                    "вт": [
                        "08:58",
                        "09:43",
                        "14:14",
                        "15:18",
                        "18:02",
                        "18:44",
                        "20:38",
                        "21:25",
                        "22:51"
                    ],
                    "ср": [
                        "08:58",
                        "09:43",
                        "14:14",
                        "15:18",
                        "18:02",
                        "18:44",
                        "20:38",
                        "21:25",
                        "22:51"
                    ],
                    "чт": [
                        "08:58",
                        "09:43",
                        "14:14",
                        "15:18",
                        "18:02",
                        "18:44",
                        "20:38",
                        "21:25",
                        "22:51"
                    ],
                    "пт": [
                        "08:58",
                        "09:43",
                        "14:14",
                        "15:18",
                        "18:02",
                        "18:44",
                        "20:38",
                        "21:25",
                        "22:51"
                    ],
                    "сб": [],
                    "вс": []
                }
            },
            "Медицинский колледж": {
                "id": "5537",
                "schedule": {
                    "пн": [
                        "09:00",
                        "09:45",
                        "14:16",
                        "15:20",
                        "18:04",
                        "18:46",
                        "20:40",
                        "21:27",
                        "22:53"
                    ],
                    "вт": [
                        "09:00",
                        "09:45",
                        "14:16",
                        "15:20",
                        "18:04",
                        "18:46",
                        "20:40",
                        "21:27",
                        "22:53"
                    ],
                    "ср": [
                        "09:00",
                        "09:45",
                        "14:16",
                        "15:20",
                        "18:04",
                        "18:46",
                        "20:40",
                        "21:27",
                        "22:53"
                    ],
                    "чт": [
                        "09:00",
                        "09:45",
                        "14:16",
                        "15:20",
                        "18:04",
                        "18:46",
                        "20:40",
                        "21:27",
                        "22:53"
                    ],
                    "пт": [
                        "09:00",
                        "09:45",
                        "14:16",
                        "15:20",
                        "18:04",
                        "18:46",
                        "20:40",
                        "21:27",
                        "22:53"
                    ],
                    "сб": [],
                    "вс": []
                }
            },
            "Рынок": {
                "id": "5584",
                "schedule": {
                    "пн": [
                        "09:03",
                        "09:48",
                        "14:19",
                        "15:23",
                        "18:07",
                        "18:49",
                        "20:43",
                        "21:30",
                        "22:56"
                    ],
                    "вт": [
                        "09:03",
                        "09:48",
                        "14:19",
                        "15:23",
                        "18:07",
                        "18:49",
                        "20:43",
                        "21:30",
                        "22:56"
                    ],
                    "ср": [
                        "09:03",
                        "09:48",
                        "14:19",
                        "15:23",
                        "18:07",
                        "18:49",
                        "20:43",
                        "21:30",
                        "22:56"
                    ],
                    "чт": [
                        "09:03",
                        "09:48",
                        "14:19",
                        "15:23",
                        "18:07",
                        "18:49",
                        "20:43",
                        "21:30",
                        "22:56"
                    ],
                    "пт": [
                        "09:03",
                        "09:48",
                        "14:19",
                        "15:23",
                        "18:07",
                        "18:49",
                        "20:43",
                        "21:30",
                        "22:56"
                    ],
                    "сб": [],
                    "вс": []
                }
            },
            "Аптека № 80": {
                "id": "5553",
                "schedule": {
                    "пн": [
                        "09:05",
                        "09:50",
                        "14:21",
                        "15:25",
                        "18:09",
                        "18:51",
                        "20:45",
                        "21:32",
                        "22:58"
                    ],
                    "вт": [
                        "09:05",
                        "09:50",
                        "14:21",
                        "15:25",
                        "18:09",
                        "18:51",
                        "20:45",
                        "21:32",
                        "22:58"
                    ],
                    "ср": [
                        "09:05",
                        "09:50",
                        "14:21",
                        "15:25",
                        "18:09",
                        "18:51",
                        "20:45",
                        "21:32",
                        "22:58"
                    ],
                    "чт": [
                        "09:05",
                        "09:50",
                        "14:21",
                        "15:25",
                        "18:09",
                        "18:51",
                        "20:45",
                        "21:32",
                        "22:58"
                    ],
                    "пт": [
                        "09:05",
                        "09:50",
                        "14:21",
                        "15:25",
                        "18:09",
                        "18:51",
                        "20:45",
                        "21:32",
                        "22:58"
                    ],
                    "сб": [],
                    "вс": []
                }
            },
            "Слуцкие Пояса": {
                "id": "13779",
                "schedule": {
                    "пн": [
                        "09:08",
                        "09:53",
                        "14:24",
                        "15:28",
                        "18:12",
                        "18:54",
                        "20:48",
                        "21:35",
                        "23:01"
                    ],
                    "вт": [
                        "09:08",
                        "09:53",
                        "14:24",
                        "15:28",
                        "18:12",
                        "18:54",
                        "20:48",
                        "21:35",
                        "23:01"
                    ],
                    "ср": [
                        "09:08",
                        "09:53",
                        "14:24",
                        "15:28",
                        "18:12",
                        "18:54",
                        "20:48",
                        "21:35",
                        "23:01"
                    ],
                    "чт": [
                        "09:08",
                        "09:53",
                        "14:24",
                        "15:28",
                        "18:12",
                        "18:54",
                        "20:48",
                        "21:35",
                        "23:01"
                    ],
                    "пт": [
                        "09:08",
                        "09:53",
                        "14:24",
                        "15:28",
                        "18:12",
                        "18:54",
                        "20:48",
                        "21:35",
                        "23:01"
                    ],
                    "сб": [],
                    "вс": []
                }
            },
            "Проектный институт": {
                "id": "13733",
                "schedule": {
                    "пн": [
                        "09:09",
                        "09:54",
                        "14:25",
                        "15:29",
                        "18:13",
                        "18:55",
                        "20:49",
                        "21:36",
                        "23:02"
                    ],
                    "вт": [
                        "09:09",
                        "09:54",
                        "14:25",
                        "15:29",
                        "18:13",
                        "18:55",
                        "20:49",
                        "21:36",
                        "23:02"
                    ],
                    "ср": [
                        "09:09",
                        "09:54",
                        "14:25",
                        "15:29",
                        "18:13",
                        "18:55",
                        "20:49",
                        "21:36",
                        "23:02"
                    ],
                    "чт": [
                        "09:09",
                        "09:54",
                        "14:25",
                        "15:29",
                        "18:13",
                        "18:55",
                        "20:49",
                        "21:36",
                        "23:02"
                    ],
                    "пт": [
                        "09:09",
                        "09:54",
                        "14:25",
                        "15:29",
                        "18:13",
                        "18:55",
                        "20:49",
                        "21:36",
                        "23:02"
                    ],
                    "сб": [],
                    "вс": []
                }
            },
            "Уреченская": {
                "id": "13753",
                "schedule": {
                    "пн": [
                        "09:10",
                        "09:55",
                        "14:26",
                        "15:30",
                        "18:14",
                        "18:56",
                        "20:50",
                        "21:37",
                        "23:03"
                    ],
                    "вт": [
                        "09:10",
                        "09:55",
                        "14:26",
                        "15:30",
                        "18:14",
                        "18:56",
                        "20:50",
                        "21:37",
                        "23:03"
                    ],
                    "ср": [
                        "09:10",
                        "09:55",
                        "14:26",
                        "15:30",
                        "18:14",
                        "18:56",
                        "20:50",
                        "21:37",
                        "23:03"
                    ],
                    "чт": [
                        "09:10",
                        "09:55",
                        "14:26",
                        "15:30",
                        "18:14",
                        "18:56",
                        "20:50",
                        "21:37",
                        "23:03"
                    ],
                    "пт": [
                        "09:10",
                        "09:55",
                        "14:26",
                        "15:30",
                        "18:14",
                        "18:56",
                        "20:50",
                        "21:37",
                        "23:03"
                    ],
                    "сб": [],
                    "вс": []
                }
            },
            "Экологический центр": {
                "id": "51629",
                "schedule": {
                    "пн": [
                        "09:12",
                        "09:57",
                        "14:28",
                        "15:32",
                        "18:16",
                        "18:58",
                        "20:52",
                        "21:39",
                        "23:05"
                    ],
                    "вт": [
                        "09:12",
                        "09:57",
                        "14:28",
                        "15:32",
                        "18:16",
                        "18:58",
                        "20:52",
                        "21:39",
                        "23:05"
                    ],
                    "ср": [
                        "09:12",
                        "09:57",
                        "14:28",
                        "15:32",
                        "18:16",
                        "18:58",
                        "20:52",
                        "21:39",
                        "23:05"
                    ],
                    "чт": [
                        "09:12",
                        "09:57",
                        "14:28",
                        "15:32",
                        "18:16",
                        "18:58",
                        "20:52",
                        "21:39",
                        "23:05"
                    ],
                    "пт": [
                        "09:12",
                        "09:57",
                        "14:28",
                        "15:32",
                        "18:16",
                        "18:58",
                        "20:52",
                        "21:39",
                        "23:05"
                    ],
                    "сб": [],
                    "вс": []
                }
            },
            "Дружная": {
                "id": "51495",
                "schedule": {
                    "пн": [
                        "09:13",
                        "09:58",
                        "14:29",
                        "15:33",
                        "18:17",
                        "18:59",
                        "20:53",
                        "21:40",
                        "23:06"
                    ],
                    "вт": [
                        "09:13",
                        "09:58",
                        "14:29",
                        "15:33",
                        "18:17",
                        "18:59",
                        "20:53",
                        "21:40",
                        "23:06"
                    ],
                    "ср": [
                        "09:13",
                        "09:58",
                        "14:29",
                        "15:33",
                        "18:17",
                        "18:59",
                        "20:53",
                        "21:40",
                        "23:06"
                    ],
                    "чт": [
                        "09:13",
                        "09:58",
                        "14:29",
                        "15:33",
                        "18:17",
                        "18:59",
                        "20:53",
                        "21:40",
                        "23:06"
                    ],
                    "пт": [
                        "09:13",
                        "09:58",
                        "14:29",
                        "15:33",
                        "18:17",
                        "18:59",
                        "20:53",
                        "21:40",
                        "23:06"
                    ],
                    "сб": [],
                    "вс": []
                }
            },
            "Любанская": {
                "id": "51506",
                "schedule": {
                    "пн": [
                        "09:15",
                        "10:00",
                        "14:31",
                        "15:35",
                        "18:19",
                        "19:01",
                        "20:55",
                        "21:42",
                        "23:08"
                    ],
                    "вт": [
                        "09:15",
                        "10:00",
                        "14:31",
                        "15:35",
                        "18:19",
                        "19:01",
                        "20:55",
                        "21:42",
                        "23:08"
                    ],
                    "ср": [
                        "09:15",
                        "10:00",
                        "14:31",
                        "15:35",
                        "18:19",
                        "19:01",
                        "20:55",
                        "21:42",
                        "23:08"
                    ],
                    "чт": [
                        "09:15",
                        "10:00",
                        "14:31",
                        "15:35",
                        "18:19",
                        "19:01",
                        "20:55",
                        "21:42",
                        "23:08"
                    ],
                    "пт": [
                        "09:15",
                        "10:00",
                        "14:31",
                        "15:35",
                        "18:19",
                        "19:01",
                        "20:55",
                        "21:42",
                        "23:08"
                    ],
                    "сб": [],
                    "вс": []
                }
            },
            "Микрорайон Новодворцы": {
                "id": "51577",
                "schedule": {
                    "пн": [
                        "09:16",
                        "10:01",
                        "14:32",
                        "15:36",
                        "18:20",
                        "19:02",
                        "20:56",
                        "21:43",
                        "23:09"
                    ],
                    "вт": [
                        "09:16",
                        "10:01",
                        "14:32",
                        "15:36",
                        "18:20",
                        "19:02",
                        "20:56",
                        "21:43",
                        "23:09"
                    ],
                    "ср": [
                        "09:16",
                        "10:01",
                        "14:32",
                        "15:36",
                        "18:20",
                        "19:02",
                        "20:56",
                        "21:43",
                        "23:09"
                    ],
                    "чт": [
                        "09:16",
                        "10:01",
                        "14:32",
                        "15:36",
                        "18:20",
                        "19:02",
                        "20:56",
                        "21:43",
                        "23:09"
                    ],
                    "пт": [
                        "09:16",
                        "10:01",
                        "14:32",
                        "15:36",
                        "18:20",
                        "19:02",
                        "20:56",
                        "21:43",
                        "23:09"
                    ],
                    "сб": [],
                    "вс": []
                }
            }
        },
        "Микрорайон Новодворцы - Мясокомбинат": {
            "Микрорайон Новодворцы": {
                "id": "51658",
                "schedule": {
                    "пн": [
                        "09:31",
                        "10:15",
                        "14:39",
                        "15:49",
                        "18:31",
                        "19:19",
                        "21:00",
                        "22:05",
                        "23:10"
                    ],
                    "вт": [
                        "09:31",
                        "10:15",
                        "14:39",
                        "15:49",
                        "18:31",
                        "19:19",
                        "21:00",
                        "22:05",
                        "23:10"
                    ],
                    "ср": [
                        "09:31",
                        "10:15",
                        "14:39",
                        "15:49",
                        "18:31",
                        "19:19",
                        "21:00",
                        "22:05",
                        "23:10"
                    ],
                    "чт": [
                        "09:31",
                        "10:15",
                        "14:39",
                        "15:49",
                        "18:31",
                        "19:19",
                        "21:00",
                        "22:05",
                        "23:10"
                    ],
                    "пт": [
                        "09:31",
                        "10:15",
                        "14:39",
                        "15:49",
                        "18:31",
                        "19:19",
                        "21:00",
                        "22:05",
                        "23:10"
                    ],
                    "сб": [
                        "22:05"
                    ],
                    "вс": [
                        "22:05"
                    ]
                }
            },
            "Любанская": {
                "id": "51682",
                "schedule": {
                    "пн": [
                        "09:32",
                        "10:16",
                        "14:40",
                        "15:50",
                        "18:32",
                        "19:20",
                        "21:01",
                        "22:06",
                        "23:11"
                    ],
                    "вт": [
                        "09:32",
                        "10:16",
                        "14:40",
                        "15:50",
                        "18:32",
                        "19:20",
                        "21:01",
                        "22:06",
                        "23:11"
                    ],
                    "ср": [
                        "09:32",
                        "10:16",
                        "14:40",
                        "15:50",
                        "18:32",
                        "19:20",
                        "21:01",
                        "22:06",
                        "23:11"
                    ],
                    "чт": [
                        "09:32",
                        "10:16",
                        "14:40",
                        "15:50",
                        "18:32",
                        "19:20",
                        "21:01",
                        "22:06",
                        "23:11"
                    ],
                    "пт": [
                        "09:32",
                        "10:16",
                        "14:40",
                        "15:50",
                        "18:32",
                        "19:20",
                        "21:01",
                        "22:06",
                        "23:11"
                    ],
                    "сб": [
                        "22:06"
                    ],
                    "вс": [
                        "22:06"
                    ]
                }
            },
            "Дружная": {
                "id": "51632",
                "schedule": {
                    "пн": [
                        "09:34",
                        "10:18",
                        "14:42",
                        "15:52",
                        "18:34",
                        "19:22",
                        "21:03",
                        "22:08",
                        "23:13"
                    ],
                    "вт": [
                        "09:34",
                        "10:18",
                        "14:42",
                        "15:52",
                        "18:34",
                        "19:22",
                        "21:03",
                        "22:08",
                        "23:13"
                    ],
                    "ср": [
                        "09:34",
                        "10:18",
                        "14:42",
                        "15:52",
                        "18:34",
                        "19:22",
                        "21:03",
                        "22:08",
                        "23:13"
                    ],
                    "чт": [
                        "09:34",
                        "10:18",
                        "14:42",
                        "15:52",
                        "18:34",
                        "19:22",
                        "21:03",
                        "22:08",
                        "23:13"
                    ],
                    "пт": [
                        "09:34",
                        "10:18",
                        "14:42",
                        "15:52",
                        "18:34",
                        "19:22",
                        "21:03",
                        "22:08",
                        "23:13"
                    ],
                    "сб": [
                        "22:08"
                    ],
                    "вс": [
                        "22:08"
                    ]
                }
            },
            "Экологический центр": {
                "id": "51515",
                "schedule": {
                    "пн": [
                        "09:35",
                        "10:19",
                        "14:43",
                        "15:53",
                        "18:35",
                        "19:23",
                        "21:04",
                        "22:09",
                        "23:14"
                    ],
                    "вт": [
                        "09:35",
                        "10:19",
                        "14:43",
                        "15:53",
                        "18:35",
                        "19:23",
                        "21:04",
                        "22:09",
                        "23:14"
                    ],
                    "ср": [
                        "09:35",
                        "10:19",
                        "14:43",
                        "15:53",
                        "18:35",
                        "19:23",
                        "21:04",
                        "22:09",
                        "23:14"
                    ],
                    "чт": [
                        "09:35",
                        "10:19",
                        "14:43",
                        "15:53",
                        "18:35",
                        "19:23",
                        "21:04",
                        "22:09",
                        "23:14"
                    ],
                    "пт": [
                        "09:35",
                        "10:19",
                        "14:43",
                        "15:53",
                        "18:35",
                        "19:23",
                        "21:04",
                        "22:09",
                        "23:14"
                    ],
                    "сб": [
                        "22:09"
                    ],
                    "вс": [
                        "22:09"
                    ]
                }
            },
            "Уреченская": {
                "id": "22815",
                "schedule": {
                    "пн": [
                        "09:37",
                        "10:21",
                        "14:45",
                        "15:55",
                        "18:37",
                        "19:25",
                        "21:06",
                        "22:11",
                        "23:16"
                    ],
                    "вт": [
                        "09:37",
                        "10:21",
                        "14:45",
                        "15:55",
                        "18:37",
                        "19:25",
                        "21:06",
                        "22:11",
                        "23:16"
                    ],
                    "ср": [
                        "09:37",
                        "10:21",
                        "14:45",
                        "15:55",
                        "18:37",
                        "19:25",
                        "21:06",
                        "22:11",
                        "23:16"
                    ],
                    "чт": [
                        "09:37",
                        "10:21",
                        "14:45",
                        "15:55",
                        "18:37",
                        "19:25",
                        "21:06",
                        "22:11",
                        "23:16"
                    ],
                    "пт": [
                        "09:37",
                        "10:21",
                        "14:45",
                        "15:55",
                        "18:37",
                        "19:25",
                        "21:06",
                        "22:11",
                        "23:16"
                    ],
                    "сб": [
                        "22:11"
                    ],
                    "вс": [
                        "22:11"
                    ]
                }
            },
            "Проектный институт": {
                "id": "13616",
                "schedule": {
                    "пн": [
                        "09:38",
                        "10:22",
                        "14:46",
                        "15:56",
                        "18:38",
                        "19:26",
                        "21:07",
                        "22:12",
                        "23:17"
                    ],
                    "вт": [
                        "09:38",
                        "10:22",
                        "14:46",
                        "15:56",
                        "18:38",
                        "19:26",
                        "21:07",
                        "22:12",
                        "23:17"
                    ],
                    "ср": [
                        "09:38",
                        "10:22",
                        "14:46",
                        "15:56",
                        "18:38",
                        "19:26",
                        "21:07",
                        "22:12",
                        "23:17"
                    ],
                    "чт": [
                        "09:38",
                        "10:22",
                        "14:46",
                        "15:56",
                        "18:38",
                        "19:26",
                        "21:07",
                        "22:12",
                        "23:17"
                    ],
                    "пт": [
                        "09:38",
                        "10:22",
                        "14:46",
                        "15:56",
                        "18:38",
                        "19:26",
                        "21:07",
                        "22:12",
                        "23:17"
                    ],
                    "сб": [
                        "22:12"
                    ],
                    "вс": [
                        "22:12"
                    ]
                }
            },
            "Типография": {
                "id": "13738",
                "schedule": {
                    "пн": [
                        "09:39",
                        "10:23",
                        "14:47",
                        "15:57",
                        "18:39",
                        "19:27",
                        "21:08",
                        "22:13",
                        "23:18"
                    ],
                    "вт": [
                        "09:39",
                        "10:23",
                        "14:47",
                        "15:57",
                        "18:39",
                        "19:27",
                        "21:08",
                        "22:13",
                        "23:18"
                    ],
                    "ср": [
                        "09:39",
                        "10:23",
                        "14:47",
                        "15:57",
                        "18:39",
                        "19:27",
                        "21:08",
                        "22:13",
                        "23:18"
                    ],
                    "чт": [
                        "09:39",
                        "10:23",
                        "14:47",
                        "15:57",
                        "18:39",
                        "19:27",
                        "21:08",
                        "22:13",
                        "23:18"
                    ],
                    "пт": [
                        "09:39",
                        "10:23",
                        "14:47",
                        "15:57",
                        "18:39",
                        "19:27",
                        "21:08",
                        "22:13",
                        "23:18"
                    ],
                    "сб": [
                        "22:13"
                    ],
                    "вс": [
                        "22:13"
                    ]
                }
            },
            "Копыльская": {
                "id": "5513",
                "schedule": {
                    "пн": [
                        "09:42",
                        "10:26",
                        "14:50",
                        "16:00",
                        "18:42",
                        "19:30",
                        "21:11",
                        "22:16",
                        "23:21"
                    ],
                    "вт": [
                        "09:42",
                        "10:26",
                        "14:50",
                        "16:00",
                        "18:42",
                        "19:30",
                        "21:11",
                        "22:16",
                        "23:21"
                    ],
                    "ср": [
                        "09:42",
                        "10:26",
                        "14:50",
                        "16:00",
                        "18:42",
                        "19:30",
                        "21:11",
                        "22:16",
                        "23:21"
                    ],
                    "чт": [
                        "09:42",
                        "10:26",
                        "14:50",
                        "16:00",
                        "18:42",
                        "19:30",
                        "21:11",
                        "22:16",
                        "23:21"
                    ],
                    "пт": [
                        "09:42",
                        "10:26",
                        "14:50",
                        "16:00",
                        "18:42",
                        "19:30",
                        "21:11",
                        "22:16",
                        "23:21"
                    ],
                    "сб": [
                        "22:16"
                    ],
                    "вс": [
                        "22:16"
                    ]
                }
            },
            "Рынок": {
                "id": "5596",
                "schedule": {
                    "пн": [
                        "09:44",
                        "10:28",
                        "14:52",
                        "16:02",
                        "18:44",
                        "19:32",
                        "21:13",
                        "22:18",
                        "23:23"
                    ],
                    "вт": [
                        "09:44",
                        "10:28",
                        "14:52",
                        "16:02",
                        "18:44",
                        "19:32",
                        "21:13",
                        "22:18",
                        "23:23"
                    ],
                    "ср": [
                        "09:44",
                        "10:28",
                        "14:52",
                        "16:02",
                        "18:44",
                        "19:32",
                        "21:13",
                        "22:18",
                        "23:23"
                    ],
                    "чт": [
                        "09:44",
                        "10:28",
                        "14:52",
                        "16:02",
                        "18:44",
                        "19:32",
                        "21:13",
                        "22:18",
                        "23:23"
                    ],
                    "пт": [
                        "09:44",
                        "10:28",
                        "14:52",
                        "16:02",
                        "18:44",
                        "19:32",
                        "21:13",
                        "22:18",
                        "23:23"
                    ],
                    "сб": [
                        "22:18"
                    ],
                    "вс": [
                        "22:18"
                    ]
                }
            },
            "Медицинский колледж": {
                "id": "5626",
                "schedule": {
                    "пн": [
                        "09:47",
                        "10:31",
                        "14:55",
                        "16:05",
                        "18:47",
                        "19:35",
                        "21:16",
                        "22:21",
                        "23:26"
                    ],
                    "вт": [
                        "09:47",
                        "10:31",
                        "14:55",
                        "16:05",
                        "18:47",
                        "19:35",
                        "21:16",
                        "22:21",
                        "23:26"
                    ],
                    "ср": [
                        "09:47",
                        "10:31",
                        "14:55",
                        "16:05",
                        "18:47",
                        "19:35",
                        "21:16",
                        "22:21",
                        "23:26"
                    ],
                    "чт": [
                        "09:47",
                        "10:31",
                        "14:55",
                        "16:05",
                        "18:47",
                        "19:35",
                        "21:16",
                        "22:21",
                        "23:26"
                    ],
                    "пт": [
                        "09:47",
                        "10:31",
                        "14:55",
                        "16:05",
                        "18:47",
                        "19:35",
                        "21:16",
                        "22:21",
                        "23:26"
                    ],
                    "сб": [
                        "22:21"
                    ],
                    "вс": [
                        "22:21"
                    ]
                }
            },
            "Школа № 2": {
                "id": "5562",
                "schedule": {
                    "пн": [
                        "09:49",
                        "10:33",
                        "14:57",
                        "16:07",
                        "18:49",
                        "19:37",
                        "21:18",
                        "22:23",
                        "23:28"
                    ],
                    "вт": [
                        "09:49",
                        "10:33",
                        "14:57",
                        "16:07",
                        "18:49",
                        "19:37",
                        "21:18",
                        "22:23",
                        "23:28"
                    ],
                    "ср": [
                        "09:49",
                        "10:33",
                        "14:57",
                        "16:07",
                        "18:49",
                        "19:37",
                        "21:18",
                        "22:23",
                        "23:28"
                    ],
                    "чт": [
                        "09:49",
                        "10:33",
                        "14:57",
                        "16:07",
                        "18:49",
                        "19:37",
                        "21:18",
                        "22:23",
                        "23:28"
                    ],
                    "пт": [
                        "09:49",
                        "10:33",
                        "14:57",
                        "16:07",
                        "18:49",
                        "19:37",
                        "21:18",
                        "22:23",
                        "23:28"
                    ],
                    "сб": [
                        "22:23"
                    ],
                    "вс": [
                        "22:23"
                    ]
                }
            },
            "Городок": {
                "id": "34466",
                "schedule": {
                    "пн": [
                        "09:50",
                        "10:34",
                        "14:58",
                        "16:08",
                        "18:50",
                        "19:38",
                        "21:19",
                        "22:24",
                        "23:29"
                    ],
                    "вт": [
                        "09:50",
                        "10:34",
                        "14:58",
                        "16:08",
                        "18:50",
                        "19:38",
                        "21:19",
                        "22:24",
                        "23:29"
                    ],
                    "ср": [
                        "09:50",
                        "10:34",
                        "14:58",
                        "16:08",
                        "18:50",
                        "19:38",
                        "21:19",
                        "22:24",
                        "23:29"
                    ],
                    "чт": [
                        "09:50",
                        "10:34",
                        "14:58",
                        "16:08",
                        "18:50",
                        "19:38",
                        "21:19",
                        "22:24",
                        "23:29"
                    ],
                    "пт": [
                        "09:50",
                        "10:34",
                        "14:58",
                        "16:08",
                        "18:50",
                        "19:38",
                        "21:19",
                        "22:24",
                        "23:29"
                    ],
                    "сб": [
                        "22:24"
                    ],
                    "вс": [
                        "22:24"
                    ]
                }
            },
            "Майский посад": {
                "id": "34478",
                "schedule": {
                    "пн": [
                        "09:51",
                        "10:35",
                        "14:59",
                        "16:09",
                        "18:51",
                        "19:39",
                        "21:20",
                        "22:25",
                        "23:30"
                    ],
                    "вт": [
                        "09:51",
                        "10:35",
                        "14:59",
                        "16:09",
                        "18:51",
                        "19:39",
                        "21:20",
                        "22:25",
                        "23:30"
                    ],
                    "ср": [
                        "09:51",
                        "10:35",
                        "14:59",
                        "16:09",
                        "18:51",
                        "19:39",
                        "21:20",
                        "22:25",
                        "23:30"
                    ],
                    "чт": [
                        "09:51",
                        "10:35",
                        "14:59",
                        "16:09",
                        "18:51",
                        "19:39",
                        "21:20",
                        "22:25",
                        "23:30"
                    ],
                    "пт": [
                        "09:51",
                        "10:35",
                        "14:59",
                        "16:09",
                        "18:51",
                        "19:39",
                        "21:20",
                        "22:25",
                        "23:30"
                    ],
                    "сб": [
                        "22:25"
                    ],
                    "вс": [
                        "22:25"
                    ]
                }
            },
            "Сыродельный комбинат": {
                "id": "34503",
                "schedule": {
                    "пн": [
                        "09:53",
                        "10:37",
                        "15:01",
                        "16:11",
                        "18:53",
                        "19:41",
                        "21:22",
                        "22:27",
                        "23:32"
                    ],
                    "вт": [
                        "09:53",
                        "10:37",
                        "15:01",
                        "16:11",
                        "18:53",
                        "19:41",
                        "21:22",
                        "22:27",
                        "23:32"
                    ],
                    "ср": [
                        "09:53",
                        "10:37",
                        "15:01",
                        "16:11",
                        "18:53",
                        "19:41",
                        "21:22",
                        "22:27",
                        "23:32"
                    ],
                    "чт": [
                        "09:53",
                        "10:37",
                        "15:01",
                        "16:11",
                        "18:53",
                        "19:41",
                        "21:22",
                        "22:27",
                        "23:32"
                    ],
                    "пт": [
                        "09:53",
                        "10:37",
                        "15:01",
                        "16:11",
                        "18:53",
                        "19:41",
                        "21:22",
                        "22:27",
                        "23:32"
                    ],
                    "сб": [
                        "22:27"
                    ],
                    "вс": [
                        "22:27"
                    ]
                }
            },
            "Сахарный комбинат": {
                "id": "34402",
                "schedule": {
                    "пн": [
                        "09:54",
                        "10:38",
                        "15:02",
                        "16:12",
                        "18:54",
                        "19:42",
                        "21:23",
                        "22:28",
                        "23:33"
                    ],
                    "вт": [
                        "09:54",
                        "10:38",
                        "15:02",
                        "16:12",
                        "18:54",
                        "19:42",
                        "21:23",
                        "22:28",
                        "23:33"
                    ],
                    "ср": [
                        "09:54",
                        "10:38",
                        "15:02",
                        "16:12",
                        "18:54",
                        "19:42",
                        "21:23",
                        "22:28",
                        "23:33"
                    ],
                    "чт": [
                        "09:54",
                        "10:38",
                        "15:02",
                        "16:12",
                        "18:54",
                        "19:42",
                        "21:23",
                        "22:28",
                        "23:33"
                    ],
                    "пт": [
                        "09:54",
                        "10:38",
                        "15:02",
                        "16:12",
                        "18:54",
                        "19:42",
                        "21:23",
                        "22:28",
                        "23:33"
                    ],
                    "сб": [
                        "22:28"
                    ],
                    "вс": [
                        "22:28"
                    ]
                }
            },
            "Тутаринова": {
                "id": "34362",
                "schedule": {
                    "пн": [
                        "09:56",
                        "10:40",
                        "15:04",
                        "16:14",
                        "18:56",
                        "19:44",
                        "21:25",
                        "22:30",
                        "23:35"
                    ],
                    "вт": [
                        "09:56",
                        "10:40",
                        "15:04",
                        "16:14",
                        "18:56",
                        "19:44",
                        "21:25",
                        "22:30",
                        "23:35"
                    ],
                    "ср": [
                        "09:56",
                        "10:40",
                        "15:04",
                        "16:14",
                        "18:56",
                        "19:44",
                        "21:25",
                        "22:30",
                        "23:35"
                    ],
                    "чт": [
                        "09:56",
                        "10:40",
                        "15:04",
                        "16:14",
                        "18:56",
                        "19:44",
                        "21:25",
                        "22:30",
                        "23:35"
                    ],
                    "пт": [
                        "09:56",
                        "10:40",
                        "15:04",
                        "16:14",
                        "18:56",
                        "19:44",
                        "21:25",
                        "22:30",
                        "23:35"
                    ],
                    "сб": [
                        "22:30"
                    ],
                    "вс": [
                        "22:30"
                    ]
                }
            },
            "Мясокомбинат": {
                "id": "34544",
                "schedule": {
                    "пн": [
                        "09:57",
                        "10:41",
                        "15:05",
                        "16:15",
                        "18:57",
                        "19:45",
                        "21:26",
                        "22:31",
                        "23:36"
                    ],
                    "вт": [
                        "09:57",
                        "10:41",
                        "15:05",
                        "16:15",
                        "18:57",
                        "19:45",
                        "21:26",
                        "22:31",
                        "23:36"
                    ],
                    "ср": [
                        "09:57",
                        "10:41",
                        "15:05",
                        "16:15",
                        "18:57",
                        "19:45",
                        "21:26",
                        "22:31",
                        "23:36"
                    ],
                    "чт": [
                        "09:57",
                        "10:41",
                        "15:05",
                        "16:15",
                        "18:57",
                        "19:45",
                        "21:26",
                        "22:31",
                        "23:36"
                    ],
                    "пт": [
                        "09:57",
                        "10:41",
                        "15:05",
                        "16:15",
                        "18:57",
                        "19:45",
                        "21:26",
                        "22:31",
                        "23:36"
                    ],
                    "сб": [
                        "22:31"
                    ],
                    "вс": [
                        "22:31"
                    ]
                }
            }
        }
    }
}