{
    "3з": {
        "Мясокомбинат - Социалистическая": {
            "Мясокомбинат": {
                "id": "34544",
                "schedule": {
                    "пн": [
                        "20:34",
                        "21:39"
                    ],
                    "вт": [
                        "20:34",
                        "21:39"
                    ],
                    "ср": [
                        "20:34",
                        "21:39"
                    ],
                    "чт": [
                        "20:34",
                        "21:39"
                    ],
                    "пт": [
                        "20:34",
                        "21:39"
                    ],
                    "сб": [
                        "20:34"
                    ],
                    "вс": [
                        "20:34"
                    ]
                }
            },
            "Тутаринова": {
                "id": "34556",
                "schedule": {
                    "пн": [
                        "20:35",
                        "21:40"
                    ],
                    "вт": [
                        "20:35",
                        "21:40"
                    ],
                    "ср": [
                        "20:35",
                        "21:40"
                    ],
                    "чт": [
                        "20:35",
                        "21:40"
                    ],
                    "пт": [
                        "20:35",
                        "21:40"
                    ],
                    "сб": [
                        "20:35"
                    ],
                    "вс": [
                        "20:35"
                    ]
                }
            },
            "Сахарный комбинат": {
                "id": "34479",
                "schedule": {
                    "пн": [
                        "20:37",
                        "21:42"
                    ],
                    "вт": [
                        "20:37",
                        "21:42"
                    ],
                    "ср": [
                        "20:37",
                        "21:42"
                    ],
                    "чт": [
                        "20:37",
                        "21:42"
                    ],
                    "пт": [
                        "20:37",
                        "21:42"
                    ],
                    "сб": [
                        "20:37"
                    ],
                    "вс": [
                        "20:37"
                    ]
                }
            },
            "Автобусный парк №2": {
                "id": "34519",
                "schedule": {
                    "пн": [
                        "20:39",
                        "21:44"
                    ],
                    "вт": [
                        "20:39",
                        "21:44"
                    ],
                    "ср": [
                        "20:39",
                        "21:44"
                    ],
                    "чт": [
                        "20:39",
                        "21:44"
                    ],
                    "пт": [
                        "20:39",
                        "21:44"
                    ],
                    "сб": [
                        "20:39"
                    ],
                    "вс": [
                        "20:39"
                    ]
                }
            },
            "Сыродельный комбинат": {
                "id": "34413",
                "schedule": {
                    "пн": [
                        "20:41",
                        "21:46"
                    ],
                    "вт": [
                        "20:41",
                        "21:46"
                    ],
                    "ср": [
                        "20:41",
                        "21:46"
                    ],
                    "чт": [
                        "20:41",
                        "21:46"
                    ],
                    "пт": [
                        "20:41",
                        "21:46"
                    ],
                    "сб": [
                        "20:41"
                    ],
                    "вс": [
                        "20:41"
                    ]
                }
            },
            "Майский посад": {
                "id": "34541",
                "schedule": {
                    "пн": [
                        "20:42",
                        "21:47"
                    ],
                    "вт": [
                        "20:42",
                        "21:47"
                    ],
                    "ср": [
                        "20:42",
                        "21:47"
                    ],
                    "чт": [
                        "20:42",
                        "21:47"
                    ],
                    "пт": [
                        "20:42",
                        "21:47"
                    ],
                    "сб": [
                        "20:42"
                    ],
                    "вс": [
                        "20:42"
                    ]
                }
            },
            "Городок": {
                "id": "5376",
                "schedule": {
                    "пн": [
                        "20:44",
                        "21:49"
                    ],
                    "вт": [
                        "20:44",
                        "21:49"
                    ],
                    "ср": [
                        "20:44",
                        "21:49"
                    ],
                    "чт": [
                        "20:44",
                        "21:49"
                    ],
                    "пт": [
                        "20:44",
                        "21:49"
                    ],
                    "сб": [
                        "20:44"
                    ],
                    "вс": [
                        "20:44"
                    ]
                }
            },
            "Школа № 2": {
                "id": "5429",
                "schedule": {
                    "пн": [
                        "20:45",
                        "21:50"
                    ],
                    "вт": [
                        "20:45",
                        "21:50"
                    ],
                    "ср": [
                        "20:45",
                        "21:50"
                    ],
                    "чт": [
                        "20:45",
                        "21:50"
                    ],
                    "пт": [
                        "20:45",
                        "21:50"
                    ],
                    "сб": [
                        "20:45"
                    ],
                    "вс": [
                        "20:45"
                    ]
                }
            },
            "Медицинский колледж": {
                "id": "5537",
                "schedule": {
                    "пн": [
                        "20:47",
                        "21:52"
                    ],
                    "вт": [
                        "20:47",
                        "21:52"
                    ],
                    "ср": [
                        "20:47",
                        "21:52"
                    ],
                    "чт": [
                        "20:47",
                        "21:52"
                    ],
                    "пт": [
                        "20:47",
                        "21:52"
                    ],
                    "сб": [
                        "20:47"
                    ],
                    "вс": [
                        "20:47"
                    ]
                }
            },
            "Рынок": {
                "id": "5584",
                "schedule": {
                    "пн": [
                        "20:50",
                        "21:55"
                    ],
                    "вт": [
                        "20:50",
                        "21:55"
                    ],
                    "ср": [
                        "20:50",
                        "21:55"
                    ],
                    "чт": [
                        "20:50",
                        "21:55"
                    ],
                    "пт": [
                        "20:50",
                        "21:55"
                    ],
                    "сб": [
                        "20:50"
                    ],
                    "вс": [
                        "20:50"
                    ]
                }
            },
            "Аптека № 80": {
                "id": "5553",
                "schedule": {
                    "пн": [
                        "20:52",
                        "21:57"
                    ],
                    "вт": [
                        "20:52",
                        "21:57"
                    ],
                    "ср": [
                        "20:52",
                        "21:57"
                    ],
                    "чт": [
                        "20:52",
                        "21:57"
                    ],
                    "пт": [
                        "20:52",
                        "21:57"
                    ],
                    "сб": [
                        "20:52"
                    ],
                    "вс": [
                        "20:52"
                    ]
                }
            },
            "Дом культуры": {
                "id": "5451",
                "schedule": {
                    "пн": [
                        "20:54",
                        "21:59"
                    ],
                    "вт": [
                        "20:54",
                        "21:59"
                    ],
                    "ср": [
                        "20:54",
                        "21:59"
                    ],
                    "чт": [
                        "20:54",
                        "21:59"
                    ],
                    "пт": [
                        "20:54",
                        "21:59"
                    ],
                    "сб": [
                        "20:54"
                    ],
                    "вс": [
                        "20:54"
                    ]
                }
            },
            "Молодёжный центр": {
                "id": "5629",
                "schedule": {
                    "пн": [
                        "20:57",
                        "22:02"
                    ],
                    "вт": [
                        "20:57",
                        "22:02"
                    ],
                    "ср": [
                        "20:57",
                        "22:02"
                    ],
                    "чт": [
                        "20:57",
                        "22:02"
                    ],
                    "пт": [
                        "20:57",
                        "22:02"
                    ],
                    "сб": [
                        "20:57"
                    ],
                    "вс": [
                        "20:57"
                    ]
                }
            },
            "Центр соцобслуживания": {
                "id": "5477",
                "schedule": {
                    "пн": [
                        "20:58",
                        "22:03"
                    ],
                    "вт": [
                        "20:58",
                        "22:03"
                    ],
                    "ср": [
                        "20:58",
                        "22:03"
                    ],
                    "чт": [
                        "20:58",
                        "22:03"
                    ],
                    "пт": [
                        "20:58",
                        "22:03"
                    ],
                    "сб": [
                        "20:58"
                    ],
                    "вс": [
                        "20:58"
                    ]
                }
            },
            "Садовый проезд": {
                "id": "5621",
                "schedule": {
                    "пн": [
                        "20:59",
                        "22:04"
                    ],
                    "вт": [
                        "20:59",
                        "22:04"
                    ],
                    "ср": [
                        "20:59",
                        "22:04"
                    ],
                    "чт": [
                        "20:59",
                        "22:04"
                    ],
                    "пт": [
                        "20:59",
                        "22:04"
                    ],
                    "сб": [
                        "20:59"
                    ],
                    "вс": [
                        "20:59"
                    ]
                }
            },
            "Собор Архангела Михаила": {
                "id": "5433",
                "schedule": {
                    "пн": [
                        "21:00",
                        "22:05"
                    ],
                    "вт": [
                        "21:00",
                        "22:05"
                    ],
                    "ср": [
                        "21:00",
                        "22:05"
                    ],
                    "чт": [
                        "21:00",
                        "22:05"
                    ],
                    "пт": [
                        "21:00",
                        "22:05"
                    ],
                    "сб": [
                        "21:00"
                    ],
                    "вс": [
                        "21:00"
                    ]
                }
            },
            "Школа № 8": {
                "id": "5623",
                "schedule": {
                    "пн": [
                        "21:01",
                        "22:06"
                    ],
                    "вт": [
                        "21:01",
                        "22:06"
                    ],
                    "ср": [
                        "21:01",
                        "22:06"
                    ],
                    "чт": [
                        "21:01",
                        "22:06"
                    ],
                    "пт": [
                        "21:01",
                        "22:06"
                    ],
                    "сб": [
                        "21:01"
                    ],
                    "вс": [
                        "21:01"
                    ]
                }
            },
            "Торговый центр": {
                "id": "5543",
                "schedule": {
                    "пн": [
                        "21:02",
                        "22:07"
                    ],
                    "вт": [
                        "21:02",
                        "22:07"
                    ],
                    "ср": [
                        "21:02",
                        "22:07"
                    ],
                    "чт": [
                        "21:02",
                        "22:07"
                    ],
                    "пт": [
                        "21:02",
                        "22:07"
                    ],
                    "сб": [
                        "21:02"
                    ],
                    "вс": [
                        "21:02"
                    ]
                }
            },
            "Социалистическая": {
                "id": "5631",
                "schedule": {
                    "пн": [
                        "21:03",
                        "22:08"
                    ],
                    "вт": [
                        "21:03",
                        "22:08"
                    ],
                    "ср": [
                        "21:03",
                        "22:08"
                    ],
                    "чт": [
                        "21:03",
                        "22:08"
                    ],
                    "пт": [
                        "21:03",
                        "22:08"
                    ],
                    "сб": [
                        "21:03"
                    ],
                    "вс": [
                        "21:03"
                    ]
                }
            }
        },
        "": {}
    }
}