{
    "4": {
        "Автовокзал * - Лучники (Центр)": {
            "Автовокзал *": {
                "id": "64730",
                "schedule": {
                    "пн": [
                        "07:00",
                        "08:30",
                        "17:16"
                    ],
                    "вт": [
                        "07:00",
                        "08:30",
                        "17:16"
                    ],
                    "ср": [
                        "07:00",
                        "08:30",
                        "17:16"
                    ],
                    "чт": [
                        "07:00",
                        "08:30",
                        "17:16"
                    ],
                    "пт": [
                        "07:00",
                        "08:30",
                        "17:16"
                    ],
                    "сб": [
                        "07:00",
                        "08:30",
                        "09:37",
                        "13:21",
                        "14:11"
                    ],
                    "вс": [
                        "07:00",
                        "08:30",
                        "09:37",
                        "13:21",
                        "14:11"
                    ]
                }
            },
            "Автовокзал": {
                "id": "5601",
                "schedule": {
                    "пн": [
                        "07:00",
                        "08:30",
                        "17:16"
                    ],
                    "вт": [
                        "07:00",
                        "08:30",
                        "17:16"
                    ],
                    "ср": [
                        "07:00",
                        "08:30",
                        "17:16"
                    ],
                    "чт": [
                        "07:00",
                        "08:30",
                        "17:16"
                    ],
                    "пт": [
                        "07:00",
                        "08:30",
                        "17:16"
                    ],
                    "сб": [
                        "07:00",
                        "08:30",
                        "09:37",
                        "13:21",
                        "14:11"
                    ],
                    "вс": [
                        "07:00",
                        "08:30",
                        "09:37",
                        "13:21",
                        "14:11"
                    ]
                }
            },
            "Магазин стройматериалов": {
                "id": "5441",
                "schedule": {
                    "пн": [
                        "07:02",
                        "08:32",
                        "17:18"
                    ],
                    "вт": [
                        "07:02",
                        "08:32",
                        "17:18"
                    ],
                    "ср": [
                        "07:02",
                        "08:32",
                        "17:18"
                    ],
                    "чт": [
                        "07:02",
                        "08:32",
                        "17:18"
                    ],
                    "пт": [
                        "07:02",
                        "08:32",
                        "17:18"
                    ],
                    "сб": [
                        "07:02",
                        "08:32",
                        "09:39",
                        "13:23",
                        "14:13"
                    ],
                    "вс": [
                        "07:02",
                        "08:32",
                        "09:39",
                        "13:23",
                        "14:13"
                    ]
                }
            },
            "Рынок": {
                "id": "5584",
                "schedule": {
                    "пн": [
                        "07:04",
                        "08:34",
                        "17:20"
                    ],
                    "вт": [
                        "07:04",
                        "08:34",
                        "17:20"
                    ],
                    "ср": [
                        "07:04",
                        "08:34",
                        "17:20"
                    ],
                    "чт": [
                        "07:04",
                        "08:34",
                        "17:20"
                    ],
                    "пт": [
                        "07:04",
                        "08:34",
                        "17:20"
                    ],
                    "сб": [
                        "07:04",
                        "08:34",
                        "09:41",
                        "13:25",
                        "14:15"
                    ],
                    "вс": [
                        "07:04",
                        "08:34",
                        "09:41",
                        "13:25",
                        "14:15"
                    ]
                }
            },
            "Аптека № 80": {
                "id": "5553",
                "schedule": {
                    "пн": [
                        "07:06",
                        "08:36",
                        "17:22"
                    ],
                    "вт": [
                        "07:06",
                        "08:36",
                        "17:22"
                    ],
                    "ср": [
                        "07:06",
                        "08:36",
                        "17:22"
                    ],
                    "чт": [
                        "07:06",
                        "08:36",
                        "17:22"
                    ],
                    "пт": [
                        "07:06",
                        "08:36",
                        "17:22"
                    ],
                    "сб": [
                        "07:06",
                        "08:36",
                        "09:43",
                        "13:27",
                        "14:17"
                    ],
                    "вс": [
                        "07:06",
                        "08:36",
                        "09:43",
                        "13:27",
                        "14:17"
                    ]
                }
            },
            "Библиотека": {
                "id": "36739",
                "schedule": {
                    "пн": [
                        "07:08",
                        "08:38",
                        "17:24"
                    ],
                    "вт": [
                        "07:08",
                        "08:38",
                        "17:24"
                    ],
                    "ср": [
                        "07:08",
                        "08:38",
                        "17:24"
                    ],
                    "чт": [
                        "07:08",
                        "08:38",
                        "17:24"
                    ],
                    "пт": [
                        "07:08",
                        "08:38",
                        "17:24"
                    ],
                    "сб": [
                        "07:08",
                        "08:38",
                        "09:45",
                        "13:29",
                        "14:19"
                    ],
                    "вс": [
                        "07:08",
                        "08:38",
                        "09:45",
                        "13:29",
                        "14:19"
                    ]
                }
            },
            "Мебельная фабрика": {
                "id": "36759",
                "schedule": {
                    "пн": [
                        "07:10",
                        "08:40",
                        "17:26"
                    ],
                    "вт": [
                        "07:10",
                        "08:40",
                        "17:26"
                    ],
                    "ср": [
                        "07:10",
                        "08:40",
                        "17:26"
                    ],
                    "чт": [
                        "07:10",
                        "08:40",
                        "17:26"
                    ],
                    "пт": [
                        "07:10",
                        "08:40",
                        "17:26"
                    ],
                    "сб": [
                        "07:10",
                        "08:40",
                        "09:47",
                        "13:31",
                        "14:21"
                    ],
                    "вс": [
                        "07:10",
                        "08:40",
                        "09:47",
                        "13:31",
                        "14:21"
                    ]
                }
            },
            "Комбинат хлебопродуктов": {
                "id": "36863",
                "schedule": {
                    "пн": [
                        "07:11",
                        "08:41",
                        "17:27"
                    ],
                    "вт": [
                        "07:11",
                        "08:41",
                        "17:27"
                    ],
                    "ср": [
                        "07:11",
                        "08:41",
                        "17:27"
                    ],
                    "чт": [
                        "07:11",
                        "08:41",
                        "17:27"
                    ],
                    "пт": [
                        "07:11",
                        "08:41",
                        "17:27"
                    ],
                    "сб": [
                        "07:11",
                        "08:41",
                        "09:48",
                        "13:32",
                        "14:22"
                    ],
                    "вс": [
                        "07:11",
                        "08:41",
                        "09:48",
                        "13:32",
                        "14:22"
                    ]
                }
            },
            "Хлебозавод": {
                "id": "36855",
                "schedule": {
                    "пн": [
                        "07:12",
                        "08:42",
                        "17:28"
                    ],
                    "вт": [
                        "07:12",
                        "08:42",
                        "17:28"
                    ],
                    "ср": [
                        "07:12",
                        "08:42",
                        "17:28"
                    ],
                    "чт": [
                        "07:12",
                        "08:42",
                        "17:28"
                    ],
                    "пт": [
                        "07:12",
                        "08:42",
                        "17:28"
                    ],
                    "сб": [
                        "07:12",
                        "08:42",
                        "09:49",
                        "13:33",
                        "14:23"
                    ],
                    "вс": [
                        "07:12",
                        "08:42",
                        "09:49",
                        "13:33",
                        "14:23"
                    ]
                }
            },
            "Лучники (школа)": {
                "id": "36813",
                "schedule": {
                    "пн": [
                        "07:14",
                        "08:44",
                        "17:30"
                    ],
                    "вт": [
                        "07:14",
                        "08:44",
                        "17:30"
                    ],
                    "ср": [
                        "07:14",
                        "08:44",
                        "17:30"
                    ],
                    "чт": [
                        "07:14",
                        "08:44",
                        "17:30"
                    ],
                    "пт": [
                        "07:14",
                        "08:44",
                        "17:30"
                    ],
                    "сб": [
                        "07:14",
                        "08:44",
                        "09:51",
                        "13:35",
                        "14:25"
                    ],
                    "вс": [
                        "07:14",
                        "08:44",
                        "09:51",
                        "13:35",
                        "14:25"
                    ]
                }
            },
            "Центральная": {
                "id": "36614",
                "schedule": {
                    "пн": [
                        "07:15",
                        "08:45",
                        "17:31"
                    ],
                    "вт": [
                        "07:15",
                        "08:45",
                        "17:31"
                    ],
                    "ср": [
                        "07:15",
                        "08:45",
                        "17:31"
                    ],
                    "чт": [
                        "07:15",
                        "08:45",
                        "17:31"
                    ],
                    "пт": [
                        "07:15",
                        "08:45",
                        "17:31"
                    ],
                    "сб": [
                        "07:15",
                        "08:45",
                        "09:52",
                        "13:36",
                        "14:26"
                    ],
                    "вс": [
                        "07:15",
                        "08:45",
                        "09:52",
                        "13:36",
                        "14:26"
                    ]
                }
            },
            "Юбилейная": {
                "id": "36665",
                "schedule": {
                    "пн": [
                        "07:16",
                        "08:46",
                        "17:32"
                    ],
                    "вт": [
                        "07:16",
                        "08:46",
                        "17:32"
                    ],
                    "ср": [
                        "07:16",
                        "08:46",
                        "17:32"
                    ],
                    "чт": [
                        "07:16",
                        "08:46",
                        "17:32"
                    ],
                    "пт": [
                        "07:16",
                        "08:46",
                        "17:32"
                    ],
                    "сб": [
                        "07:16",
                        "08:46",
                        "09:53",
                        "13:37",
                        "14:27"
                    ],
                    "вс": [
                        "07:16",
                        "08:46",
                        "09:53",
                        "13:37",
                        "14:27"
                    ]
                }
            },
            "Лучники (Центр)": {
                "id": "36861",
                "schedule": {
                    "пн": [
                        "07:17",
                        "08:47",
                        "17:33"
                    ],
                    "вт": [
                        "07:17",
                        "08:47",
                        "17:33"
                    ],
                    "ср": [
                        "07:17",
                        "08:47",
                        "17:33"
                    ],
                    "чт": [
                        "07:17",
                        "08:47",
                        "17:33"
                    ],
                    "пт": [
                        "07:17",
                        "08:47",
                        "17:33"
                    ],
                    "сб": [
                        "07:17",
                        "08:47",
                        "09:54",
                        "13:38",
                        "14:28"
                    ],
                    "вс": [
                        "07:17",
                        "08:47",
                        "09:54",
                        "13:38",
                        "14:28"
                    ]
                }
            }
        },
        "Лучники (Центр) - Автовокзал *": {
            "Лучники (Центр)": {
                "id": "36861",
                "schedule": {
                    "пн": [
                        "06:42",
                        "07:25",
                        "08:49",
                        "15:50"
                    ],
                    "вт": [
                        "06:42",
                        "07:25",
                        "08:49",
                        "15:50"
                    ],
                    "ср": [
                        "06:42",
                        "07:25",
                        "08:49",
                        "15:50"
                    ],
                    "чт": [
                        "06:42",
                        "07:25",
                        "08:49",
                        "15:50"
                    ],
                    "пт": [
                        "06:42",
                        "07:25",
                        "08:49",
                        "15:50"
                    ],
                    "сб": [
                        "07:25",
                        "08:49",
                        "10:01",
                        "13:42",
                        "14:34"
                    ],
                    "вс": [
                        "07:25",
                        "08:49",
                        "10:01",
                        "13:42",
                        "14:34"
                    ]
                }
            },
            "Юбилейная": {
                "id": "36719",
                "schedule": {
                    "пн": [
                        "06:43",
                        "07:26",
                        "08:50",
                        "15:51"
                    ],
                    "вт": [
                        "06:43",
                        "07:26",
                        "08:50",
                        "15:51"
                    ],
                    "ср": [
                        "06:43",
                        "07:26",
                        "08:50",
                        "15:51"
                    ],
                    "чт": [
                        "06:43",
                        "07:26",
                        "08:50",
                        "15:51"
                    ],
                    "пт": [
                        "06:43",
                        "07:26",
                        "08:50",
                        "15:51"
                    ],
                    "сб": [
                        "07:26",
                        "08:50",
                        "10:02",
                        "13:43",
                        "14:35"
                    ],
                    "вс": [
                        "07:26",
                        "08:50",
                        "10:02",
                        "13:43",
                        "14:35"
                    ]
                }
            },
            "Центральная": {
                "id": "36842",
                "schedule": {
                    "пн": [
                        "06:44",
                        "07:27",
                        "08:51",
                        "15:52"
                    ],
                    "вт": [
                        "06:44",
                        "07:27",
                        "08:51",
                        "15:52"
                    ],
                    "ср": [
                        "06:44",
                        "07:27",
                        "08:51",
                        "15:52"
                    ],
                    "чт": [
                        "06:44",
                        "07:27",
                        "08:51",
                        "15:52"
                    ],
                    "пт": [
                        "06:44",
                        "07:27",
                        "08:51",
                        "15:52"
                    ],
                    "сб": [
                        "07:27",
                        "08:51",
                        "10:03",
                        "13:44",
                        "14:36"
                    ],
                    "вс": [
                        "07:27",
                        "08:51",
                        "10:03",
                        "13:44",
                        "14:36"
                    ]
                }
            },
            "Лучники (школа)": {
                "id": "36775",
                "schedule": {
                    "пн": [
                        "06:45",
                        "07:28",
                        "08:52",
                        "15:53"
                    ],
                    "вт": [
                        "06:45",
                        "07:28",
                        "08:52",
                        "15:53"
                    ],
                    "ср": [
                        "06:45",
                        "07:28",
                        "08:52",
                        "15:53"
                    ],
                    "чт": [
                        "06:45",
                        "07:28",
                        "08:52",
                        "15:53"
                    ],
                    "пт": [
                        "06:45",
                        "07:28",
                        "08:52",
                        "15:53"
                    ],
                    "сб": [
                        "07:28",
                        "08:52",
                        "10:04",
                        "13:45",
                        "14:37"
                    ],
                    "вс": [
                        "07:28",
                        "08:52",
                        "10:04",
                        "13:45",
                        "14:37"
                    ]
                }
            },
            "Хлебозавод": {
                "id": "36824",
                "schedule": {
                    "пн": [
                        "06:47",
                        "07:30",
                        "08:54",
                        "15:55"
                    ],
                    "вт": [
                        "06:47",
                        "07:30",
                        "08:54",
                        "15:55"
                    ],
                    "ср": [
                        "06:47",
                        "07:30",
                        "08:54",
                        "15:55"
                    ],
                    "чт": [
                        "06:47",
                        "07:30",
                        "08:54",
                        "15:55"
                    ],
                    "пт": [
                        "06:47",
                        "07:30",
                        "08:54",
                        "15:55"
                    ],
                    "сб": [
                        "07:30",
                        "08:54",
                        "10:06",
                        "13:47",
                        "14:39"
                    ],
                    "вс": [
                        "07:30",
                        "08:54",
                        "10:06",
                        "13:47",
                        "14:39"
                    ]
                }
            },
            "Комбинат хлебопродуктов": {
                "id": "36650",
                "schedule": {
                    "пн": [
                        "06:48",
                        "07:31",
                        "08:55",
                        "15:56"
                    ],
                    "вт": [
                        "06:48",
                        "07:31",
                        "08:55",
                        "15:56"
                    ],
                    "ср": [
                        "06:48",
                        "07:31",
                        "08:55",
                        "15:56"
                    ],
                    "чт": [
                        "06:48",
                        "07:31",
                        "08:55",
                        "15:56"
                    ],
                    "пт": [
                        "06:48",
                        "07:31",
                        "08:55",
                        "15:56"
                    ],
                    "сб": [
                        "07:31",
                        "08:55",
                        "10:07",
                        "13:48",
                        "14:40"
                    ],
                    "вс": [
                        "07:31",
                        "08:55",
                        "10:07",
                        "13:48",
                        "14:40"
                    ]
                }
            },
            "Мебельная фабрика": {
                "id": "36707",
                "schedule": {
                    "пн": [
                        "06:49",
                        "07:32",
                        "08:56",
                        "15:57"
                    ],
                    "вт": [
                        "06:49",
                        "07:32",
                        "08:56",
                        "15:57"
                    ],
                    "ср": [
                        "06:49",
                        "07:32",
                        "08:56",
                        "15:57"
                    ],
                    "чт": [
                        "06:49",
                        "07:32",
                        "08:56",
                        "15:57"
                    ],
                    "пт": [
                        "06:49",
                        "07:32",
                        "08:56",
                        "15:57"
                    ],
                    "сб": [
                        "07:32",
                        "08:56",
                        "10:08",
                        "13:49",
                        "14:41"
                    ],
                    "вс": [
                        "07:32",
                        "08:56",
                        "10:08",
                        "13:49",
                        "14:41"
                    ]
                }
            },
            "Копыльская": {
                "id": "5513",
                "schedule": {
                    "пн": [
                        "06:52",
                        "07:35",
                        "08:59",
                        "16:00"
                    ],
                    "вт": [
                        "06:52",
                        "07:35",
                        "08:59",
                        "16:00"
                    ],
                    "ср": [
                        "06:52",
                        "07:35",
                        "08:59",
                        "16:00"
                    ],
                    "чт": [
                        "06:52",
                        "07:35",
                        "08:59",
                        "16:00"
                    ],
                    "пт": [
                        "06:52",
                        "07:35",
                        "08:59",
                        "16:00"
                    ],
                    "сб": [
                        "07:35",
                        "08:59",
                        "10:11",
                        "13:52",
                        "14:44"
                    ],
                    "вс": [
                        "07:35",
                        "08:59",
                        "10:11",
                        "13:52",
                        "14:44"
                    ]
                }
            },
            "Рынок": {
                "id": "5596",
                "schedule": {
                    "пн": [
                        "06:54",
                        "07:37",
                        "09:01",
                        "16:02"
                    ],
                    "вт": [
                        "06:54",
                        "07:37",
                        "09:01",
                        "16:02"
                    ],
                    "ср": [
                        "06:54",
                        "07:37",
                        "09:01",
                        "16:02"
                    ],
                    "чт": [
                        "06:54",
                        "07:37",
                        "09:01",
                        "16:02"
                    ],
                    "пт": [
                        "06:54",
                        "07:37",
                        "09:01",
                        "16:02"
                    ],
                    "сб": [
                        "07:37",
                        "09:01",
                        "10:13",
                        "13:54",
                        "14:46"
                    ],
                    "вс": [
                        "07:37",
                        "09:01",
                        "10:13",
                        "13:54",
                        "14:46"
                    ]
                }
            },
            "Магазин стройматериалов": {
                "id": "5405",
                "schedule": {
                    "пн": [
                        "06:56",
                        "07:39",
                        "09:03",
                        "16:04"
                    ],
                    "вт": [
                        "06:56",
                        "07:39",
                        "09:03",
                        "16:04"
                    ],
                    "ср": [
                        "06:56",
                        "07:39",
                        "09:03",
                        "16:04"
                    ],
                    "чт": [
                        "06:56",
                        "07:39",
                        "09:03",
                        "16:04"
                    ],
                    "пт": [
                        "06:56",
                        "07:39",
                        "09:03",
                        "16:04"
                    ],
                    "сб": [
                        "07:39",
                        "09:03",
                        "10:15",
                        "13:56",
                        "14:48"
                    ],
                    "вс": [
                        "07:39",
                        "09:03",
                        "10:15",
                        "13:56",
                        "14:48"
                    ]
                }
            },
            "Автовокзал *": {
                "id": "64730",
                "schedule": {
                    "пн": [
                        "06:57",
                        "07:40",
                        "09:04",
                        "16:05"
                    ],
                    "вт": [
                        "06:57",
                        "07:40",
                        "09:04",
                        "16:05"
                    ],
                    "ср": [
                        "06:57",
                        "07:40",
                        "09:04",
                        "16:05"
                    ],
                    "чт": [
                        "06:57",
                        "07:40",
                        "09:04",
                        "16:05"
                    ],
                    "пт": [
                        "06:57",
                        "07:40",
                        "09:04",
                        "16:05"
                    ],
                    "сб": [
                        "07:40",
                        "09:04",
                        "10:16",
                        "13:57",
                        "14:49"
                    ],
                    "вс": [
                        "07:40",
                        "09:04",
                        "10:16",
                        "13:57",
                        "14:49"
                    ]
                }
            }
        }
    }
}