{
    "4а": {
        "СЭС - Лучники (Центр)": {
            "СЭС": {
                "id": "64513",
                "schedule": {
                    "пн": [
                        "12:03",
                        "13:12",
                        "14:20",
                        "15:20",
                        "18:06"
                    ],
                    "вт": [
                        "12:03",
                        "13:12",
                        "14:20",
                        "15:20",
                        "18:06"
                    ],
                    "ср": [
                        "12:03",
                        "13:12",
                        "14:20",
                        "15:20",
                        "18:06"
                    ],
                    "чт": [
                        "12:03",
                        "13:12",
                        "14:20",
                        "15:20",
                        "18:06"
                    ],
                    "пт": [
                        "12:03",
                        "13:12",
                        "14:20",
                        "15:20",
                        "18:06"
                    ],
                    "сб": [],
                    "вс": []
                }
            },
            "Поселковая": {
                "id": "64622",
                "schedule": {
                    "пн": [
                        "12:07",
                        "13:16",
                        "14:24",
                        "15:24",
                        "18:10"
                    ],
                    "вт": [
                        "12:07",
                        "13:16",
                        "14:24",
                        "15:24",
                        "18:10"
                    ],
                    "ср": [
                        "12:07",
                        "13:16",
                        "14:24",
                        "15:24",
                        "18:10"
                    ],
                    "чт": [
                        "12:07",
                        "13:16",
                        "14:24",
                        "15:24",
                        "18:10"
                    ],
                    "пт": [
                        "12:07",
                        "13:16",
                        "14:24",
                        "15:24",
                        "18:10"
                    ],
                    "сб": [],
                    "вс": []
                }
            },
            "Гаспадарчая": {
                "id": "64598",
                "schedule": {
                    "пн": [
                        "12:08",
                        "13:17",
                        "14:25",
                        "15:25",
                        "18:11"
                    ],
                    "вт": [
                        "12:08",
                        "13:17",
                        "14:25",
                        "15:25",
                        "18:11"
                    ],
                    "ср": [
                        "12:08",
                        "13:17",
                        "14:25",
                        "15:25",
                        "18:11"
                    ],
                    "чт": [
                        "12:08",
                        "13:17",
                        "14:25",
                        "15:25",
                        "18:11"
                    ],
                    "пт": [
                        "12:08",
                        "13:17",
                        "14:25",
                        "15:25",
                        "18:11"
                    ],
                    "сб": [],
                    "вс": []
                }
            },
            "Водоканал": {
                "id": "5555",
                "schedule": {
                    "пн": [
                        "12:09",
                        "13:18",
                        "14:26",
                        "15:26",
                        "18:12"
                    ],
                    "вт": [
                        "12:09",
                        "13:18",
                        "14:26",
                        "15:26",
                        "18:12"
                    ],
                    "ср": [
                        "12:09",
                        "13:18",
                        "14:26",
                        "15:26",
                        "18:12"
                    ],
                    "чт": [
                        "12:09",
                        "13:18",
                        "14:26",
                        "15:26",
                        "18:12"
                    ],
                    "пт": [
                        "12:09",
                        "13:18",
                        "14:26",
                        "15:26",
                        "18:12"
                    ],
                    "сб": [],
                    "вс": []
                }
            },
            "Крановый завод": {
                "id": "5460",
                "schedule": {
                    "пн": [
                        "12:10",
                        "13:19",
                        "14:27",
                        "15:27",
                        "18:13"
                    ],
                    "вт": [
                        "12:10",
                        "13:19",
                        "14:27",
                        "15:27",
                        "18:13"
                    ],
                    "ср": [
                        "12:10",
                        "13:19",
                        "14:27",
                        "15:27",
                        "18:13"
                    ],
                    "чт": [
                        "12:10",
                        "13:19",
                        "14:27",
                        "15:27",
                        "18:13"
                    ],
                    "пт": [
                        "12:10",
                        "13:19",
                        "14:27",
                        "15:27",
                        "18:13"
                    ],
                    "сб": [],
                    "вс": []
                }
            },
            "Автовокзал": {
                "id": "5601",
                "schedule": {
                    "пн": [
                        "12:12",
                        "13:21",
                        "14:29",
                        "15:29",
                        "18:15"
                    ],
                    "вт": [
                        "12:12",
                        "13:21",
                        "14:29",
                        "15:29",
                        "18:15"
                    ],
                    "ср": [
                        "12:12",
                        "13:21",
                        "14:29",
                        "15:29",
                        "18:15"
                    ],
                    "чт": [
                        "12:12",
                        "13:21",
                        "14:29",
                        "15:29",
                        "18:15"
                    ],
                    "пт": [
                        "12:12",
                        "13:21",
                        "14:29",
                        "15:29",
                        "18:15"
                    ],
                    "сб": [],
                    "вс": []
                }
            },
            "Магазин стройматериалов": {
                "id": "5441",
                "schedule": {
                    "пн": [
                        "12:14",
                        "13:23",
                        "14:31",
                        "15:31",
                        "18:17"
                    ],
                    "вт": [
                        "12:14",
                        "13:23",
                        "14:31",
                        "15:31",
                        "18:17"
                    ],
                    "ср": [
                        "12:14",
                        "13:23",
                        "14:31",
                        "15:31",
                        "18:17"
                    ],
                    "чт": [
                        "12:14",
                        "13:23",
                        "14:31",
                        "15:31",
                        "18:17"
                    ],
                    "пт": [
                        "12:14",
                        "13:23",
                        "14:31",
                        "15:31",
                        "18:17"
                    ],
                    "сб": [],
                    "вс": []
                }
            },
            "Рынок": {
                "id": "5584",
                "schedule": {
                    "пн": [
                        "12:16",
                        "13:25",
                        "14:33",
                        "15:33",
                        "18:19"
                    ],
                    "вт": [
                        "12:16",
                        "13:25",
                        "14:33",
                        "15:33",
                        "18:19"
                    ],
                    "ср": [
                        "12:16",
                        "13:25",
                        "14:33",
                        "15:33",
                        "18:19"
                    ],
                    "чт": [
                        "12:16",
                        "13:25",
                        "14:33",
                        "15:33",
                        "18:19"
                    ],
                    "пт": [
                        "12:16",
                        "13:25",
                        "14:33",
                        "15:33",
                        "18:19"
                    ],
                    "сб": [],
                    "вс": []
                }
            },
            "Аптека № 80": {
                "id": "5553",
                "schedule": {
                    "пн": [
                        "12:18",
                        "13:27",
                        "14:35",
                        "15:35",
                        "18:21"
                    ],
                    "вт": [
                        "12:18",
                        "13:27",
                        "14:35",
                        "15:35",
                        "18:21"
                    ],
                    "ср": [
                        "12:18",
                        "13:27",
                        "14:35",
                        "15:35",
                        "18:21"
                    ],
                    "чт": [
                        "12:18",
                        "13:27",
                        "14:35",
                        "15:35",
                        "18:21"
                    ],
                    "пт": [
                        "12:18",
                        "13:27",
                        "14:35",
                        "15:35",
                        "18:21"
                    ],
                    "сб": [],
                    "вс": []
                }
            },
            "Библиотека": {
                "id": "36739",
                "schedule": {
                    "пн": [
                        "12:20",
                        "13:29",
                        "14:37",
                        "15:37",
                        "18:23"
                    ],
                    "вт": [
                        "12:20",
                        "13:29",
                        "14:37",
                        "15:37",
                        "18:23"
                    ],
                    "ср": [
                        "12:20",
                        "13:29",
                        "14:37",
                        "15:37",
                        "18:23"
                    ],
                    "чт": [
                        "12:20",
                        "13:29",
                        "14:37",
                        "15:37",
                        "18:23"
                    ],
                    "пт": [
                        "12:20",
                        "13:29",
                        "14:37",
                        "15:37",
                        "18:23"
                    ],
                    "сб": [],
                    "вс": []
                }
            },
            "Мебельная фабрика": {
                "id": "36759",
                "schedule": {
                    "пн": [
                        "12:22",
                        "13:31",
                        "14:39",
                        "15:39",
                        "18:25"
                    ],
                    "вт": [
                        "12:22",
                        "13:31",
                        "14:39",
                        "15:39",
                        "18:25"
                    ],
                    "ср": [
                        "12:22",
                        "13:31",
                        "14:39",
                        "15:39",
                        "18:25"
                    ],
                    "чт": [
                        "12:22",
                        "13:31",
                        "14:39",
                        "15:39",
                        "18:25"
                    ],
                    "пт": [
                        "12:22",
                        "13:31",
                        "14:39",
                        "15:39",
                        "18:25"
                    ],
                    "сб": [],
                    "вс": []
                }
            },
            "Комбинат хлебопродуктов": {
                "id": "36863",
                "schedule": {
                    "пн": [
                        "12:23",
                        "13:32",
                        "14:40",
                        "15:40",
                        "18:26"
                    ],
                    "вт": [
                        "12:23",
                        "13:32",
                        "14:40",
                        "15:40",
                        "18:26"
                    ],
                    "ср": [
                        "12:23",
                        "13:32",
                        "14:40",
                        "15:40",
                        "18:26"
                    ],
                    "чт": [
                        "12:23",
                        "13:32",
                        "14:40",
                        "15:40",
                        "18:26"
                    ],
                    "пт": [
                        "12:23",
                        "13:32",
                        "14:40",
                        "15:40",
                        "18:26"
                    ],
                    "сб": [],
                    "вс": []
                }
            },
            "Хлебозавод": {
                "id": "36855",
                "schedule": {
                    "пн": [
                        "12:24",
                        "13:33",
                        "14:41",
                        "15:41",
                        "18:27"
                    ],
                    "вт": [
                        "12:24",
                        "13:33",
                        "14:41",
                        "15:41",
                        "18:27"
                    ],
                    "ср": [
                        "12:24",
                        "13:33",
                        "14:41",
                        "15:41",
                        "18:27"
                    ],
                    "чт": [
                        "12:24",
                        "13:33",
                        "14:41",
                        "15:41",
                        "18:27"
                    ],
                    "пт": [
                        "12:24",
                        "13:33",
                        "14:41",
                        "15:41",
                        "18:27"
                    ],
                    "сб": [],
                    "вс": []
                }
            },
            "Лучники (школа)": {
                "id": "36813",
                "schedule": {
                    "пн": [
                        "12:26",
                        "13:35",
                        "14:43",
                        "15:43",
                        "18:29"
                    ],
                    "вт": [
                        "12:26",
                        "13:35",
                        "14:43",
                        "15:43",
                        "18:29"
                    ],
                    "ср": [
                        "12:26",
                        "13:35",
                        "14:43",
                        "15:43",
                        "18:29"
                    ],
                    "чт": [
                        "12:26",
                        "13:35",
                        "14:43",
                        "15:43",
                        "18:29"
                    ],
                    "пт": [
                        "12:26",
                        "13:35",
                        "14:43",
                        "15:43",
                        "18:29"
                    ],
                    "сб": [],
                    "вс": []
                }
            },
            "Центральная": {
                "id": "36614",
                "schedule": {
                    "пн": [
                        "12:27",
                        "13:36",
                        "14:44",
                        "15:44",
                        "18:30"
                    ],
                    "вт": [
                        "12:27",
                        "13:36",
                        "14:44",
                        "15:44",
                        "18:30"
                    ],
                    "ср": [
                        "12:27",
                        "13:36",
                        "14:44",
                        "15:44",
                        "18:30"
                    ],
                    "чт": [
                        "12:27",
                        "13:36",
                        "14:44",
                        "15:44",
                        "18:30"
                    ],
                    "пт": [
                        "12:27",
                        "13:36",
                        "14:44",
                        "15:44",
                        "18:30"
                    ],
                    "сб": [],
                    "вс": []
                }
            },
            "Юбилейная": {
                "id": "36665",
                "schedule": {
                    "пн": [
                        "12:28",
                        "13:37",
                        "14:45",
                        "15:45",
                        "18:31"
                    ],
                    "вт": [
                        "12:28",
                        "13:37",
                        "14:45",
                        "15:45",
                        "18:31"
                    ],
                    "ср": [
                        "12:28",
                        "13:37",
                        "14:45",
                        "15:45",
                        "18:31"
                    ],
                    "чт": [
                        "12:28",
                        "13:37",
                        "14:45",
                        "15:45",
                        "18:31"
                    ],
                    "пт": [
                        "12:28",
                        "13:37",
                        "14:45",
                        "15:45",
                        "18:31"
                    ],
                    "сб": [],
                    "вс": []
                }
            },
            "Лучники (Центр)": {
                "id": "36861",
                "schedule": {
                    "пн": [
                        "12:29",
                        "13:38",
                        "14:46",
                        "15:46",
                        "18:32"
                    ],
                    "вт": [
                        "12:29",
                        "13:38",
                        "14:46",
                        "15:46",
                        "18:32"
                    ],
                    "ср": [
                        "12:29",
                        "13:38",
                        "14:46",
                        "15:46",
                        "18:32"
                    ],
                    "чт": [
                        "12:29",
                        "13:38",
                        "14:46",
                        "15:46",
                        "18:32"
                    ],
                    "пт": [
                        "12:29",
                        "13:38",
                        "14:46",
                        "15:46",
                        "18:32"
                    ],
                    "сб": [],
                    "вс": []
                }
            }
        },
        "Лучники (Центр) - СЭС": {
            "Лучники (Центр)": {
                "id": "36861",
                "schedule": {
                    "пн": [
                        "12:31",
                        "13:42",
                        "14:50",
                        "17:40",
                        "18:35"
                    ],
                    "вт": [
                        "12:31",
                        "13:42",
                        "14:50",
                        "17:40",
                        "18:35"
                    ],
                    "ср": [
                        "12:31",
                        "13:42",
                        "14:50",
                        "17:40",
                        "18:35"
                    ],
                    "чт": [
                        "12:31",
                        "13:42",
                        "14:50",
                        "17:40",
                        "18:35"
                    ],
                    "пт": [
                        "12:31",
                        "13:42",
                        "14:50",
                        "17:40",
                        "18:35"
                    ],
                    "сб": [],
                    "вс": []
                }
            },
            "Юбилейная": {
                "id": "36719",
                "schedule": {
                    "пн": [
                        "12:32",
                        "13:43",
                        "14:51",
                        "17:41",
                        "18:36"
                    ],
                    "вт": [
                        "12:32",
                        "13:43",
                        "14:51",
                        "17:41",
                        "18:36"
                    ],
                    "ср": [
                        "12:32",
                        "13:43",
                        "14:51",
                        "17:41",
                        "18:36"
                    ],
                    "чт": [
                        "12:32",
                        "13:43",
                        "14:51",
                        "17:41",
                        "18:36"
                    ],
                    "пт": [
                        "12:32",
                        "13:43",
                        "14:51",
                        "17:41",
                        "18:36"
                    ],
                    "сб": [],
                    "вс": []
                }
            },
            "Центральная": {
                "id": "36842",
                "schedule": {
                    "пн": [
                        "12:33",
                        "13:44",
                        "14:52",
                        "17:42",
                        "18:37"
                    ],
                    "вт": [
                        "12:33",
                        "13:44",
                        "14:52",
                        "17:42",
                        "18:37"
                    ],
                    "ср": [
                        "12:33",
                        "13:44",
                        "14:52",
                        "17:42",
                        "18:37"
                    ],
                    "чт": [
                        "12:33",
                        "13:44",
                        "14:52",
                        "17:42",
                        "18:37"
                    ],
                    "пт": [
                        "12:33",
                        "13:44",
                        "14:52",
                        "17:42",
                        "18:37"
                    ],
                    "сб": [],
                    "вс": []
                }
            },
            "Лучники (школа)": {
                "id": "36775",
                "schedule": {
                    "пн": [
                        "12:34",
                        "13:45",
                        "14:53",
                        "17:43",
                        "18:38"
                    ],
                    "вт": [
                        "12:34",
                        "13:45",
                        "14:53",
                        "17:43",
                        "18:38"
                    ],
                    "ср": [
                        "12:34",
                        "13:45",
                        "14:53",
                        "17:43",
                        "18:38"
                    ],
                    "чт": [
                        "12:34",
                        "13:45",
                        "14:53",
                        "17:43",
                        "18:38"
                    ],
                    "пт": [
                        "12:34",
                        "13:45",
                        "14:53",
                        "17:43",
                        "18:38"
                    ],
                    "сб": [],
                    "вс": []
                }
            },
            "Хлебозавод": {
                "id": "36824",
                "schedule": {
                    "пн": [
                        "12:36",
                        "13:47",
                        "14:55",
                        "17:45",
                        "18:40"
                    ],
                    "вт": [
                        "12:36",
                        "13:47",
                        "14:55",
                        "17:45",
                        "18:40"
                    ],
                    "ср": [
                        "12:36",
                        "13:47",
                        "14:55",
                        "17:45",
                        "18:40"
                    ],
                    "чт": [
                        "12:36",
                        "13:47",
                        "14:55",
                        "17:45",
                        "18:40"
                    ],
                    "пт": [
                        "12:36",
                        "13:47",
                        "14:55",
                        "17:45",
                        "18:40"
                    ],
                    "сб": [],
                    "вс": []
                }
            },
            "Комбинат хлебопродуктов": {
                "id": "36650",
                "schedule": {
                    "пн": [
                        "12:37",
                        "13:48",
                        "14:56",
                        "17:46",
                        "18:41"
                    ],
                    "вт": [
                        "12:37",
                        "13:48",
                        "14:56",
                        "17:46",
                        "18:41"
                    ],
                    "ср": [
                        "12:37",
                        "13:48",
                        "14:56",
                        "17:46",
                        "18:41"
                    ],
                    "чт": [
                        "12:37",
                        "13:48",
                        "14:56",
                        "17:46",
                        "18:41"
                    ],
                    "пт": [
                        "12:37",
                        "13:48",
                        "14:56",
                        "17:46",
                        "18:41"
                    ],
                    "сб": [],
                    "вс": []
                }
            },
            "Мебельная фабрика": {
                "id": "36707",
                "schedule": {
                    "пн": [
                        "12:38",
                        "13:49",
                        "14:57",
                        "17:47",
                        "18:42"
                    ],
                    "вт": [
                        "12:38",
                        "13:49",
                        "14:57",
                        "17:47",
                        "18:42"
                    ],
                    "ср": [
                        "12:38",
                        "13:49",
                        "14:57",
                        "17:47",
                        "18:42"
                    ],
                    "чт": [
                        "12:38",
                        "13:49",
                        "14:57",
                        "17:47",
                        "18:42"
                    ],
                    "пт": [
                        "12:38",
                        "13:49",
                        "14:57",
                        "17:47",
                        "18:42"
                    ],
                    "сб": [],
                    "вс": []
                }
            },
            "Копыльская": {
                "id": "5513",
                "schedule": {
                    "пн": [
                        "12:41",
                        "13:52",
                        "15:00",
                        "17:50",
                        "18:45"
                    ],
                    "вт": [
                        "12:41",
                        "13:52",
                        "15:00",
                        "17:50",
                        "18:45"
                    ],
                    "ср": [
                        "12:41",
                        "13:52",
                        "15:00",
                        "17:50",
                        "18:45"
                    ],
                    "чт": [
                        "12:41",
                        "13:52",
                        "15:00",
                        "17:50",
                        "18:45"
                    ],
                    "пт": [
                        "12:41",
                        "13:52",
                        "15:00",
                        "17:50",
                        "18:45"
                    ],
                    "сб": [],
                    "вс": []
                }
            },
            "Рынок": {
                "id": "5596",
                "schedule": {
                    "пн": [
                        "12:43",
                        "13:54",
                        "15:02",
                        "17:52",
                        "18:47"
                    ],
                    "вт": [
                        "12:43",
                        "13:54",
                        "15:02",
                        "17:52",
                        "18:47"
                    ],
                    "ср": [
                        "12:43",
                        "13:54",
                        "15:02",
                        "17:52",
                        "18:47"
                    ],
                    "чт": [
                        "12:43",
                        "13:54",
                        "15:02",
                        "17:52",
                        "18:47"
                    ],
                    "пт": [
                        "12:43",
                        "13:54",
                        "15:02",
                        "17:52",
                        "18:47"
                    ],
                    "сб": [],
                    "вс": []
                }
            },
            "Магазин стройматериалов": {
                "id": "5405",
                "schedule": {
                    "пн": [
                        "12:45",
                        "13:56",
                        "15:04",
                        "17:54",
                        "18:49"
                    ],
                    "вт": [
                        "12:45",
                        "13:56",
                        "15:04",
                        "17:54",
                        "18:49"
                    ],
                    "ср": [
                        "12:45",
                        "13:56",
                        "15:04",
                        "17:54",
                        "18:49"
                    ],
                    "чт": [
                        "12:45",
                        "13:56",
                        "15:04",
                        "17:54",
                        "18:49"
                    ],
                    "пт": [
                        "12:45",
                        "13:56",
                        "15:04",
                        "17:54",
                        "18:49"
                    ],
                    "сб": [],
                    "вс": []
                }
            },
            "Автовокзал": {
                "id": "5461",
                "schedule": {
                    "пн": [
                        "12:46",
                        "13:57",
                        "15:05",
                        "17:55",
                        "18:50"
                    ],
                    "вт": [
                        "12:46",
                        "13:57",
                        "15:05",
                        "17:55",
                        "18:50"
                    ],
                    "ср": [
                        "12:46",
                        "13:57",
                        "15:05",
                        "17:55",
                        "18:50"
                    ],
                    "чт": [
                        "12:46",
                        "13:57",
                        "15:05",
                        "17:55",
                        "18:50"
                    ],
                    "пт": [
                        "12:46",
                        "13:57",
                        "15:05",
                        "17:55",
                        "18:50"
                    ],
                    "сб": [],
                    "вс": []
                }
            },
            "Крановый завод": {
                "id": "5408",
                "schedule": {
                    "пн": [
                        "12:48",
                        "13:59",
                        "15:07",
                        "17:57",
                        "18:52"
                    ],
                    "вт": [
                        "12:48",
                        "13:59",
                        "15:07",
                        "17:57",
                        "18:52"
                    ],
                    "ср": [
                        "12:48",
                        "13:59",
                        "15:07",
                        "17:57",
                        "18:52"
                    ],
                    "чт": [
                        "12:48",
                        "13:59",
                        "15:07",
                        "17:57",
                        "18:52"
                    ],
                    "пт": [
                        "12:48",
                        "13:59",
                        "15:07",
                        "17:57",
                        "18:52"
                    ],
                    "сб": [],
                    "вс": []
                }
            },
            "Спасская": {
                "id": "64766",
                "schedule": {
                    "пн": [
                        "12:49",
                        "14:00",
                        "15:08",
                        "17:58",
                        "18:53"
                    ],
                    "вт": [
                        "12:49",
                        "14:00",
                        "15:08",
                        "17:58",
                        "18:53"
                    ],
                    "ср": [
                        "12:49",
                        "14:00",
                        "15:08",
                        "17:58",
                        "18:53"
                    ],
                    "чт": [
                        "12:49",
                        "14:00",
                        "15:08",
                        "17:58",
                        "18:53"
                    ],
                    "пт": [
                        "12:49",
                        "14:00",
                        "15:08",
                        "17:58",
                        "18:53"
                    ],
                    "сб": [],
                    "вс": []
                }
            },
            "Водоканал": {
                "id": "5443",
                "schedule": {
                    "пн": [
                        "12:50",
                        "14:01",
                        "15:09",
                        "17:59",
                        "18:54"
                    ],
                    "вт": [
                        "12:50",
                        "14:01",
                        "15:09",
                        "17:59",
                        "18:54"
                    ],
                    "ср": [
                        "12:50",
                        "14:01",
                        "15:09",
                        "17:59",
                        "18:54"
                    ],
                    "чт": [
                        "12:50",
                        "14:01",
                        "15:09",
                        "17:59",
                        "18:54"
                    ],
                    "пт": [
                        "12:50",
                        "14:01",
                        "15:09",
                        "17:59",
                        "18:54"
                    ],
                    "сб": [],
                    "вс": []
                }
            },
            "Гаспадарчая": {
                "id": "39528",
                "schedule": {
                    "пн": [
                        "12:51",
                        "14:02",
                        "15:10",
                        "18:00",
                        "18:55"
                    ],
                    "вт": [
                        "12:51",
                        "14:02",
                        "15:10",
                        "18:00",
                        "18:55"
                    ],
                    "ср": [
                        "12:51",
                        "14:02",
                        "15:10",
                        "18:00",
                        "18:55"
                    ],
                    "чт": [
                        "12:51",
                        "14:02",
                        "15:10",
                        "18:00",
                        "18:55"
                    ],
                    "пт": [
                        "12:51",
                        "14:02",
                        "15:10",
                        "18:00",
                        "18:55"
                    ],
                    "сб": [],
                    "вс": []
                }
            },
            "Поселковая": {
                "id": "39444",
                "schedule": {
                    "пн": [
                        "12:52",
                        "14:03",
                        "15:11",
                        "18:01",
                        "18:56"
                    ],
                    "вт": [
                        "12:52",
                        "14:03",
                        "15:11",
                        "18:01",
                        "18:56"
                    ],
                    "ср": [
                        "12:52",
                        "14:03",
                        "15:11",
                        "18:01",
                        "18:56"
                    ],
                    "чт": [
                        "12:52",
                        "14:03",
                        "15:11",
                        "18:01",
                        "18:56"
                    ],
                    "пт": [
                        "12:52",
                        "14:03",
                        "15:11",
                        "18:01",
                        "18:56"
                    ],
                    "сб": [],
                    "вс": []
                }
            },
            "СЭС": {
                "id": "64513",
                "schedule": {
                    "пн": [
                        "12:56",
                        "14:07",
                        "15:15",
                        "18:05",
                        "19:00"
                    ],
                    "вт": [
                        "12:56",
                        "14:07",
                        "15:15",
                        "18:05",
                        "19:00"
                    ],
                    "ср": [
                        "12:56",
                        "14:07",
                        "15:15",
                        "18:05",
                        "19:00"
                    ],
                    "чт": [
                        "12:56",
                        "14:07",
                        "15:15",
                        "18:05",
                        "19:00"
                    ],
                    "пт": [
                        "12:56",
                        "14:07",
                        "15:15",
                        "18:05",
                        "19:00"
                    ],
                    "сб": [],
                    "вс": []
                }
            }
        }
    }
}