{
    "4п": {
        "Автобусный парк № 2 ОАО МОАТ - Лучники (Центр)": {
            "Автобусный парк № 2 ОАО МОАТ": {
                "id": "36378",
                "schedule": {
                    "пн": [
                        "06:15"
                    ],
                    "вт": [
                        "06:15"
                    ],
                    "ср": [
                        "06:15"
                    ],
                    "чт": [
                        "06:15"
                    ],
                    "пт": [
                        "06:15"
                    ],
                    "сб": [],
                    "вс": []
                }
            },
            "Сыродельный комбинат": {
                "id": "34413",
                "schedule": {
                    "пн": [
                        "06:17"
                    ],
                    "вт": [
                        "06:17"
                    ],
                    "ср": [
                        "06:17"
                    ],
                    "чт": [
                        "06:17"
                    ],
                    "пт": [
                        "06:17"
                    ],
                    "сб": [],
                    "вс": []
                }
            },
            "Майский посад": {
                "id": "34541",
                "schedule": {
                    "пн": [
                        "06:18"
                    ],
                    "вт": [
                        "06:18"
                    ],
                    "ср": [
                        "06:18"
                    ],
                    "чт": [
                        "06:18"
                    ],
                    "пт": [
                        "06:18"
                    ],
                    "сб": [],
                    "вс": []
                }
            },
            "Городок": {
                "id": "5376",
                "schedule": {
                    "пн": [
                        "06:20"
                    ],
                    "вт": [
                        "06:20"
                    ],
                    "ср": [
                        "06:20"
                    ],
                    "чт": [
                        "06:20"
                    ],
                    "пт": [
                        "06:20"
                    ],
                    "сб": [],
                    "вс": []
                }
            },
            "Школа № 2": {
                "id": "5429",
                "schedule": {
                    "пн": [
                        "06:21"
                    ],
                    "вт": [
                        "06:21"
                    ],
                    "ср": [
                        "06:21"
                    ],
                    "чт": [
                        "06:21"
                    ],
                    "пт": [
                        "06:21"
                    ],
                    "сб": [],
                    "вс": []
                }
            },
            "Медицинский колледж": {
                "id": "5537",
                "schedule": {
                    "пн": [
                        "06:23"
                    ],
                    "вт": [
                        "06:23"
                    ],
                    "ср": [
                        "06:23"
                    ],
                    "чт": [
                        "06:23"
                    ],
                    "пт": [
                        "06:23"
                    ],
                    "сб": [],
                    "вс": []
                }
            },
            "Рынок": {
                "id": "5584",
                "schedule": {
                    "пн": [
                        "06:26"
                    ],
                    "вт": [
                        "06:26"
                    ],
                    "ср": [
                        "06:26"
                    ],
                    "чт": [
                        "06:26"
                    ],
                    "пт": [
                        "06:26"
                    ],
                    "сб": [],
                    "вс": []
                }
            },
            "Аптека № 80": {
                "id": "5553",
                "schedule": {
                    "пн": [
                        "06:28"
                    ],
                    "вт": [
                        "06:28"
                    ],
                    "ср": [
                        "06:28"
                    ],
                    "чт": [
                        "06:28"
                    ],
                    "пт": [
                        "06:28"
                    ],
                    "сб": [],
                    "вс": []
                }
            },
            "Библиотека": {
                "id": "36739",
                "schedule": {
                    "пн": [
                        "06:30"
                    ],
                    "вт": [
                        "06:30"
                    ],
                    "ср": [
                        "06:30"
                    ],
                    "чт": [
                        "06:30"
                    ],
                    "пт": [
                        "06:30"
                    ],
                    "сб": [],
                    "вс": []
                }
            },
            "Мебельная фабрика": {
                "id": "36759",
                "schedule": {
                    "пн": [
                        "06:32"
                    ],
                    "вт": [
                        "06:32"
                    ],
                    "ср": [
                        "06:32"
                    ],
                    "чт": [
                        "06:32"
                    ],
                    "пт": [
                        "06:32"
                    ],
                    "сб": [],
                    "вс": []
                }
            },
            "Комбинат хлебопродуктов": {
                "id": "36863",
                "schedule": {
                    "пн": [
                        "06:33"
                    ],
                    "вт": [
                        "06:33"
                    ],
                    "ср": [
                        "06:33"
                    ],
                    "чт": [
                        "06:33"
                    ],
                    "пт": [
                        "06:33"
                    ],
                    "сб": [],
                    "вс": []
                }
            },
            "Хлебозавод": {
                "id": "36855",
                "schedule": {
                    "пн": [
                        "06:34"
                    ],
                    "вт": [
                        "06:34"
                    ],
                    "ср": [
                        "06:34"
                    ],
                    "чт": [
                        "06:34"
                    ],
                    "пт": [
                        "06:34"
                    ],
                    "сб": [],
                    "вс": []
                }
            },
            "Лучники (школа)": {
                "id": "36813",
                "schedule": {
                    "пн": [
                        "06:36"
                    ],
                    "вт": [
                        "06:36"
                    ],
                    "ср": [
                        "06:36"
                    ],
                    "чт": [
                        "06:36"
                    ],
                    "пт": [
                        "06:36"
                    ],
                    "сб": [],
                    "вс": []
                }
            },
            "Центральная": {
                "id": "36614",
                "schedule": {
                    "пн": [
                        "06:37"
                    ],
                    "вт": [
                        "06:37"
                    ],
                    "ср": [
                        "06:37"
                    ],
                    "чт": [
                        "06:37"
                    ],
                    "пт": [
                        "06:37"
                    ],
                    "сб": [],
                    "вс": []
                }
            },
            "Юбилейная": {
                "id": "36665",
                "schedule": {
                    "пн": [
                        "06:38"
                    ],
                    "вт": [
                        "06:38"
                    ],
                    "ср": [
                        "06:38"
                    ],
                    "чт": [
                        "06:38"
                    ],
                    "пт": [
                        "06:38"
                    ],
                    "сб": [],
                    "вс": []
                }
            },
            "Лучники (Центр)": {
                "id": "36861",
                "schedule": {
                    "пн": [
                        "06:39"
                    ],
                    "вт": [
                        "06:39"
                    ],
                    "ср": [
                        "06:39"
                    ],
                    "чт": [
                        "06:39"
                    ],
                    "пт": [
                        "06:39"
                    ],
                    "сб": [],
                    "вс": []
                }
            }
        },
        "": {}
    }
}