{
    "5и": {
        "Автобусный парк №2 - Чехова": {
            "Автобусный парк №2": {
                "id": "34519",
                "schedule": {
                    "пн": [
                        "06:29"
                    ],
                    "вт": [
                        "06:29"
                    ],
                    "ср": [
                        "06:29"
                    ],
                    "чт": [
                        "06:29"
                    ],
                    "пт": [
                        "06:29"
                    ],
                    "сб": [],
                    "вс": []
                }
            },
            "Сыродельный комбинат": {
                "id": "34413",
                "schedule": {
                    "пн": [
                        "06:31"
                    ],
                    "вт": [
                        "06:31"
                    ],
                    "ср": [
                        "06:31"
                    ],
                    "чт": [
                        "06:31"
                    ],
                    "пт": [
                        "06:31"
                    ],
                    "сб": [],
                    "вс": []
                }
            },
            "Майский посад": {
                "id": "34541",
                "schedule": {
                    "пн": [
                        "06:32"
                    ],
                    "вт": [
                        "06:32"
                    ],
                    "ср": [
                        "06:32"
                    ],
                    "чт": [
                        "06:32"
                    ],
                    "пт": [
                        "06:32"
                    ],
                    "сб": [],
                    "вс": []
                }
            },
            "Городок": {
                "id": "5376",
                "schedule": {
                    "пн": [
                        "06:34"
                    ],
                    "вт": [
                        "06:34"
                    ],
                    "ср": [
                        "06:34"
                    ],
                    "чт": [
                        "06:34"
                    ],
                    "пт": [
                        "06:34"
                    ],
                    "сб": [],
                    "вс": []
                }
            },
            "Школа № 2": {
                "id": "5429",
                "schedule": {
                    "пн": [
                        "06:35"
                    ],
                    "вт": [
                        "06:35"
                    ],
                    "ср": [
                        "06:35"
                    ],
                    "чт": [
                        "06:35"
                    ],
                    "пт": [
                        "06:35"
                    ],
                    "сб": [],
                    "вс": []
                }
            },
            "Медицинский колледж": {
                "id": "5537",
                "schedule": {
                    "пн": [
                        "06:37"
                    ],
                    "вт": [
                        "06:37"
                    ],
                    "ср": [
                        "06:37"
                    ],
                    "чт": [
                        "06:37"
                    ],
                    "пт": [
                        "06:37"
                    ],
                    "сб": [],
                    "вс": []
                }
            },
            "Рынок": {
                "id": "5584",
                "schedule": {
                    "пн": [
                        "06:40"
                    ],
                    "вт": [
                        "06:40"
                    ],
                    "ср": [
                        "06:40"
                    ],
                    "чт": [
                        "06:40"
                    ],
                    "пт": [
                        "06:40"
                    ],
                    "сб": [],
                    "вс": []
                }
            },
            "Аптека № 80": {
                "id": "5553",
                "schedule": {
                    "пн": [
                        "06:42"
                    ],
                    "вт": [
                        "06:42"
                    ],
                    "ср": [
                        "06:42"
                    ],
                    "чт": [
                        "06:42"
                    ],
                    "пт": [
                        "06:42"
                    ],
                    "сб": [],
                    "вс": []
                }
            },
            "Дом культуры": {
                "id": "5451",
                "schedule": {
                    "пн": [
                        "06:44"
                    ],
                    "вт": [
                        "06:44"
                    ],
                    "ср": [
                        "06:44"
                    ],
                    "чт": [
                        "06:44"
                    ],
                    "пт": [
                        "06:44"
                    ],
                    "сб": [],
                    "вс": []
                }
            },
            "1 Августа": {
                "id": "5413",
                "schedule": {
                    "пн": [
                        "06:47"
                    ],
                    "вт": [
                        "06:47"
                    ],
                    "ср": [
                        "06:47"
                    ],
                    "чт": [
                        "06:47"
                    ],
                    "пт": [
                        "06:47"
                    ],
                    "сб": [],
                    "вс": []
                }
            },
            "Зелёная": {
                "id": "5533",
                "schedule": {
                    "пн": [
                        "06:49"
                    ],
                    "вт": [
                        "06:49"
                    ],
                    "ср": [
                        "06:49"
                    ],
                    "чт": [
                        "06:49"
                    ],
                    "пт": [
                        "06:49"
                    ],
                    "сб": [],
                    "вс": []
                }
            },
            "Микрорайон Северный": {
                "id": "5587",
                "schedule": {
                    "пн": [
                        "06:51"
                    ],
                    "вт": [
                        "06:51"
                    ],
                    "ср": [
                        "06:51"
                    ],
                    "чт": [
                        "06:51"
                    ],
                    "пт": [
                        "06:51"
                    ],
                    "сб": [],
                    "вс": []
                }
            },
            "Ивановского": {
                "id": "5424",
                "schedule": {
                    "пн": [
                        "06:52"
                    ],
                    "вт": [
                        "06:52"
                    ],
                    "ср": [
                        "06:52"
                    ],
                    "чт": [
                        "06:52"
                    ],
                    "пт": [
                        "06:52"
                    ],
                    "сб": [],
                    "вс": []
                }
            },
            "Магистральная": {
                "id": "45065",
                "schedule": {
                    "пн": [
                        "06:54"
                    ],
                    "вт": [
                        "06:54"
                    ],
                    "ср": [
                        "06:54"
                    ],
                    "чт": [
                        "06:54"
                    ],
                    "пт": [
                        "06:54"
                    ],
                    "сб": [],
                    "вс": []
                }
            },
            "Костёл Святого Антония": {
                "id": "45069",
                "schedule": {
                    "пн": [
                        "06:55"
                    ],
                    "вт": [
                        "06:55"
                    ],
                    "ср": [
                        "06:55"
                    ],
                    "чт": [
                        "06:55"
                    ],
                    "пт": [
                        "06:55"
                    ],
                    "сб": [],
                    "вс": []
                }
            },
            "Школа № 11": {
                "id": "45149",
                "schedule": {
                    "пн": [
                        "06:57"
                    ],
                    "вт": [
                        "06:57"
                    ],
                    "ср": [
                        "06:57"
                    ],
                    "чт": [
                        "06:57"
                    ],
                    "пт": [
                        "06:57"
                    ],
                    "сб": [],
                    "вс": []
                }
            },
            "Чехова": {
                "id": "36856",
                "schedule": {
                    "пн": [
                        "06:59"
                    ],
                    "вт": [
                        "06:59"
                    ],
                    "ср": [
                        "06:59"
                    ],
                    "чт": [
                        "06:59"
                    ],
                    "пт": [
                        "06:59"
                    ],
                    "сб": [],
                    "вс": []
                }
            }
        },
        "": {}
    }
}