{
    "5л": {
        "Мясокомбинат - Индустриальный колледж": {
            "Мясокомбинат": {
                "id": "34544",
                "schedule": {
                    "пн": [
                        "07:55",
                        "15:35"
                    ],
                    "вт": [
                        "07:55",
                        "15:35"
                    ],
                    "ср": [
                        "07:55",
                        "15:35"
                    ],
                    "чт": [
                        "07:55",
                        "15:35"
                    ],
                    "пт": [
                        "07:55",
                        "15:35"
                    ],
                    "сб": [
                        "07:55",
                        "15:35"
                    ],
                    "вс": [
                        "07:55",
                        "15:35"
                    ]
                }
            },
            "Тутаринова": {
                "id": "34556",
                "schedule": {
                    "пн": [
                        "07:56",
                        "15:36"
                    ],
                    "вт": [
                        "07:56",
                        "15:36"
                    ],
                    "ср": [
                        "07:56",
                        "15:36"
                    ],
                    "чт": [
                        "07:56",
                        "15:36"
                    ],
                    "пт": [
                        "07:56",
                        "15:36"
                    ],
                    "сб": [
                        "07:56",
                        "15:36"
                    ],
                    "вс": [
                        "07:56",
                        "15:36"
                    ]
                }
            },
            "Сахарный комбинат": {
                "id": "34479",
                "schedule": {
                    "пн": [
                        "07:58",
                        "15:38"
                    ],
                    "вт": [
                        "07:58",
                        "15:38"
                    ],
                    "ср": [
                        "07:58",
                        "15:38"
                    ],
                    "чт": [
                        "07:58",
                        "15:38"
                    ],
                    "пт": [
                        "07:58",
                        "15:38"
                    ],
                    "сб": [
                        "07:58",
                        "15:38"
                    ],
                    "вс": [
                        "07:58",
                        "15:38"
                    ]
                }
            },
            "Сыродельный комбинат": {
                "id": "34413",
                "schedule": {
                    "пн": [
                        "07:59",
                        "15:39"
                    ],
                    "вт": [
                        "07:59",
                        "15:39"
                    ],
                    "ср": [
                        "07:59",
                        "15:39"
                    ],
                    "чт": [
                        "07:59",
                        "15:39"
                    ],
                    "пт": [
                        "07:59",
                        "15:39"
                    ],
                    "сб": [
                        "07:59",
                        "15:39"
                    ],
                    "вс": [
                        "07:59",
                        "15:39"
                    ]
                }
            },
            "Майский посад": {
                "id": "34541",
                "schedule": {
                    "пн": [
                        "08:00",
                        "15:40"
                    ],
                    "вт": [
                        "08:00",
                        "15:40"
                    ],
                    "ср": [
                        "08:00",
                        "15:40"
                    ],
                    "чт": [
                        "08:00",
                        "15:40"
                    ],
                    "пт": [
                        "08:00",
                        "15:40"
                    ],
                    "сб": [
                        "08:00",
                        "15:40"
                    ],
                    "вс": [
                        "08:00",
                        "15:40"
                    ]
                }
            },
            "Городок": {
                "id": "5376",
                "schedule": {
                    "пн": [
                        "08:02",
                        "15:42"
                    ],
                    "вт": [
                        "08:02",
                        "15:42"
                    ],
                    "ср": [
                        "08:02",
                        "15:42"
                    ],
                    "чт": [
                        "08:02",
                        "15:42"
                    ],
                    "пт": [
                        "08:02",
                        "15:42"
                    ],
                    "сб": [
                        "08:02",
                        "15:42"
                    ],
                    "вс": [
                        "08:02",
                        "15:42"
                    ]
                }
            },
            "Школа № 2": {
                "id": "5429",
                "schedule": {
                    "пн": [
                        "08:03",
                        "15:43"
                    ],
                    "вт": [
                        "08:03",
                        "15:43"
                    ],
                    "ср": [
                        "08:03",
                        "15:43"
                    ],
                    "чт": [
                        "08:03",
                        "15:43"
                    ],
                    "пт": [
                        "08:03",
                        "15:43"
                    ],
                    "сб": [
                        "08:03",
                        "15:43"
                    ],
                    "вс": [
                        "08:03",
                        "15:43"
                    ]
                }
            },
            "Медицинский колледж": {
                "id": "5537",
                "schedule": {
                    "пн": [
                        "08:05",
                        "15:45"
                    ],
                    "вт": [
                        "08:05",
                        "15:45"
                    ],
                    "ср": [
                        "08:05",
                        "15:45"
                    ],
                    "чт": [
                        "08:05",
                        "15:45"
                    ],
                    "пт": [
                        "08:05",
                        "15:45"
                    ],
                    "сб": [
                        "08:05",
                        "15:45"
                    ],
                    "вс": [
                        "08:05",
                        "15:45"
                    ]
                }
            },
            "Рынок": {
                "id": "5584",
                "schedule": {
                    "пн": [
                        "08:08",
                        "15:48"
                    ],
                    "вт": [
                        "08:08",
                        "15:48"
                    ],
                    "ср": [
                        "08:08",
                        "15:48"
                    ],
                    "чт": [
                        "08:08",
                        "15:48"
                    ],
                    "пт": [
                        "08:08",
                        "15:48"
                    ],
                    "сб": [
                        "08:08",
                        "15:48"
                    ],
                    "вс": [
                        "08:08",
                        "15:48"
                    ]
                }
            },
            "Аптека № 80": {
                "id": "5553",
                "schedule": {
                    "пн": [
                        "08:10",
                        "15:50"
                    ],
                    "вт": [
                        "08:10",
                        "15:50"
                    ],
                    "ср": [
                        "08:10",
                        "15:50"
                    ],
                    "чт": [
                        "08:10",
                        "15:50"
                    ],
                    "пт": [
                        "08:10",
                        "15:50"
                    ],
                    "сб": [
                        "08:10",
                        "15:50"
                    ],
                    "вс": [
                        "08:10",
                        "15:50"
                    ]
                }
            },
            "Дом культуры": {
                "id": "5451",
                "schedule": {
                    "пн": [
                        "08:12",
                        "15:52"
                    ],
                    "вт": [
                        "08:12",
                        "15:52"
                    ],
                    "ср": [
                        "08:12",
                        "15:52"
                    ],
                    "чт": [
                        "08:12",
                        "15:52"
                    ],
                    "пт": [
                        "08:12",
                        "15:52"
                    ],
                    "сб": [
                        "08:12",
                        "15:52"
                    ],
                    "вс": [
                        "08:12",
                        "15:52"
                    ]
                }
            },
            "1 Августа": {
                "id": "5413",
                "schedule": {
                    "пн": [
                        "08:15",
                        "15:55"
                    ],
                    "вт": [
                        "08:15",
                        "15:55"
                    ],
                    "ср": [
                        "08:15",
                        "15:55"
                    ],
                    "чт": [
                        "08:15",
                        "15:55"
                    ],
                    "пт": [
                        "08:15",
                        "15:55"
                    ],
                    "сб": [
                        "08:15",
                        "15:55"
                    ],
                    "вс": [
                        "08:15",
                        "15:55"
                    ]
                }
            },
            "Зелёная": {
                "id": "5533",
                "schedule": {
                    "пн": [
                        "08:17",
                        "15:57"
                    ],
                    "вт": [
                        "08:17",
                        "15:57"
                    ],
                    "ср": [
                        "08:17",
                        "15:57"
                    ],
                    "чт": [
                        "08:17",
                        "15:57"
                    ],
                    "пт": [
                        "08:17",
                        "15:57"
                    ],
                    "сб": [
                        "08:17",
                        "15:57"
                    ],
                    "вс": [
                        "08:17",
                        "15:57"
                    ]
                }
            },
            "Минская": {
                "id": "29880",
                "schedule": {
                    "пн": [
                        "08:19",
                        "15:59"
                    ],
                    "вт": [
                        "08:19",
                        "15:59"
                    ],
                    "ср": [
                        "08:19",
                        "15:59"
                    ],
                    "чт": [
                        "08:19",
                        "15:59"
                    ],
                    "пт": [
                        "08:19",
                        "15:59"
                    ],
                    "сб": [
                        "08:19",
                        "15:59"
                    ],
                    "вс": [
                        "08:19",
                        "15:59"
                    ]
                }
            },
            "Кольцевая": {
                "id": "29945",
                "schedule": {
                    "пн": [
                        "08:20",
                        "16:00"
                    ],
                    "вт": [
                        "08:20",
                        "16:00"
                    ],
                    "ср": [
                        "08:20",
                        "16:00"
                    ],
                    "чт": [
                        "08:20",
                        "16:00"
                    ],
                    "пт": [
                        "08:20",
                        "16:00"
                    ],
                    "сб": [
                        "08:20",
                        "16:00"
                    ],
                    "вс": [
                        "08:20",
                        "16:00"
                    ]
                }
            },
            "Индустриальный колледж": {
                "id": "22830",
                "schedule": {
                    "пн": [
                        "08:21",
                        "16:01"
                    ],
                    "вт": [
                        "08:21",
                        "16:01"
                    ],
                    "ср": [
                        "08:21",
                        "16:01"
                    ],
                    "чт": [
                        "08:21",
                        "16:01"
                    ],
                    "пт": [
                        "08:21",
                        "16:01"
                    ],
                    "сб": [
                        "08:21",
                        "16:01"
                    ],
                    "вс": [
                        "08:21",
                        "16:01"
                    ]
                }
            }
        },
        "Индустриальный колледж - Мясокомбинат": {
            "Индустриальный колледж": {
                "id": "22830",
                "schedule": {
                    "пн": [
                        "08:25",
                        "16:05"
                    ],
                    "вт": [
                        "08:25",
                        "16:05"
                    ],
                    "ср": [
                        "08:25",
                        "16:05"
                    ],
                    "чт": [
                        "08:25",
                        "16:05"
                    ],
                    "пт": [
                        "08:25",
                        "16:05"
                    ],
                    "сб": [
                        "08:25",
                        "16:05"
                    ],
                    "вс": [
                        "08:25",
                        "16:05"
                    ]
                }
            },
            "Кольцевая": {
                "id": "29717",
                "schedule": {
                    "пн": [
                        "08:26",
                        "16:06"
                    ],
                    "вт": [
                        "08:26",
                        "16:06"
                    ],
                    "ср": [
                        "08:26",
                        "16:06"
                    ],
                    "чт": [
                        "08:26",
                        "16:06"
                    ],
                    "пт": [
                        "08:26",
                        "16:06"
                    ],
                    "сб": [
                        "08:26",
                        "16:06"
                    ],
                    "вс": [
                        "08:26",
                        "16:06"
                    ]
                }
            },
            "Минская": {
                "id": "29836",
                "schedule": {
                    "пн": [
                        "08:27",
                        "16:07"
                    ],
                    "вт": [
                        "08:27",
                        "16:07"
                    ],
                    "ср": [
                        "08:27",
                        "16:07"
                    ],
                    "чт": [
                        "08:27",
                        "16:07"
                    ],
                    "пт": [
                        "08:27",
                        "16:07"
                    ],
                    "сб": [
                        "08:27",
                        "16:07"
                    ],
                    "вс": [
                        "08:27",
                        "16:07"
                    ]
                }
            },
            "Борисовца": {
                "id": "5398",
                "schedule": {
                    "пн": [
                        "08:29",
                        "16:09"
                    ],
                    "вт": [
                        "08:29",
                        "16:09"
                    ],
                    "ср": [
                        "08:29",
                        "16:09"
                    ],
                    "чт": [
                        "08:29",
                        "16:09"
                    ],
                    "пт": [
                        "08:29",
                        "16:09"
                    ],
                    "сб": [
                        "08:29",
                        "16:09"
                    ],
                    "вс": [
                        "08:29",
                        "16:09"
                    ]
                }
            },
            "Зелёная": {
                "id": "5586",
                "schedule": {
                    "пн": [
                        "08:30",
                        "16:10"
                    ],
                    "вт": [
                        "08:30",
                        "16:10"
                    ],
                    "ср": [
                        "08:30",
                        "16:10"
                    ],
                    "чт": [
                        "08:30",
                        "16:10"
                    ],
                    "пт": [
                        "08:30",
                        "16:10"
                    ],
                    "сб": [
                        "08:30",
                        "16:10"
                    ],
                    "вс": [
                        "08:30",
                        "16:10"
                    ]
                }
            },
            "1 Августа": {
                "id": "5532",
                "schedule": {
                    "пн": [
                        "08:31",
                        "16:11"
                    ],
                    "вт": [
                        "08:31",
                        "16:11"
                    ],
                    "ср": [
                        "08:31",
                        "16:11"
                    ],
                    "чт": [
                        "08:31",
                        "16:11"
                    ],
                    "пт": [
                        "08:31",
                        "16:11"
                    ],
                    "сб": [
                        "08:31",
                        "16:11"
                    ],
                    "вс": [
                        "08:31",
                        "16:11"
                    ]
                }
            },
            "Молодёжный центр": {
                "id": "5503",
                "schedule": {
                    "пн": [
                        "08:33",
                        "16:13"
                    ],
                    "вт": [
                        "08:33",
                        "16:13"
                    ],
                    "ср": [
                        "08:33",
                        "16:13"
                    ],
                    "чт": [
                        "08:33",
                        "16:13"
                    ],
                    "пт": [
                        "08:33",
                        "16:13"
                    ],
                    "сб": [
                        "08:33",
                        "16:13"
                    ],
                    "вс": [
                        "08:33",
                        "16:13"
                    ]
                }
            },
            "Дом культуры": {
                "id": "5384",
                "schedule": {
                    "пн": [
                        "08:35",
                        "16:15"
                    ],
                    "вт": [
                        "08:35",
                        "16:15"
                    ],
                    "ср": [
                        "08:35",
                        "16:15"
                    ],
                    "чт": [
                        "08:35",
                        "16:15"
                    ],
                    "пт": [
                        "08:35",
                        "16:15"
                    ],
                    "сб": [
                        "08:35",
                        "16:15"
                    ],
                    "вс": [
                        "08:35",
                        "16:15"
                    ]
                }
            },
            "Копыльская": {
                "id": "5513",
                "schedule": {
                    "пн": [
                        "08:37",
                        "16:17"
                    ],
                    "вт": [
                        "08:37",
                        "16:17"
                    ],
                    "ср": [
                        "08:37",
                        "16:17"
                    ],
                    "чт": [
                        "08:37",
                        "16:17"
                    ],
                    "пт": [
                        "08:37",
                        "16:17"
                    ],
                    "сб": [
                        "08:37",
                        "16:17"
                    ],
                    "вс": [
                        "08:37",
                        "16:17"
                    ]
                }
            },
            "Рынок": {
                "id": "5596",
                "schedule": {
                    "пн": [
                        "08:39",
                        "16:19"
                    ],
                    "вт": [
                        "08:39",
                        "16:19"
                    ],
                    "ср": [
                        "08:39",
                        "16:19"
                    ],
                    "чт": [
                        "08:39",
                        "16:19"
                    ],
                    "пт": [
                        "08:39",
                        "16:19"
                    ],
                    "сб": [
                        "08:39",
                        "16:19"
                    ],
                    "вс": [
                        "08:39",
                        "16:19"
                    ]
                }
            },
            "Медицинский колледж": {
                "id": "5626",
                "schedule": {
                    "пн": [
                        "08:42",
                        "16:22"
                    ],
                    "вт": [
                        "08:42",
                        "16:22"
                    ],
                    "ср": [
                        "08:42",
                        "16:22"
                    ],
                    "чт": [
                        "08:42",
                        "16:22"
                    ],
                    "пт": [
                        "08:42",
                        "16:22"
                    ],
                    "сб": [
                        "08:42",
                        "16:22"
                    ],
                    "вс": [
                        "08:42",
                        "16:22"
                    ]
                }
            },
            "Школа № 2": {
                "id": "5562",
                "schedule": {
                    "пн": [
                        "08:44",
                        "16:24"
                    ],
                    "вт": [
                        "08:44",
                        "16:24"
                    ],
                    "ср": [
                        "08:44",
                        "16:24"
                    ],
                    "чт": [
                        "08:44",
                        "16:24"
                    ],
                    "пт": [
                        "08:44",
                        "16:24"
                    ],
                    "сб": [
                        "08:44",
                        "16:24"
                    ],
                    "вс": [
                        "08:44",
                        "16:24"
                    ]
                }
            },
            "Городок": {
                "id": "34466",
                "schedule": {
                    "пн": [
                        "08:45",
                        "16:25"
                    ],
                    "вт": [
                        "08:45",
                        "16:25"
                    ],
                    "ср": [
                        "08:45",
                        "16:25"
                    ],
                    "чт": [
                        "08:45",
                        "16:25"
                    ],
                    "пт": [
                        "08:45",
                        "16:25"
                    ],
                    "сб": [
                        "08:45",
                        "16:25"
                    ],
                    "вс": [
                        "08:45",
                        "16:25"
                    ]
                }
            },
            "Майский посад": {
                "id": "34478",
                "schedule": {
                    "пн": [
                        "08:46",
                        "16:26"
                    ],
                    "вт": [
                        "08:46",
                        "16:26"
                    ],
                    "ср": [
                        "08:46",
                        "16:26"
                    ],
                    "чт": [
                        "08:46",
                        "16:26"
                    ],
                    "пт": [
                        "08:46",
                        "16:26"
                    ],
                    "сб": [
                        "08:46",
                        "16:26"
                    ],
                    "вс": [
                        "08:46",
                        "16:26"
                    ]
                }
            },
            "Сыродельный комбинат": {
                "id": "34503",
                "schedule": {
                    "пн": [
                        "08:48",
                        "16:28"
                    ],
                    "вт": [
                        "08:48",
                        "16:28"
                    ],
                    "ср": [
                        "08:48",
                        "16:28"
                    ],
                    "чт": [
                        "08:48",
                        "16:28"
                    ],
                    "пт": [
                        "08:48",
                        "16:28"
                    ],
                    "сб": [
                        "08:48",
                        "16:28"
                    ],
                    "вс": [
                        "08:48",
                        "16:28"
                    ]
                }
            },
            "Сахарный комбинат": {
                "id": "34402",
                "schedule": {
                    "пн": [
                        "08:49",
                        "16:29"
                    ],
                    "вт": [
                        "08:49",
                        "16:29"
                    ],
                    "ср": [
                        "08:49",
                        "16:29"
                    ],
                    "чт": [
                        "08:49",
                        "16:29"
                    ],
                    "пт": [
                        "08:49",
                        "16:29"
                    ],
                    "сб": [
                        "08:49",
                        "16:29"
                    ],
                    "вс": [
                        "08:49",
                        "16:29"
                    ]
                }
            },
            "Тутаринова": {
                "id": "34362",
                "schedule": {
                    "пн": [
                        "08:51",
                        "16:31"
                    ],
                    "вт": [
                        "08:51",
                        "16:31"
                    ],
                    "ср": [
                        "08:51",
                        "16:31"
                    ],
                    "чт": [
                        "08:51",
                        "16:31"
                    ],
                    "пт": [
                        "08:51",
                        "16:31"
                    ],
                    "сб": [
                        "08:51",
                        "16:31"
                    ],
                    "вс": [
                        "08:51",
                        "16:31"
                    ]
                }
            },
            "Мясокомбинат": {
                "id": "34544",
                "schedule": {
                    "пн": [
                        "08:52",
                        "16:32"
                    ],
                    "вт": [
                        "08:52",
                        "16:32"
                    ],
                    "ср": [
                        "08:52",
                        "16:32"
                    ],
                    "чт": [
                        "08:52",
                        "16:32"
                    ],
                    "пт": [
                        "08:52",
                        "16:32"
                    ],
                    "сб": [
                        "08:52",
                        "16:32"
                    ],
                    "вс": [
                        "08:52",
                        "16:32"
                    ]
                }
            }
        }
    }
}