{
    "7": {
        "Автобусный парк №2 - ССК": {
            "Автобусный парк №2": {
                "id": "34519",
                "schedule": {
                    "пн": [
                        "06:31",
                        "16:03"
                    ],
                    "вт": [
                        "06:31",
                        "16:03"
                    ],
                    "ср": [
                        "06:31",
                        "16:03"
                    ],
                    "чт": [
                        "06:31",
                        "16:03"
                    ],
                    "пт": [
                        "06:31",
                        "16:03"
                    ],
                    "сб": [],
                    "вс": []
                }
            },
            "Сыродельный комбинат": {
                "id": "34413",
                "schedule": {
                    "пн": [
                        "06:33",
                        "16:05"
                    ],
                    "вт": [
                        "06:33",
                        "16:05"
                    ],
                    "ср": [
                        "06:33",
                        "16:05"
                    ],
                    "чт": [
                        "06:33",
                        "16:05"
                    ],
                    "пт": [
                        "06:33",
                        "16:05"
                    ],
                    "сб": [],
                    "вс": []
                }
            },
            "Майский посад": {
                "id": "34541",
                "schedule": {
                    "пн": [
                        "06:34",
                        "16:06"
                    ],
                    "вт": [
                        "06:34",
                        "16:06"
                    ],
                    "ср": [
                        "06:34",
                        "16:06"
                    ],
                    "чт": [
                        "06:34",
                        "16:06"
                    ],
                    "пт": [
                        "06:34",
                        "16:06"
                    ],
                    "сб": [],
                    "вс": []
                }
            },
            "Городок": {
                "id": "5376",
                "schedule": {
                    "пн": [
                        "06:36",
                        "16:08"
                    ],
                    "вт": [
                        "06:36",
                        "16:08"
                    ],
                    "ср": [
                        "06:36",
                        "16:08"
                    ],
                    "чт": [
                        "06:36",
                        "16:08"
                    ],
                    "пт": [
                        "06:36",
                        "16:08"
                    ],
                    "сб": [],
                    "вс": []
                }
            },
            "Школа № 2": {
                "id": "5429",
                "schedule": {
                    "пн": [
                        "06:37",
                        "16:09"
                    ],
                    "вт": [
                        "06:37",
                        "16:09"
                    ],
                    "ср": [
                        "06:37",
                        "16:09"
                    ],
                    "чт": [
                        "06:37",
                        "16:09"
                    ],
                    "пт": [
                        "06:37",
                        "16:09"
                    ],
                    "сб": [],
                    "вс": []
                }
            },
            "Медицинский колледж": {
                "id": "5537",
                "schedule": {
                    "пн": [
                        "06:39",
                        "16:11"
                    ],
                    "вт": [
                        "06:39",
                        "16:11"
                    ],
                    "ср": [
                        "06:39",
                        "16:11"
                    ],
                    "чт": [
                        "06:39",
                        "16:11"
                    ],
                    "пт": [
                        "06:39",
                        "16:11"
                    ],
                    "сб": [],
                    "вс": []
                }
            },
            "Рынок": {
                "id": "5584",
                "schedule": {
                    "пн": [
                        "06:42",
                        "16:14"
                    ],
                    "вт": [
                        "06:42",
                        "16:14"
                    ],
                    "ср": [
                        "06:42",
                        "16:14"
                    ],
                    "чт": [
                        "06:42",
                        "16:14"
                    ],
                    "пт": [
                        "06:42",
                        "16:14"
                    ],
                    "сб": [],
                    "вс": []
                }
            },
            "Аптека № 80": {
                "id": "5553",
                "schedule": {
                    "пн": [
                        "06:44",
                        "16:16"
                    ],
                    "вт": [
                        "06:44",
                        "16:16"
                    ],
                    "ср": [
                        "06:44",
                        "16:16"
                    ],
                    "чт": [
                        "06:44",
                        "16:16"
                    ],
                    "пт": [
                        "06:44",
                        "16:16"
                    ],
                    "сб": [],
                    "вс": []
                }
            },
            "Дом культуры": {
                "id": "5384",
                "schedule": {
                    "пн": [
                        "07:11",
                        "16:43"
                    ],
                    "вт": [
                        "07:11",
                        "16:43"
                    ],
                    "ср": [
                        "07:11",
                        "16:43"
                    ],
                    "чт": [
                        "07:11",
                        "16:43"
                    ],
                    "пт": [
                        "07:11",
                        "16:43"
                    ],
                    "сб": [],
                    "вс": []
                }
            },
            "1 Августа": {
                "id": "5532",
                "schedule": {
                    "пн": [
                        "07:07",
                        "16:39"
                    ],
                    "вт": [
                        "07:07",
                        "16:39"
                    ],
                    "ср": [
                        "07:07",
                        "16:39"
                    ],
                    "чт": [
                        "07:07",
                        "16:39"
                    ],
                    "пт": [
                        "07:07",
                        "16:39"
                    ],
                    "сб": [],
                    "вс": []
                }
            },
            "Зелёная": {
                "id": "5586",
                "schedule": {
                    "пн": [
                        "07:06",
                        "16:38"
                    ],
                    "вт": [
                        "07:06",
                        "16:38"
                    ],
                    "ср": [
                        "07:06",
                        "16:38"
                    ],
                    "чт": [
                        "07:06",
                        "16:38"
                    ],
                    "пт": [
                        "07:06",
                        "16:38"
                    ],
                    "сб": [],
                    "вс": []
                }
            },
            "Микрорайон Северный": {
                "id": "5541",
                "schedule": {
                    "пн": [
                        "07:03",
                        "16:35"
                    ],
                    "вт": [
                        "07:03",
                        "16:35"
                    ],
                    "ср": [
                        "07:03",
                        "16:35"
                    ],
                    "чт": [
                        "07:03",
                        "16:35"
                    ],
                    "пт": [
                        "07:03",
                        "16:35"
                    ],
                    "сб": [],
                    "вс": []
                }
            },
            "Ивановского": {
                "id": "5424",
                "schedule": {
                    "пн": [
                        "06:54",
                        "16:26"
                    ],
                    "вт": [
                        "06:54",
                        "16:26"
                    ],
                    "ср": [
                        "06:54",
                        "16:26"
                    ],
                    "чт": [
                        "06:54",
                        "16:26"
                    ],
                    "пт": [
                        "06:54",
                        "16:26"
                    ],
                    "сб": [],
                    "вс": []
                }
            },
            "Магистральная": {
                "id": "45065",
                "schedule": {
                    "пн": [
                        "06:56",
                        "16:28"
                    ],
                    "вт": [
                        "06:56",
                        "16:28"
                    ],
                    "ср": [
                        "06:56",
                        "16:28"
                    ],
                    "чт": [
                        "06:56",
                        "16:28"
                    ],
                    "пт": [
                        "06:56",
                        "16:28"
                    ],
                    "сб": [],
                    "вс": []
                }
            },
            "Костёл Святого Антония": {
                "id": "45069",
                "schedule": {
                    "пн": [
                        "06:57",
                        "16:29"
                    ],
                    "вт": [
                        "06:57",
                        "16:29"
                    ],
                    "ср": [
                        "06:57",
                        "16:29"
                    ],
                    "чт": [
                        "06:57",
                        "16:29"
                    ],
                    "пт": [
                        "06:57",
                        "16:29"
                    ],
                    "сб": [],
                    "вс": []
                }
            },
            "Школа № 11": {
                "id": "45149",
                "schedule": {
                    "пн": [
                        "06:59",
                        "16:31"
                    ],
                    "вт": [
                        "06:59",
                        "16:31"
                    ],
                    "ср": [
                        "06:59",
                        "16:31"
                    ],
                    "чт": [
                        "06:59",
                        "16:31"
                    ],
                    "пт": [
                        "06:59",
                        "16:31"
                    ],
                    "сб": [],
                    "вс": []
                }
            },
            "Чехова": {
                "id": "36856",
                "schedule": {
                    "пн": [
                        "07:01",
                        "16:33"
                    ],
                    "вт": [
                        "07:01",
                        "16:33"
                    ],
                    "ср": [
                        "07:01",
                        "16:33"
                    ],
                    "чт": [
                        "07:01",
                        "16:33"
                    ],
                    "пт": [
                        "07:01",
                        "16:33"
                    ],
                    "сб": [],
                    "вс": []
                }
            },
            "Борисовца": {
                "id": "5398",
                "schedule": {
                    "пн": [
                        "07:05",
                        "16:37"
                    ],
                    "вт": [
                        "07:05",
                        "16:37"
                    ],
                    "ср": [
                        "07:05",
                        "16:37"
                    ],
                    "чт": [
                        "07:05",
                        "16:37"
                    ],
                    "пт": [
                        "07:05",
                        "16:37"
                    ],
                    "сб": [],
                    "вс": []
                }
            },
            "Молодёжный центр": {
                "id": "5503",
                "schedule": {
                    "пн": [
                        "07:09",
                        "16:41"
                    ],
                    "вт": [
                        "07:09",
                        "16:41"
                    ],
                    "ср": [
                        "07:09",
                        "16:41"
                    ],
                    "чт": [
                        "07:09",
                        "16:41"
                    ],
                    "пт": [
                        "07:09",
                        "16:41"
                    ],
                    "сб": [],
                    "вс": []
                }
            },
            "Слуцкие Пояса": {
                "id": "13779",
                "schedule": {
                    "пн": [
                        "07:15",
                        "16:47"
                    ],
                    "вт": [
                        "07:15",
                        "16:47"
                    ],
                    "ср": [
                        "07:15",
                        "16:47"
                    ],
                    "чт": [
                        "07:15",
                        "16:47"
                    ],
                    "пт": [
                        "07:15",
                        "16:47"
                    ],
                    "сб": [],
                    "вс": []
                }
            },
            "Проектный институт": {
                "id": "13733",
                "schedule": {
                    "пн": [
                        "07:16",
                        "16:48"
                    ],
                    "вт": [
                        "07:16",
                        "16:48"
                    ],
                    "ср": [
                        "07:16",
                        "16:48"
                    ],
                    "чт": [
                        "07:16",
                        "16:48"
                    ],
                    "пт": [
                        "07:16",
                        "16:48"
                    ],
                    "сб": [],
                    "вс": []
                }
            },
            "Уреченская": {
                "id": "13753",
                "schedule": {
                    "пн": [
                        "07:17",
                        "16:49"
                    ],
                    "вт": [
                        "07:17",
                        "16:49"
                    ],
                    "ср": [
                        "07:17",
                        "16:49"
                    ],
                    "чт": [
                        "07:17",
                        "16:49"
                    ],
                    "пт": [
                        "07:17",
                        "16:49"
                    ],
                    "сб": [],
                    "вс": []
                }
            },
            "Экологический центр": {
                "id": "51629",
                "schedule": {
                    "пн": [
                        "07:19",
                        "16:51"
                    ],
                    "вт": [
                        "07:19",
                        "16:51"
                    ],
                    "ср": [
                        "07:19",
                        "16:51"
                    ],
                    "чт": [
                        "07:19",
                        "16:51"
                    ],
                    "пт": [
                        "07:19",
                        "16:51"
                    ],
                    "сб": [],
                    "вс": []
                }
            },
            "Дружная": {
                "id": "51495",
                "schedule": {
                    "пн": [
                        "07:20",
                        "16:52"
                    ],
                    "вт": [
                        "07:20",
                        "16:52"
                    ],
                    "ср": [
                        "07:20",
                        "16:52"
                    ],
                    "чт": [
                        "07:20",
                        "16:52"
                    ],
                    "пт": [
                        "07:20",
                        "16:52"
                    ],
                    "сб": [],
                    "вс": []
                }
            },
            "Любанская": {
                "id": "51506",
                "schedule": {
                    "пн": [
                        "07:22",
                        "16:54"
                    ],
                    "вт": [
                        "07:22",
                        "16:54"
                    ],
                    "ср": [
                        "07:22",
                        "16:54"
                    ],
                    "чт": [
                        "07:22",
                        "16:54"
                    ],
                    "пт": [
                        "07:22",
                        "16:54"
                    ],
                    "сб": [],
                    "вс": []
                }
            },
            "Микрорайон Новодворцы": {
                "id": "51577",
                "schedule": {
                    "пн": [
                        "07:23",
                        "16:55"
                    ],
                    "вт": [
                        "07:23",
                        "16:55"
                    ],
                    "ср": [
                        "07:23",
                        "16:55"
                    ],
                    "чт": [
                        "07:23",
                        "16:55"
                    ],
                    "пт": [
                        "07:23",
                        "16:55"
                    ],
                    "сб": [],
                    "вс": []
                }
            },
            "РСУ": {
                "id": "51539",
                "schedule": {
                    "пн": [
                        "07:24",
                        "16:56"
                    ],
                    "вт": [
                        "07:24",
                        "16:56"
                    ],
                    "ср": [
                        "07:24",
                        "16:56"
                    ],
                    "чт": [
                        "07:24",
                        "16:56"
                    ],
                    "пт": [
                        "07:24",
                        "16:56"
                    ],
                    "сб": [],
                    "вс": []
                }
            },
            "ССК": {
                "id": "51624",
                "schedule": {
                    "пн": [
                        "07:26",
                        "16:58"
                    ],
                    "вт": [
                        "07:26",
                        "16:58"
                    ],
                    "ср": [
                        "07:26",
                        "16:58"
                    ],
                    "чт": [
                        "07:26",
                        "16:58"
                    ],
                    "пт": [
                        "07:26",
                        "16:58"
                    ],
                    "сб": [],
                    "вс": []
                }
            }
        },
        "ССК - Автобусный парк №2": {
            "ССК": {
                "id": "51624",
                "schedule": {
                    "пн": [
                        "07:29",
                        "17:12"
                    ],
                    "вт": [
                        "07:29",
                        "17:12"
                    ],
                    "ср": [
                        "07:29",
                        "17:12"
                    ],
                    "чт": [
                        "07:29",
                        "17:12"
                    ],
                    "пт": [
                        "07:29",
                        "17:12"
                    ],
                    "сб": [],
                    "вс": []
                }
            },
            "РСУ": {
                "id": "51572",
                "schedule": {
                    "пн": [
                        "07:31",
                        "17:14"
                    ],
                    "вт": [
                        "07:31",
                        "17:14"
                    ],
                    "ср": [
                        "07:31",
                        "17:14"
                    ],
                    "чт": [
                        "07:31",
                        "17:14"
                    ],
                    "пт": [
                        "07:31",
                        "17:14"
                    ],
                    "сб": [],
                    "вс": []
                }
            },
            "Микрорайон Новодворцы": {
                "id": "51658",
                "schedule": {
                    "пн": [
                        "07:32",
                        "17:15"
                    ],
                    "вт": [
                        "07:32",
                        "17:15"
                    ],
                    "ср": [
                        "07:32",
                        "17:15"
                    ],
                    "чт": [
                        "07:32",
                        "17:15"
                    ],
                    "пт": [
                        "07:32",
                        "17:15"
                    ],
                    "сб": [],
                    "вс": []
                }
            },
            "Любанская": {
                "id": "51682",
                "schedule": {
                    "пн": [
                        "07:33",
                        "17:16"
                    ],
                    "вт": [
                        "07:33",
                        "17:16"
                    ],
                    "ср": [
                        "07:33",
                        "17:16"
                    ],
                    "чт": [
                        "07:33",
                        "17:16"
                    ],
                    "пт": [
                        "07:33",
                        "17:16"
                    ],
                    "сб": [],
                    "вс": []
                }
            },
            "Дружная": {
                "id": "51632",
                "schedule": {
                    "пн": [
                        "07:35",
                        "17:18"
                    ],
                    "вт": [
                        "07:35",
                        "17:18"
                    ],
                    "ср": [
                        "07:35",
                        "17:18"
                    ],
                    "чт": [
                        "07:35",
                        "17:18"
                    ],
                    "пт": [
                        "07:35",
                        "17:18"
                    ],
                    "сб": [],
                    "вс": []
                }
            },
            "Экологический центр": {
                "id": "51515",
                "schedule": {
                    "пн": [
                        "07:36",
                        "17:19"
                    ],
                    "вт": [
                        "07:36",
                        "17:19"
                    ],
                    "ср": [
                        "07:36",
                        "17:19"
                    ],
                    "чт": [
                        "07:36",
                        "17:19"
                    ],
                    "пт": [
                        "07:36",
                        "17:19"
                    ],
                    "сб": [],
                    "вс": []
                }
            },
            "Уреченская": {
                "id": "22815",
                "schedule": {
                    "пн": [
                        "07:38",
                        "17:21"
                    ],
                    "вт": [
                        "07:38",
                        "17:21"
                    ],
                    "ср": [
                        "07:38",
                        "17:21"
                    ],
                    "чт": [
                        "07:38",
                        "17:21"
                    ],
                    "пт": [
                        "07:38",
                        "17:21"
                    ],
                    "сб": [],
                    "вс": []
                }
            },
            "Проектный институт": {
                "id": "13616",
                "schedule": {
                    "пн": [
                        "07:39",
                        "17:22"
                    ],
                    "вт": [
                        "07:39",
                        "17:22"
                    ],
                    "ср": [
                        "07:39",
                        "17:22"
                    ],
                    "чт": [
                        "07:39",
                        "17:22"
                    ],
                    "пт": [
                        "07:39",
                        "17:22"
                    ],
                    "сб": [],
                    "вс": []
                }
            },
            "Типография": {
                "id": "13738",
                "schedule": {
                    "пн": [
                        "07:40",
                        "17:23"
                    ],
                    "вт": [
                        "07:40",
                        "17:23"
                    ],
                    "ср": [
                        "07:40",
                        "17:23"
                    ],
                    "чт": [
                        "07:40",
                        "17:23"
                    ],
                    "пт": [
                        "07:40",
                        "17:23"
                    ],
                    "сб": [],
                    "вс": []
                }
            },
            "Дом культуры": {
                "id": "5384",
                "schedule": {
                    "пн": [
                        "08:08",
                        "17:51"
                    ],
                    "вт": [
                        "08:08",
                        "17:51"
                    ],
                    "ср": [
                        "08:08",
                        "17:51"
                    ],
                    "чт": [
                        "08:08",
                        "17:51"
                    ],
                    "пт": [
                        "08:08",
                        "17:51"
                    ],
                    "сб": [],
                    "вс": []
                }
            },
            "1 Августа": {
                "id": "5532",
                "schedule": {
                    "пн": [
                        "08:04",
                        "17:47"
                    ],
                    "вт": [
                        "08:04",
                        "17:47"
                    ],
                    "ср": [
                        "08:04",
                        "17:47"
                    ],
                    "чт": [
                        "08:04",
                        "17:47"
                    ],
                    "пт": [
                        "08:04",
                        "17:47"
                    ],
                    "сб": [],
                    "вс": []
                }
            },
            "Зелёная": {
                "id": "5586",
                "schedule": {
                    "пн": [
                        "08:03",
                        "17:46"
                    ],
                    "вт": [
                        "08:03",
                        "17:46"
                    ],
                    "ср": [
                        "08:03",
                        "17:46"
                    ],
                    "чт": [
                        "08:03",
                        "17:46"
                    ],
                    "пт": [
                        "08:03",
                        "17:46"
                    ],
                    "сб": [],
                    "вс": []
                }
            },
            "Микрорайон Северный": {
                "id": "5541",
                "schedule": {
                    "пн": [
                        "08:00",
                        "17:43"
                    ],
                    "вт": [
                        "08:00",
                        "17:43"
                    ],
                    "ср": [
                        "08:00",
                        "17:43"
                    ],
                    "чт": [
                        "08:00",
                        "17:43"
                    ],
                    "пт": [
                        "08:00",
                        "17:43"
                    ],
                    "сб": [],
                    "вс": []
                }
            },
            "Чехова": {
                "id": "36791",
                "schedule": {
                    "пн": [
                        "07:52",
                        "17:35"
                    ],
                    "вт": [
                        "07:52",
                        "17:35"
                    ],
                    "ср": [
                        "07:52",
                        "17:35"
                    ],
                    "чт": [
                        "07:52",
                        "17:35"
                    ],
                    "пт": [
                        "07:52",
                        "17:35"
                    ],
                    "сб": [],
                    "вс": []
                }
            },
            "Школа № 11": {
                "id": "45071",
                "schedule": {
                    "пн": [
                        "07:54",
                        "17:37"
                    ],
                    "вт": [
                        "07:54",
                        "17:37"
                    ],
                    "ср": [
                        "07:54",
                        "17:37"
                    ],
                    "чт": [
                        "07:54",
                        "17:37"
                    ],
                    "пт": [
                        "07:54",
                        "17:37"
                    ],
                    "сб": [],
                    "вс": []
                }
            },
            "Кадетское училище": {
                "id": "61127",
                "schedule": {
                    "пн": [
                        "07:56",
                        "17:39"
                    ],
                    "вт": [
                        "07:56",
                        "17:39"
                    ],
                    "ср": [
                        "07:56",
                        "17:39"
                    ],
                    "чт": [
                        "07:56",
                        "17:39"
                    ],
                    "пт": [
                        "07:56",
                        "17:39"
                    ],
                    "сб": [],
                    "вс": []
                }
            },
            "Магистральная": {
                "id": "54181",
                "schedule": {
                    "пн": [
                        "07:57",
                        "17:40"
                    ],
                    "вт": [
                        "07:57",
                        "17:40"
                    ],
                    "ср": [
                        "07:57",
                        "17:40"
                    ],
                    "чт": [
                        "07:57",
                        "17:40"
                    ],
                    "пт": [
                        "07:57",
                        "17:40"
                    ],
                    "сб": [],
                    "вс": []
                }
            },
            "Ивановского": {
                "id": "5561",
                "schedule": {
                    "пн": [
                        "07:58",
                        "17:41"
                    ],
                    "вт": [
                        "07:58",
                        "17:41"
                    ],
                    "ср": [
                        "07:58",
                        "17:41"
                    ],
                    "чт": [
                        "07:58",
                        "17:41"
                    ],
                    "пт": [
                        "07:58",
                        "17:41"
                    ],
                    "сб": [],
                    "вс": []
                }
            },
            "Борисовца": {
                "id": "5398",
                "schedule": {
                    "пн": [
                        "08:02",
                        "17:45"
                    ],
                    "вт": [
                        "08:02",
                        "17:45"
                    ],
                    "ср": [
                        "08:02",
                        "17:45"
                    ],
                    "чт": [
                        "08:02",
                        "17:45"
                    ],
                    "пт": [
                        "08:02",
                        "17:45"
                    ],
                    "сб": [],
                    "вс": []
                }
            },
            "Молодёжный центр": {
                "id": "5503",
                "schedule": {
                    "пн": [
                        "08:06",
                        "17:49"
                    ],
                    "вт": [
                        "08:06",
                        "17:49"
                    ],
                    "ср": [
                        "08:06",
                        "17:49"
                    ],
                    "чт": [
                        "08:06",
                        "17:49"
                    ],
                    "пт": [
                        "08:06",
                        "17:49"
                    ],
                    "сб": [],
                    "вс": []
                }
            },
            "Копыльская": {
                "id": "5513",
                "schedule": {
                    "пн": [
                        "08:10",
                        "17:53"
                    ],
                    "вт": [
                        "08:10",
                        "17:53"
                    ],
                    "ср": [
                        "08:10",
                        "17:53"
                    ],
                    "чт": [
                        "08:10",
                        "17:53"
                    ],
                    "пт": [
                        "08:10",
                        "17:53"
                    ],
                    "сб": [],
                    "вс": []
                }
            },
            "Рынок": {
                "id": "5596",
                "schedule": {
                    "пн": [
                        "08:12",
                        "17:55"
                    ],
                    "вт": [
                        "08:12",
                        "17:55"
                    ],
                    "ср": [
                        "08:12",
                        "17:55"
                    ],
                    "чт": [
                        "08:12",
                        "17:55"
                    ],
                    "пт": [
                        "08:12",
                        "17:55"
                    ],
                    "сб": [],
                    "вс": []
                }
            },
            "Медицинский колледж": {
                "id": "5626",
                "schedule": {
                    "пн": [
                        "08:15",
                        "17:58"
                    ],
                    "вт": [
                        "08:15",
                        "17:58"
                    ],
                    "ср": [
                        "08:15",
                        "17:58"
                    ],
                    "чт": [
                        "08:15",
                        "17:58"
                    ],
                    "пт": [
                        "08:15",
                        "17:58"
                    ],
                    "сб": [],
                    "вс": []
                }
            },
            "Школа № 2": {
                "id": "5562",
                "schedule": {
                    "пн": [
                        "08:17",
                        "18:00"
                    ],
                    "вт": [
                        "08:17",
                        "18:00"
                    ],
                    "ср": [
                        "08:17",
                        "18:00"
                    ],
                    "чт": [
                        "08:17",
                        "18:00"
                    ],
                    "пт": [
                        "08:17",
                        "18:00"
                    ],
                    "сб": [],
                    "вс": []
                }
            },
            "Городок": {
                "id": "34466",
                "schedule": {
                    "пн": [
                        "08:18",
                        "18:01"
                    ],
                    "вт": [
                        "08:18",
                        "18:01"
                    ],
                    "ср": [
                        "08:18",
                        "18:01"
                    ],
                    "чт": [
                        "08:18",
                        "18:01"
                    ],
                    "пт": [
                        "08:18",
                        "18:01"
                    ],
                    "сб": [],
                    "вс": []
                }
            },
            "Майский посад": {
                "id": "34478",
                "schedule": {
                    "пн": [
                        "08:19",
                        "18:02"
                    ],
                    "вт": [
                        "08:19",
                        "18:02"
                    ],
                    "ср": [
                        "08:19",
                        "18:02"
                    ],
                    "чт": [
                        "08:19",
                        "18:02"
                    ],
                    "пт": [
                        "08:19",
                        "18:02"
                    ],
                    "сб": [],
                    "вс": []
                }
            },
            "Сыродельный комбинат": {
                "id": "34503",
                "schedule": {
                    "пн": [
                        "08:21",
                        "18:04"
                    ],
                    "вт": [
                        "08:21",
                        "18:04"
                    ],
                    "ср": [
                        "08:21",
                        "18:04"
                    ],
                    "чт": [
                        "08:21",
                        "18:04"
                    ],
                    "пт": [
                        "08:21",
                        "18:04"
                    ],
                    "сб": [],
                    "вс": []
                }
            },
            "Автобусный парк №2": {
                "id": "34519",
                "schedule": {
                    "пн": [
                        "08:23",
                        "18:06"
                    ],
                    "вт": [
                        "08:23",
                        "18:06"
                    ],
                    "ср": [
                        "08:23",
                        "18:06"
                    ],
                    "чт": [
                        "08:23",
                        "18:06"
                    ],
                    "пт": [
                        "08:23",
                        "18:06"
                    ],
                    "сб": [],
                    "вс": []
                }
            }
        }
    }
}