{
    "8": {
        "Автобусный парк №2 - 14-й городок": {
            "Автобусный парк №2": {
                "id": "34519",
                "schedule": {
                    "пн": [
                        "06:58"
                    ],
                    "вт": [
                        "06:58"
                    ],
                    "ср": [
                        "06:58"
                    ],
                    "чт": [
                        "06:58"
                    ],
                    "пт": [
                        "06:58"
                    ],
                    "сб": [],
                    "вс": []
                }
            },
            "Сыродельный комбинат": {
                "id": "34413",
                "schedule": {
                    "пн": [
                        "07:00"
                    ],
                    "вт": [
                        "07:00"
                    ],
                    "ср": [
                        "07:00"
                    ],
                    "чт": [
                        "07:00"
                    ],
                    "пт": [
                        "07:00"
                    ],
                    "сб": [],
                    "вс": []
                }
            },
            "Майский посад": {
                "id": "34541",
                "schedule": {
                    "пн": [
                        "07:01"
                    ],
                    "вт": [
                        "07:01"
                    ],
                    "ср": [
                        "07:01"
                    ],
                    "чт": [
                        "07:01"
                    ],
                    "пт": [
                        "07:01"
                    ],
                    "сб": [],
                    "вс": []
                }
            },
            "Городок": {
                "id": "5376",
                "schedule": {
                    "пн": [
                        "07:03"
                    ],
                    "вт": [
                        "07:03"
                    ],
                    "ср": [
                        "07:03"
                    ],
                    "чт": [
                        "07:03"
                    ],
                    "пт": [
                        "07:03"
                    ],
                    "сб": [],
                    "вс": []
                }
            },
            "Школа № 2": {
                "id": "5429",
                "schedule": {
                    "пн": [
                        "07:04"
                    ],
                    "вт": [
                        "07:04"
                    ],
                    "ср": [
                        "07:04"
                    ],
                    "чт": [
                        "07:04"
                    ],
                    "пт": [
                        "07:04"
                    ],
                    "сб": [],
                    "вс": []
                }
            },
            "Медицинский колледж": {
                "id": "5537",
                "schedule": {
                    "пн": [
                        "07:06"
                    ],
                    "вт": [
                        "07:06"
                    ],
                    "ср": [
                        "07:06"
                    ],
                    "чт": [
                        "07:06"
                    ],
                    "пт": [
                        "07:06"
                    ],
                    "сб": [],
                    "вс": []
                }
            },
            "Рынок": {
                "id": "5584",
                "schedule": {
                    "пн": [
                        "07:09"
                    ],
                    "вт": [
                        "07:09"
                    ],
                    "ср": [
                        "07:09"
                    ],
                    "чт": [
                        "07:09"
                    ],
                    "пт": [
                        "07:09"
                    ],
                    "сб": [],
                    "вс": []
                }
            },
            "Аптека № 80": {
                "id": "5553",
                "schedule": {
                    "пн": [
                        "07:11"
                    ],
                    "вт": [
                        "07:11"
                    ],
                    "ср": [
                        "07:11"
                    ],
                    "чт": [
                        "07:11"
                    ],
                    "пт": [
                        "07:11"
                    ],
                    "сб": [],
                    "вс": []
                }
            },
            "Дом культуры": {
                "id": "5451",
                "schedule": {
                    "пн": [
                        "07:13"
                    ],
                    "вт": [
                        "07:13"
                    ],
                    "ср": [
                        "07:13"
                    ],
                    "чт": [
                        "07:13"
                    ],
                    "пт": [
                        "07:13"
                    ],
                    "сб": [],
                    "вс": []
                }
            },
            "Молодёжный центр": {
                "id": "5608",
                "schedule": {
                    "пн": [
                        "07:15"
                    ],
                    "вт": [
                        "07:15"
                    ],
                    "ср": [
                        "07:15"
                    ],
                    "чт": [
                        "07:15"
                    ],
                    "пт": [
                        "07:15"
                    ],
                    "сб": [],
                    "вс": []
                }
            },
            "Советская": {
                "id": "5432",
                "schedule": {
                    "пн": [
                        "07:17"
                    ],
                    "вт": [
                        "07:17"
                    ],
                    "ср": [
                        "07:17"
                    ],
                    "чт": [
                        "07:17"
                    ],
                    "пт": [
                        "07:17"
                    ],
                    "сб": [],
                    "вс": []
                }
            },
            "Пушкина": {
                "id": "5529",
                "schedule": {
                    "пн": [
                        "07:19"
                    ],
                    "вт": [
                        "07:19"
                    ],
                    "ср": [
                        "07:19"
                    ],
                    "чт": [
                        "07:19"
                    ],
                    "пт": [
                        "07:19"
                    ],
                    "сб": [],
                    "вс": []
                }
            },
            "Суворова": {
                "id": "5505",
                "schedule": {
                    "пн": [
                        "07:20"
                    ],
                    "вт": [
                        "07:20"
                    ],
                    "ср": [
                        "07:20"
                    ],
                    "чт": [
                        "07:20"
                    ],
                    "пт": [
                        "07:20"
                    ],
                    "сб": [],
                    "вс": []
                }
            },
            "Школа № 9": {
                "id": "5525",
                "schedule": {
                    "пн": [
                        "07:22"
                    ],
                    "вт": [
                        "07:22"
                    ],
                    "ср": [
                        "07:22"
                    ],
                    "чт": [
                        "07:22"
                    ],
                    "пт": [
                        "07:22"
                    ],
                    "сб": [],
                    "вс": []
                }
            },
            "14-й городок": {
                "id": "5378",
                "schedule": {
                    "пн": [
                        "07:24"
                    ],
                    "вт": [
                        "07:24"
                    ],
                    "ср": [
                        "07:24"
                    ],
                    "чт": [
                        "07:24"
                    ],
                    "пт": [
                        "07:24"
                    ],
                    "сб": [],
                    "вс": []
                }
            }
        },
        "14-й городок - Автобусный парк №2": {
            "14-й городок": {
                "id": "5378",
                "schedule": {
                    "пн": [
                        "07:26"
                    ],
                    "вт": [
                        "07:26"
                    ],
                    "ср": [
                        "07:26"
                    ],
                    "чт": [
                        "07:26"
                    ],
                    "пт": [
                        "07:26"
                    ],
                    "сб": [],
                    "вс": []
                }
            },
            "Школа № 9": {
                "id": "53612",
                "schedule": {
                    "пн": [
                        "07:28"
                    ],
                    "вт": [
                        "07:28"
                    ],
                    "ср": [
                        "07:28"
                    ],
                    "чт": [
                        "07:28"
                    ],
                    "пт": [
                        "07:28"
                    ],
                    "сб": [],
                    "вс": []
                }
            },
            "Суворова": {
                "id": "5577",
                "schedule": {
                    "пн": [
                        "07:30"
                    ],
                    "вт": [
                        "07:30"
                    ],
                    "ср": [
                        "07:30"
                    ],
                    "чт": [
                        "07:30"
                    ],
                    "пт": [
                        "07:30"
                    ],
                    "сб": [],
                    "вс": []
                }
            },
            "Пушкина": {
                "id": "5585",
                "schedule": {
                    "пн": [
                        "07:31"
                    ],
                    "вт": [
                        "07:31"
                    ],
                    "ср": [
                        "07:31"
                    ],
                    "чт": [
                        "07:31"
                    ],
                    "пт": [
                        "07:31"
                    ],
                    "сб": [],
                    "вс": []
                }
            },
            "Советская": {
                "id": "5547",
                "schedule": {
                    "пн": [
                        "07:33"
                    ],
                    "вт": [
                        "07:33"
                    ],
                    "ср": [
                        "07:33"
                    ],
                    "чт": [
                        "07:33"
                    ],
                    "пт": [
                        "07:33"
                    ],
                    "сб": [],
                    "вс": []
                }
            },
            "Молодёжный центр": {
                "id": "5503",
                "schedule": {
                    "пн": [
                        "07:35"
                    ],
                    "вт": [
                        "07:35"
                    ],
                    "ср": [
                        "07:35"
                    ],
                    "чт": [
                        "07:35"
                    ],
                    "пт": [
                        "07:35"
                    ],
                    "сб": [],
                    "вс": []
                }
            },
            "Дом культуры": {
                "id": "5384",
                "schedule": {
                    "пн": [
                        "07:37"
                    ],
                    "вт": [
                        "07:37"
                    ],
                    "ср": [
                        "07:37"
                    ],
                    "чт": [
                        "07:37"
                    ],
                    "пт": [
                        "07:37"
                    ],
                    "сб": [],
                    "вс": []
                }
            },
            "Копыльская": {
                "id": "5513",
                "schedule": {
                    "пн": [
                        "07:39"
                    ],
                    "вт": [
                        "07:39"
                    ],
                    "ср": [
                        "07:39"
                    ],
                    "чт": [
                        "07:39"
                    ],
                    "пт": [
                        "07:39"
                    ],
                    "сб": [],
                    "вс": []
                }
            },
            "Рынок": {
                "id": "5596",
                "schedule": {
                    "пн": [
                        "07:41"
                    ],
                    "вт": [
                        "07:41"
                    ],
                    "ср": [
                        "07:41"
                    ],
                    "чт": [
                        "07:41"
                    ],
                    "пт": [
                        "07:41"
                    ],
                    "сб": [],
                    "вс": []
                }
            },
            "Медицинский колледж": {
                "id": "5626",
                "schedule": {
                    "пн": [
                        "07:44"
                    ],
                    "вт": [
                        "07:44"
                    ],
                    "ср": [
                        "07:44"
                    ],
                    "чт": [
                        "07:44"
                    ],
                    "пт": [
                        "07:44"
                    ],
                    "сб": [],
                    "вс": []
                }
            },
            "Школа № 2": {
                "id": "5562",
                "schedule": {
                    "пн": [
                        "07:46"
                    ],
                    "вт": [
                        "07:46"
                    ],
                    "ср": [
                        "07:46"
                    ],
                    "чт": [
                        "07:46"
                    ],
                    "пт": [
                        "07:46"
                    ],
                    "сб": [],
                    "вс": []
                }
            },
            "Городок": {
                "id": "34466",
                "schedule": {
                    "пн": [
                        "07:47"
                    ],
                    "вт": [
                        "07:47"
                    ],
                    "ср": [
                        "07:47"
                    ],
                    "чт": [
                        "07:47"
                    ],
                    "пт": [
                        "07:47"
                    ],
                    "сб": [],
                    "вс": []
                }
            },
            "Майский посад": {
                "id": "34478",
                "schedule": {
                    "пн": [
                        "07:48"
                    ],
                    "вт": [
                        "07:48"
                    ],
                    "ср": [
                        "07:48"
                    ],
                    "чт": [
                        "07:48"
                    ],
                    "пт": [
                        "07:48"
                    ],
                    "сб": [],
                    "вс": []
                }
            },
            "Сыродельный комбинат": {
                "id": "34503",
                "schedule": {
                    "пн": [
                        "07:50"
                    ],
                    "вт": [
                        "07:50"
                    ],
                    "ср": [
                        "07:50"
                    ],
                    "чт": [
                        "07:50"
                    ],
                    "пт": [
                        "07:50"
                    ],
                    "сб": [],
                    "вс": []
                }
            },
            "Автобусный парк №2": {
                "id": "34519",
                "schedule": {
                    "пн": [
                        "07:52"
                    ],
                    "вт": [
                        "07:52"
                    ],
                    "ср": [
                        "07:52"
                    ],
                    "чт": [
                        "07:52"
                    ],
                    "пт": [
                        "07:52"
                    ],
                    "сб": [],
                    "вс": []
                }
            }
        }
    }
}